id	Time	Description	SourceType	Latitude	Longitude	NumStations	Author	Path
1301981400	2011-04-04T22:30:00	Tornado, southeast of Jackson, MS	Meteorological	32.03	-89.9	1	Vernon et al., 2012	events/2011/Infrasound_Event_12654656
1304477170	2011-05-04T02:46:10	AELUMA event 1304477170	Infrasound	34.17	-96.08	30	EarthScope DS AELUMA	events/2011/Infrasound_Event_11591611
1304560270	2011-05-05T01:51:10	AELUMA event 1304560270	Infrasound	30.02	-88.75	26	EarthScope DS AELUMA	events/2011/Infrasound_Event_11591693
1305575760	2011-05-16T12:56:00	Space Shuttle Endeavour launch, Florida	Rocket launch	28.61	-80.6	80	EarthScope DS TAIRED	events/2011/Infrasound_Event_12658139
1305575760	2011-05-16T13:02:15	Off east coast of US	Bulletin event	30.64	-79.67	82	ISC	events/2011/Infrasound_Event_12658239
1306887250	2011-06-01T00:14:10	AELUMA event 1306887250	Infrasound	34.37	-85.7	44	EarthScope DS AELUMA	events/2011/Infrasound_Event_11591814
1306934400	2011-06-01T06:20:00	Space Shuttle Endeavour re-entry, Florida	Rocket re-entry	26.14	-81.8	32	EarthScope DS TAIRED	events/2011/Infrasound_Event_12659057
1306911570	2011-06-01T06:59:30	AELUMA event 1306911570	Infrasound	29.72	-87.48	50	EarthScope DS AELUMA	events/2011/Infrasound_Event_11591935
1306911850	2011-06-01T07:04:10	AELUMA event 1306911850	Infrasound	31.73	-86.83	44	EarthScope DS AELUMA	events/2011/Infrasound_Event_11592056
1306980730	2011-06-02T02:12:10	AELUMA event 1306980730	Infrasound	31.45	-85.5	34	EarthScope DS AELUMA	events/2011/Infrasound_Event_11592178
1306982120	2011-06-02T02:35:20	AELUMA event 1306982120	Infrasound	32.73	-85.4	36	EarthScope DS AELUMA	events/2011/Infrasound_Event_11592300
1307053060	2011-06-02T22:17:40	AELUMA event 1307053060	Infrasound	32.82	-85.38	41	EarthScope DS AELUMA	events/2011/Infrasound_Event_11592423
1307053930	2011-06-02T22:32:10	AELUMA event 1307053930	Infrasound	32.58	-85.4	40	EarthScope DS AELUMA	events/2011/Infrasound_Event_11592546
1307065720	2011-06-03T01:48:40	AELUMA event 1307065720	Infrasound	31.97	-87.47	27	EarthScope DS AELUMA	events/2011/Infrasound_Event_11592669
1307144050	2011-06-03T23:34:10	AELUMA event 1307144050	Infrasound	32.07	-86.17	37	EarthScope DS AELUMA	events/2011/Infrasound_Event_11592792
1307453940	2011-06-07T13:39:00	AELUMA event 1307453940	Infrasound	32.22	-86.73	34	EarthScope DS AELUMA	events/2011/Infrasound_Event_11592916
1307541180	2011-06-08T13:53:00	AELUMA event 1307541180	Infrasound	31.97	-85.5	23	EarthScope DS AELUMA	events/2011/Infrasound_Event_11593040
1308018160	2011-06-14T02:22:40	AELUMA event 1308018160	Infrasound	33.87	-85.6	37	EarthScope DS AELUMA	events/2011/Infrasound_Event_11593176
1308102820	2011-06-15T01:53:40	AELUMA event 1308102820	Infrasound	28.77	-88.27	30	EarthScope DS AELUMA	events/2011/Infrasound_Event_11593312
1308188730	2011-06-16T01:45:30	AELUMA event 1308188730	Infrasound	29.53	-88.6	71	EarthScope DS AELUMA	events/2011/Infrasound_Event_11593450
1308189680	2011-06-16T02:01:20	AELUMA event 1308189680	Infrasound	30.08	-88.32	41	EarthScope DS AELUMA	events/2011/Infrasound_Event_11593588
1308273910	2011-06-17T01:25:10	AELUMA event 1308273910	Infrasound	29.15	-88.7	35	EarthScope DS AELUMA	events/2011/Infrasound_Event_11593728
1308787690	2011-06-23T00:08:10	AELUMA event 1308787690	Infrasound	32.3	-85.45	27	EarthScope DS AELUMA	events/2011/Infrasound_Event_11593882
1309357740	2011-06-29T14:29:00	AELUMA event 1309357740	Infrasound	32.02	-85.45	39	EarthScope DS AELUMA	events/2011/Infrasound_Event_11594041
1309446260	2011-06-30T15:04:20	AELUMA event 1309446260	Infrasound	30.65	-86.67	34	EarthScope DS AELUMA	events/2011/Infrasound_Event_11594200
1309671040	2011-07-03T05:30:40	AELUMA event 1309671040	Infrasound	34.17	-85.65	42	EarthScope DS AELUMA	events/2011/Infrasound_Event_11594359
1309705670	2011-07-03T15:07:50	AELUMA event 1309705670	Infrasound	29.35	-88.13	27	EarthScope DS AELUMA	events/2011/Infrasound_Event_11594518
1309875090	2011-07-05T14:11:30	AELUMA event 1309875090	Infrasound	31.17	-89.18	38	EarthScope DS AELUMA	events/2011/Infrasound_Event_11594678
1309963500	2011-07-06T14:45:00	AELUMA event 1309963500	Infrasound	29.4	-88.32	41	EarthScope DS AELUMA	events/2011/Infrasound_Event_11594838
1309963500	2011-07-06T14:46:40	Unknown source, New Orleans	Unknown	29.62	-89.07	100	Walker (2012)	events/2011/Infrasound_Event_12660094
1310164140	2011-07-08T15:29:00	Space Shuttle Atlantis launch, Florida	Rocket launch	28.61	-80.6	94	EarthScope DS TAIRED	events/2011/Infrasound_Event_12657195
1310166435	2011-07-08T16:07:15	Georgia	Bulletin event	33.95	-82.68	109	ISC	events/2011/Infrasound_Event_12665954
1310482260	2011-07-12T14:51:00	AELUMA event 1310482260	Infrasound	30.53	-86.45	28	EarthScope DS AELUMA	events/2011/Infrasound_Event_11594999
1310521840	2011-07-13T01:50:40	AELUMA event 1310521840	Infrasound	32.02	-85.45	31	EarthScope DS AELUMA	events/2011/Infrasound_Event_11595160
1310651190	2011-07-14T13:46:30	AELUMA event 1310651190	Infrasound	29.73	-88.8	31	EarthScope DS AELUMA	events/2011/Infrasound_Event_11595322
1310741960	2011-07-15T14:59:20	AELUMA event 1310741960	Infrasound	30.58	-86.55	34	EarthScope DS AELUMA	events/2011/Infrasound_Event_11595484
1310800310	2011-07-16T07:11:50	AELUMA event 1310800310	Infrasound	30.38	-86.03	57	EarthScope DS AELUMA	events/2011/Infrasound_Event_11595646
1311084440	2011-07-19T14:07:20	AELUMA event 1311084440	Infrasound	32.87	-85.65	42	EarthScope DS AELUMA	events/2011/Infrasound_Event_11595812
1311089600	2011-07-19T15:33:20	AELUMA event 1311089600	Infrasound	29.98	-88.8	34	EarthScope DS AELUMA	events/2011/Infrasound_Event_11595978
1311163490	2011-07-20T12:04:50	AELUMA event 1311163490	Infrasound	33.63	-87.47	46	EarthScope DS AELUMA	events/2011/Infrasound_Event_11596145
1311170540	2011-07-20T14:02:20	AELUMA event 1311170540	Infrasound	29.83	-89.13	28	EarthScope DS AELUMA	events/2011/Infrasound_Event_11596312
1311170990	2011-07-20T14:09:50	AELUMA event 1311170990	Infrasound	29.45	-88.47	33	EarthScope DS AELUMA	events/2011/Infrasound_Event_11596479
1311200180	2011-07-20T22:16:20	AELUMA event 1311200180	Infrasound	29.25	-86.8	39	EarthScope DS AELUMA	events/2011/Infrasound_Event_11596646
1311266580	2011-07-21T09:43:00	Space Shuttle Atlantis re-entry, Florida	Rocket re-entry	26.14	-81.8	77	EarthScope DS TAIRED	events/2011/Infrasound_Event_12658768
1311243580	2011-07-21T10:19:40	AELUMA event 1311243580	Infrasound	29.48	-87.17	60	EarthScope DS AELUMA	events/2011/Infrasound_Event_11596814
1311244220	2011-07-21T10:30:20	AELUMA event 1311244220	Infrasound	32.5	-87.25	60	EarthScope DS AELUMA	events/2011/Infrasound_Event_11596982
1311255660	2011-07-21T13:41:00	AELUMA event 1311255660	Infrasound	29.83	-88.55	51	EarthScope DS AELUMA	events/2011/Infrasound_Event_11597150
1311283800	2011-07-21T14:30:00	Unknown source	Unknown	32.09	-87.74	112	EarthScope DS TAIRED	events/2011/Infrasound_Event_12658936
1311263490	2011-07-21T15:51:30	AELUMA event 1311263490	Infrasound	30.68	-87.0	33	EarthScope DS AELUMA	events/2011/Infrasound_Event_11597318
1311266700	2011-07-21T16:45:00	AELUMA event 1311266700	Infrasound	31.18	-85.75	29	EarthScope DS AELUMA	events/2011/Infrasound_Event_11597486
1311301490	2011-07-22T02:24:50	AELUMA event 1311301490	Infrasound	32.02	-85.45	51	EarthScope DS AELUMA	events/2011/Infrasound_Event_11597655
1311427960	2011-07-23T13:32:40	AELUMA event 1311427960	Infrasound	31.35	-85.5	28	EarthScope DS AELUMA	events/2011/Infrasound_Event_11597826
1311772970	2011-07-27T13:22:50	AELUMA event 1311772970	Infrasound	31.82	-85.45	44	EarthScope DS AELUMA	events/2011/Infrasound_Event_11598002
1311774360	2011-07-27T13:46:00	AELUMA event 1311774360	Infrasound	31.83	-85.45	41	EarthScope DS AELUMA	events/2011/Infrasound_Event_11598178
1311861180	2011-07-28T13:53:00	AELUMA event 1311861180	Infrasound	31.25	-85.5	30	EarthScope DS AELUMA	events/2011/Infrasound_Event_11598355
1311862040	2011-07-28T14:07:20	AELUMA event 1311862040	Infrasound	31.45	-85.5	30	EarthScope DS AELUMA	events/2011/Infrasound_Event_11598532
1311951040	2011-07-29T14:50:40	AELUMA event 1311951040	Infrasound	31.88	-85.45	21	EarthScope DS AELUMA	events/2011/Infrasound_Event_11598711
1312292830	2011-08-02T13:47:10	AELUMA event 1312292830	Infrasound	29.92	-86.88	33	EarthScope DS AELUMA	events/2011/Infrasound_Event_11598893
1312319180	2011-08-02T21:06:20	AELUMA event 1312319180	Infrasound	31.48	-85.5	27	EarthScope DS AELUMA	events/2011/Infrasound_Event_11599075
1312326300	2011-08-02T23:05:00	AELUMA event 1312326300	Infrasound	33.73	-87.65	30	EarthScope DS AELUMA	events/2011/Infrasound_Event_11599259
1312552110	2011-08-05T13:48:30	AELUMA event 1312552110	Infrasound	31.73	-85.45	25	EarthScope DS AELUMA	events/2011/Infrasound_Event_11599447
1312553000	2011-08-05T14:03:20	AELUMA event 1312553000	Infrasound	31.58	-85.5	26	EarthScope DS AELUMA	events/2011/Infrasound_Event_11599635
1312586700	2011-08-05T16:25:00	Juno Atlas 5 rocket launch, Florida	Rocket launch	28.58	-80.58	107	EarthScope DS TAIRED	events/2011/Infrasound_Event_12653109
1313023580	2011-08-11T00:46:20	AELUMA event 1313023580	Infrasound	31.17	-85.5	30	EarthScope DS AELUMA	events/2011/Infrasound_Event_11599829
1313109570	2011-08-12T00:39:30	AELUMA event 1313109570	Infrasound	32.25	-85.5	47	EarthScope DS AELUMA	events/2011/Infrasound_Event_11600024
1313109820	2011-08-12T00:43:40	AELUMA event 1313109820	Infrasound	34.2	-85.63	36	EarthScope DS AELUMA	events/2011/Infrasound_Event_11600219
1313117080	2011-08-12T02:44:40	AELUMA event 1313117080	Infrasound	29.15	-86.98	47	EarthScope DS AELUMA	events/2011/Infrasound_Event_11600414
1313506610	2011-08-16T14:56:50	AELUMA event 1313506610	Infrasound	30.65	-86.43	49	EarthScope DS AELUMA	events/2011/Infrasound_Event_11600617
1313542500	2011-08-17T00:55:00	AELUMA event 1313542500	Infrasound	33.35	-85.5	36	EarthScope DS AELUMA	events/2011/Infrasound_Event_11600821
1313542650	2011-08-17T00:57:30	AELUMA event 1313542650	Infrasound	35.47	-86.62	23	EarthScope DS AELUMA	events/2011/Infrasound_Event_11601025
1313634750	2011-08-18T02:32:30	AELUMA event 1313634750	Infrasound	37.58	-86.17	26	EarthScope DS AELUMA	events/2011/Infrasound_Event_11601231
1313636500	2011-08-18T03:01:40	AELUMA event 1313636500	Infrasound	37.43	-86.22	24	EarthScope DS AELUMA	events/2011/Infrasound_Event_11601437
1313636540	2011-08-18T03:02:20	AELUMA event 1313636540	Infrasound	34.78	-86.17	31	EarthScope DS AELUMA	events/2011/Infrasound_Event_11601643
1313637140	2011-08-18T03:12:20	AELUMA event 1313637140	Infrasound	33.93	-85.65	50	EarthScope DS AELUMA	events/2011/Infrasound_Event_11601849
1313677350	2011-08-18T14:22:30	AELUMA event 1313677350	Infrasound	31.83	-85.6	24	EarthScope DS AELUMA	events/2011/Infrasound_Event_11602055
1313679100	2011-08-18T14:51:40	AELUMA event 1313679100	Infrasound	32.77	-85.65	25	EarthScope DS AELUMA	events/2011/Infrasound_Event_11602261
1313724520	2011-08-19T03:28:40	AELUMA event 1313724520	Infrasound	37.85	-86.17	27	EarthScope DS AELUMA	events/2011/Infrasound_Event_11602469
1313724590	2011-08-19T03:29:50	AELUMA event 1313724590	Infrasound	36.38	-86.27	41	EarthScope DS AELUMA	events/2011/Infrasound_Event_11602677
1313724650	2011-08-19T03:30:50	AELUMA event 1313724650	Infrasound	33.35	-85.5	46	EarthScope DS AELUMA	events/2011/Infrasound_Event_11602885
1313760720	2011-08-19T13:32:00	AELUMA event 1313760720	Infrasound	31.93	-85.45	40	EarthScope DS AELUMA	events/2011/Infrasound_Event_11603093
1313762260	2011-08-19T13:57:40	AELUMA event 1313762260	Infrasound	32.13	-85.45	41	EarthScope DS AELUMA	events/2011/Infrasound_Event_11603301
1313764620	2011-08-19T14:37:00	AELUMA event 1313764620	Infrasound	32.15	-85.45	29	EarthScope DS AELUMA	events/2011/Infrasound_Event_11603509
1313766040	2011-08-19T15:00:40	AELUMA event 1313766040	Infrasound	30.43	-86.3	35	EarthScope DS AELUMA	events/2011/Infrasound_Event_11603717
1314147064	2011-08-23T17:51:04	MW 5.7 Virginia	Bulletin event	37.91	-77.93	35	ISC	events/2011/Infrasound_Event_12653873
1314153140	2011-08-24T02:32:20	AELUMA event 1314153140	Infrasound	34.28	-85.7	53	EarthScope DS AELUMA	events/2011/Infrasound_Event_11603932
1314159920	2011-08-24T04:25:20	AELUMA event 1314159920	Infrasound	33.97	-85.6	46	EarthScope DS AELUMA	events/2011/Infrasound_Event_11604147
1314234190	2011-08-25T01:03:10	AELUMA event 1314234190	Infrasound	34.03	-85.6	44	EarthScope DS AELUMA	events/2011/Infrasound_Event_11604364
1314234230	2011-08-25T01:03:50	AELUMA event 1314234230	Infrasound	36.47	-86.45	45	EarthScope DS AELUMA	events/2011/Infrasound_Event_11604581
1314629450	2011-08-29T14:50:50	AELUMA event 1314629450	Infrasound	30.55	-86.57	41	EarthScope DS AELUMA	events/2011/Infrasound_Event_11604803
1314632490	2011-08-29T15:41:30	AELUMA event 1314632490	Infrasound	30.82	-86.42	30	EarthScope DS AELUMA	events/2011/Infrasound_Event_11605025
1315578550	2011-09-09T14:29:10	AELUMA event 1315578550	Infrasound	33.68	-87.17	38	EarthScope DS AELUMA	events/2011/Infrasound_Event_11605257
1316139700	2011-09-16T02:21:40	AELUMA event 1316139700	Infrasound	36.68	-95.57	26	EarthScope DS AELUMA	events/2011/Infrasound_Event_11605498
1316486070	2011-09-20T02:34:30	AELUMA event 1316486070	Infrasound	34.88	-97.13	36	EarthScope DS AELUMA	events/2011/Infrasound_Event_11605742
1316486160	2011-09-20T02:36:00	AELUMA event 1316486160	Infrasound	37.7	-96.6	31	EarthScope DS AELUMA	events/2011/Infrasound_Event_11605986
1316561150	2011-09-20T23:25:50	AELUMA event 1316561150	Infrasound	30.3	-87.75	43	EarthScope DS AELUMA	events/2011/Infrasound_Event_11606231
1316642350	2011-09-21T21:59:10	AELUMA event 1316642350	Infrasound	30.3	-86.78	45	EarthScope DS AELUMA	events/2011/Infrasound_Event_11606476
1317172250	2011-09-28T01:10:50	AELUMA event 1317172250	Infrasound	41.35	-97.52	25	EarthScope DS AELUMA	events/2011/Infrasound_Event_11606724
1317247020	2011-09-28T21:57:00	AELUMA event 1317247020	Infrasound	32.88	-94.97	31	EarthScope DS AELUMA	events/2011/Infrasound_Event_11606972
1317247490	2011-09-28T22:04:50	AELUMA event 1317247490	Infrasound	37.32	-96.33	38	EarthScope DS AELUMA	events/2011/Infrasound_Event_11607220
1317249430	2011-09-28T22:37:10	AELUMA event 1317249430	Infrasound	42.1	-97.43	32	EarthScope DS AELUMA	events/2011/Infrasound_Event_11607468
1317251470	2011-09-28T23:11:10	AELUMA event 1317251470	Infrasound	44.08	-96.98	31	EarthScope DS AELUMA	events/2011/Infrasound_Event_11607716
1317251770	2011-09-28T23:16:10	AELUMA event 1317251770	Infrasound	45.68	-95.37	23	EarthScope DS AELUMA	events/2011/Infrasound_Event_11607964
1317331400	2011-09-29T21:23:20	AELUMA event 1317331400	Infrasound	31.92	-95.28	23	EarthScope DS AELUMA	events/2011/Infrasound_Event_11608212
1317333120	2011-09-29T21:52:00	AELUMA event 1317333120	Infrasound	32.45	-95.8	30	EarthScope DS AELUMA	events/2011/Infrasound_Event_11608460
1317512410	2011-10-01T23:40:10	AELUMA event 1317512410	Infrasound	43.68	-97.03	30	EarthScope DS AELUMA	events/2011/Infrasound_Event_11608710
1317512790	2011-10-01T23:46:30	AELUMA event 1317512790	Infrasound	41.07	-96.42	33	EarthScope DS AELUMA	events/2011/Infrasound_Event_11608960
1317679360	2011-10-03T22:02:40	AELUMA event 1317679360	Infrasound	36.68	-95.08	39	EarthScope DS AELUMA	events/2011/Infrasound_Event_11609210
1317682860	2011-10-03T23:01:00	AELUMA event 1317682860	Infrasound	44.07	-96.73	36	EarthScope DS AELUMA	events/2011/Infrasound_Event_11609460
1317682960	2011-10-03T23:02:40	AELUMA event 1317682960	Infrasound	41.02	-96.47	24	EarthScope DS AELUMA	events/2011/Infrasound_Event_11609710
1317683180	2011-10-03T23:06:20	AELUMA event 1317683180	Infrasound	38.78	-96.35	27	EarthScope DS AELUMA	events/2011/Infrasound_Event_11609960
1317765130	2011-10-04T21:52:10	AELUMA event 1317765130	Infrasound	34.4	-96.73	49	EarthScope DS AELUMA	events/2011/Infrasound_Event_11610210
1317765300	2011-10-04T21:55:00	AELUMA event 1317765300	Infrasound	31.63	-95.8	44	EarthScope DS AELUMA	events/2011/Infrasound_Event_11610460
1317856100	2011-10-05T23:08:20	AELUMA event 1317856100	Infrasound	32.32	-95.85	51	EarthScope DS AELUMA	events/2011/Infrasound_Event_11610711
1317856180	2011-10-05T23:09:40	AELUMA event 1317856180	Infrasound	31.15	-95.5	22	EarthScope DS AELUMA	events/2011/Infrasound_Event_11610962
1317856230	2011-10-05T23:10:30	AELUMA event 1317856230	Infrasound	34.43	-95.83	39	EarthScope DS AELUMA	events/2011/Infrasound_Event_11611213
1318549910	2011-10-13T23:51:50	AELUMA event 1318549910	Infrasound	32.67	-95.95	33	EarthScope DS AELUMA	events/2011/Infrasound_Event_11611475
1318550820	2011-10-14T00:07:00	AELUMA event 1318550820	Infrasound	33.5	-95.9	35	EarthScope DS AELUMA	events/2011/Infrasound_Event_11611737
1318626670	2011-10-14T21:11:10	AELUMA event 1318626670	Infrasound	31.57	-95.8	39	EarthScope DS AELUMA	events/2011/Infrasound_Event_11611999
1318628290	2011-10-14T21:38:10	AELUMA event 1318628290	Infrasound	31.97	-95.85	43	EarthScope DS AELUMA	events/2011/Infrasound_Event_11612261
1318629890	2011-10-14T22:04:50	AELUMA event 1318629890	Infrasound	33.92	-96.1	47	EarthScope DS AELUMA	events/2011/Infrasound_Event_11612523
1319147610	2011-10-20T21:53:30	AELUMA event 1319147610	Infrasound	31.25	-95.5	29	EarthScope DS AELUMA	events/2011/Infrasound_Event_11612791
1319156060	2011-10-21T00:14:20	AELUMA event 1319156060	Infrasound	35.0	-96.73	37	EarthScope DS AELUMA	events/2011/Infrasound_Event_11613061
1319161950	2011-10-21T01:52:30	AELUMA event 1319161950	Infrasound	37.68	-96.62	28	EarthScope DS AELUMA	events/2011/Infrasound_Event_11613331
1319229390	2011-10-21T20:36:30	AELUMA event 1319229390	Infrasound	31.53	-95.8	30	EarthScope DS AELUMA	events/2011/Infrasound_Event_11613601
1319231030	2011-10-21T21:03:50	AELUMA event 1319231030	Infrasound	33.78	-96.75	33	EarthScope DS AELUMA	events/2011/Infrasound_Event_11613871
1319231150	2011-10-21T21:05:50	AELUMA event 1319231150	Infrasound	31.55	-95.8	27	EarthScope DS AELUMA	events/2011/Infrasound_Event_11614141
1319232820	2011-10-21T21:33:40	AELUMA event 1319232820	Infrasound	33.93	-96.85	97	EarthScope DS AELUMA	events/2011/Infrasound_Event_11614411
1319233050	2011-10-21T21:37:30	AELUMA event 1319233050	Infrasound	31.53	-95.8	39	EarthScope DS AELUMA	events/2011/Infrasound_Event_11614681
1319234100	2011-10-21T21:55:00	AELUMA event 1319234100	Infrasound	37.02	-96.13	45	EarthScope DS AELUMA	events/2011/Infrasound_Event_11614951
1319242740	2011-10-22T00:19:00	AELUMA event 1319242740	Infrasound	43.4	-97.13	32	EarthScope DS AELUMA	events/2011/Infrasound_Event_11615222
1319250650	2011-10-22T02:30:50	AELUMA event 1319250650	Infrasound	46.37	-95.32	27	EarthScope DS AELUMA	events/2011/Infrasound_Event_11615493
1319326110	2011-10-22T23:28:30	AELUMA event 1319326110	Infrasound	42.38	-97.23	40	EarthScope DS AELUMA	events/2011/Infrasound_Event_11615765
1319326980	2011-10-22T23:43:00	AELUMA event 1319326980	Infrasound	42.75	-97.18	31	EarthScope DS AELUMA	events/2011/Infrasound_Event_11616037
1319327290	2011-10-22T23:48:10	AELUMA event 1319327290	Infrasound	44.98	-96.27	33	EarthScope DS AELUMA	events/2011/Infrasound_Event_11616309
1319495800	2011-10-24T22:36:40	AELUMA event 1319495800	Infrasound	36.9	-95.98	24	EarthScope DS AELUMA	events/2011/Infrasound_Event_11616582
1319496110	2011-10-24T22:41:50	AELUMA event 1319496110	Infrasound	34.87	-95.3	28	EarthScope DS AELUMA	events/2011/Infrasound_Event_11616855
1319502670	2011-10-25T00:31:10	AELUMA event 1319502670	Infrasound	37.83	-96.57	24	EarthScope DS AELUMA	events/2011/Infrasound_Event_11617129
1319510860	2011-10-25T02:47:40	AELUMA event 1319510860	Infrasound	32.97	-95.95	46	EarthScope DS AELUMA	events/2011/Infrasound_Event_11617403
1319511400	2011-10-25T02:56:40	AELUMA event 1319511400	Infrasound	35.15	-96.23	27	EarthScope DS AELUMA	events/2011/Infrasound_Event_11617677
1319512860	2011-10-25T03:21:00	AELUMA event 1319512860	Infrasound	32.82	-95.95	35	EarthScope DS AELUMA	events/2011/Infrasound_Event_11617951
1319595970	2011-10-26T02:26:10	AELUMA event 1319595970	Infrasound	32.68	-95.75	40	EarthScope DS AELUMA	events/2011/Infrasound_Event_11618225
1319762580	2011-10-28T00:43:00	AELUMA event 1319762580	Infrasound	41.93	-97.47	26	EarthScope DS AELUMA	events/2011/Infrasound_Event_11618499
1319769440	2011-10-28T02:37:20	AELUMA event 1319769440	Infrasound	40.02	-97.07	63	EarthScope DS AELUMA	events/2011/Infrasound_Event_11618773
1319770430	2011-10-28T02:53:50	AELUMA event 1319770430	Infrasound	36.83	-96.62	42	EarthScope DS AELUMA	events/2011/Infrasound_Event_11619047
1319770740	2011-10-28T02:59:00	AELUMA event 1319770740	Infrasound	39.2	-97.1	60	EarthScope DS AELUMA	events/2011/Infrasound_Event_11619321
1319773230	2011-10-28T03:40:30	AELUMA event 1319773230	Infrasound	37.2	-96.65	51	EarthScope DS AELUMA	events/2011/Infrasound_Event_11619595
1319773600	2011-10-28T03:46:40	AELUMA event 1319773600	Infrasound	39.35	-96.75	35	EarthScope DS AELUMA	events/2011/Infrasound_Event_11619869
1319840060	2011-10-28T22:14:20	AELUMA event 1319840060	Infrasound	38.42	-95.57	30	EarthScope DS AELUMA	events/2011/Infrasound_Event_11620143
1319932790	2011-10-29T23:59:00	Grain elevator explosion, Kansas	Explosion	39.56	-95.12	221	EarthScope DS TAIRED	events/2011/Infrasound_Event_12653383
1319932790	2011-10-29T23:59:50	AELUMA event 1319932790	Infrasound	39.27	-94.63	97	EarthScope DS AELUMA	events/2011/Infrasound_Event_11620417
1320181550	2011-11-01T21:05:50	AELUMA event 1320181550	Infrasound	31.5	-95.75	26	EarthScope DS AELUMA	events/2011/Infrasound_Event_11620691
1320183310	2011-11-01T21:35:10	AELUMA event 1320183310	Infrasound	31.68	-95.8	36	EarthScope DS AELUMA	events/2011/Infrasound_Event_11620965
1320185160	2011-11-01T22:06:00	AELUMA event 1320185160	Infrasound	32.07	-95.85	48	EarthScope DS AELUMA	events/2011/Infrasound_Event_11621239
1320209200	2011-11-02T04:46:40	AELUMA event 1320209200	Infrasound	34.18	-95.52	35	EarthScope DS AELUMA	events/2011/Infrasound_Event_11621513
1320359580	2011-11-03T22:33:00	AELUMA event 1320359580	Infrasound	41.28	-96.17	52	EarthScope DS AELUMA	events/2011/Infrasound_Event_11621787
1320360450	2011-11-03T22:47:30	AELUMA event 1320360450	Infrasound	41.53	-96.1	44	EarthScope DS AELUMA	events/2011/Infrasound_Event_11622061
1320364260	2011-11-03T23:51:00	AELUMA event 1320364260	Infrasound	44.07	-95.85	29	EarthScope DS AELUMA	events/2011/Infrasound_Event_11622336
1320502365	2011-11-05T07:12:45	MW 5.0 Oklahoma	Bulletin event	35.55	-96.76	45	ISC	events/2011/Infrasound_Event_12661567
1320580390	2011-11-06T03:53:10	MW 5.7 Oklahoma	Bulletin event	35.54	-96.75	192	ISC	events/2011/Infrasound_Event_12653659
1320703950	2011-11-07T22:12:30	AELUMA event 1320703950	Infrasound	31.87	-94.62	26	EarthScope DS AELUMA	events/2011/Infrasound_Event_11622613
1320711590	2011-11-08T00:19:50	AELUMA event 1320711590	Infrasound	44.0	-95.83	32	EarthScope DS AELUMA	events/2011/Infrasound_Event_11622891
1320717220	2011-11-08T01:53:40	AELUMA event 1320717220	Infrasound	43.4	-97.03	43	EarthScope DS AELUMA	events/2011/Infrasound_Event_11623169
1321244150	2011-11-14T04:15:50	AELUMA event 1321244150	Infrasound	40.17	-96.72	25	EarthScope DS AELUMA	events/2011/Infrasound_Event_11623449
1321395450	2011-11-15T22:17:30	AELUMA event 1321395450	Infrasound	35.78	-96.18	36	EarthScope DS AELUMA	events/2011/Infrasound_Event_11623729
1321396740	2011-11-15T22:39:00	AELUMA event 1321396740	Infrasound	32.22	-95.85	34	EarthScope DS AELUMA	events/2011/Infrasound_Event_11624009
1321397210	2011-11-15T22:46:50	AELUMA event 1321397210	Infrasound	35.73	-96.03	44	EarthScope DS AELUMA	events/2011/Infrasound_Event_11624289
1321398910	2011-11-15T23:15:10	AELUMA event 1321398910	Infrasound	35.73	-96.13	40	EarthScope DS AELUMA	events/2011/Infrasound_Event_11624570
1321403150	2011-11-16T00:25:50	AELUMA event 1321403150	Infrasound	36.67	-96.57	31	EarthScope DS AELUMA	events/2011/Infrasound_Event_11624851
1321569510	2011-11-17T22:38:30	AELUMA event 1321569510	Infrasound	35.88	-91.9	27	EarthScope DS AELUMA	events/2011/Infrasound_Event_11625134
1321571400	2011-11-17T23:10:00	AELUMA event 1321571400	Infrasound	34.58	-97.13	36	EarthScope DS AELUMA	events/2011/Infrasound_Event_11625418
1321572860	2011-11-17T23:34:20	AELUMA event 1321572860	Infrasound	39.77	-96.5	31	EarthScope DS AELUMA	events/2011/Infrasound_Event_11625702
1321842982	2011-11-20T18:36:22	Gulf of Mexico	Bulletin event	23.69	-93.57	87	ISC	events/2011/Infrasound_Event_12654944
1322513610	2011-11-28T20:53:30	AELUMA event 1322513610	Infrasound	40.2	-96.1	31	EarthScope DS AELUMA	events/2011/Infrasound_Event_11625995
1322534280	2011-11-29T02:38:00	AELUMA event 1322534280	Infrasound	39.18	-97.08	27	EarthScope DS AELUMA	events/2011/Infrasound_Event_11626288
1322611970	2011-11-30T00:12:50	AELUMA event 1322611970	Infrasound	34.18	-97.0	25	EarthScope DS AELUMA	events/2011/Infrasound_Event_11626581
1322619950	2011-11-30T02:25:50	AELUMA event 1322619950	Infrasound	32.68	-95.95	39	EarthScope DS AELUMA	events/2011/Infrasound_Event_11626874
1322621240	2011-11-30T02:47:20	AELUMA event 1322621240	Infrasound	40.5	-96.67	36	EarthScope DS AELUMA	events/2011/Infrasound_Event_11627167
1322691860	2011-11-30T22:24:20	AELUMA event 1322691860	Infrasound	35.12	-96.73	35	EarthScope DS AELUMA	events/2011/Infrasound_Event_11627460
1322693960	2011-11-30T22:59:20	AELUMA event 1322693960	Infrasound	29.72	-89.65	40	EarthScope DS AELUMA	events/2011/Infrasound_Event_11627753
1322694560	2011-11-30T23:09:20	AELUMA event 1322694560	Infrasound	32.73	-95.95	35	EarthScope DS AELUMA	events/2011/Infrasound_Event_11628046
1322696280	2011-11-30T23:38:00	AELUMA event 1322696280	Infrasound	35.05	-97.13	43	EarthScope DS AELUMA	events/2011/Infrasound_Event_11628339
1322696410	2011-11-30T23:40:10	AELUMA event 1322696410	Infrasound	32.25	-95.85	34	EarthScope DS AELUMA	events/2011/Infrasound_Event_11628632
1322706760	2011-12-01T02:32:40	AELUMA event 1322706760	Infrasound	38.12	-95.67	39	EarthScope DS AELUMA	events/2011/Infrasound_Event_11628925
1322792580	2011-12-02T02:23:00	AELUMA event 1322792580	Infrasound	34.32	-96.08	27	EarthScope DS AELUMA	events/2011/Infrasound_Event_11629218
1322792950	2011-12-02T02:29:10	AELUMA event 1322792950	Infrasound	34.5	-96.08	24	EarthScope DS AELUMA	events/2011/Infrasound_Event_11629511
1323208080	2011-12-06T21:48:00	AELUMA event 1323208080	Infrasound	43.17	-97.18	42	EarthScope DS AELUMA	events/2011/Infrasound_Event_11629805
1323310750	2011-12-08T02:19:10	AELUMA event 1323310750	Infrasound	38.77	-96.7	32	EarthScope DS AELUMA	events/2011/Infrasound_Event_11630101
1323380890	2011-12-08T21:48:10	AELUMA event 1323380890	Infrasound	36.65	-96.57	37	EarthScope DS AELUMA	events/2011/Infrasound_Event_11630397
1323381940	2011-12-08T22:05:40	AELUMA event 1323381940	Infrasound	32.85	-95.95	38	EarthScope DS AELUMA	events/2011/Infrasound_Event_11630693
1323391600	2011-12-09T00:46:40	AELUMA event 1323391600	Infrasound	38.88	-96.42	36	EarthScope DS AELUMA	events/2011/Infrasound_Event_11630990
1323391620	2011-12-09T00:47:00	AELUMA event 1323391620	Infrasound	40.78	-95.65	31	EarthScope DS AELUMA	events/2011/Infrasound_Event_11631287
1323395380	2011-12-09T01:49:40	AELUMA event 1323395380	Infrasound	37.87	-96.57	35	EarthScope DS AELUMA	events/2011/Infrasound_Event_11631584
1323398020	2011-12-09T02:33:40	AELUMA event 1323398020	Infrasound	36.87	-96.53	59	EarthScope DS AELUMA	events/2011/Infrasound_Event_11631881
1323399700	2011-12-09T03:01:40	AELUMA event 1323399700	Infrasound	36.35	-96.43	49	EarthScope DS AELUMA	events/2011/Infrasound_Event_11632178
1323470710	2011-12-09T22:45:10	AELUMA event 1323470710	Infrasound	32.23	-95.85	39	EarthScope DS AELUMA	events/2011/Infrasound_Event_11632475
1323470950	2011-12-09T22:49:10	AELUMA event 1323470950	Infrasound	37.07	-96.37	26	EarthScope DS AELUMA	events/2011/Infrasound_Event_11632772
1324053320	2011-12-16T16:35:20	AELUMA event 1324053320	Infrasound	39.33	-96.67	28	EarthScope DS AELUMA	events/2011/Infrasound_Event_11633075
1324076490	2011-12-16T23:01:30	AELUMA event 1324076490	Infrasound	36.78	-94.77	68	EarthScope DS AELUMA	events/2011/Infrasound_Event_11633379
1324503420	2011-12-21T21:37:00	AELUMA event 1324503420	Infrasound	33.53	-95.83	31	EarthScope DS AELUMA	events/2011/Infrasound_Event_11633687
1324681250	2011-12-23T23:00:50	AELUMA event 1324681250	Infrasound	36.78	-94.88	24	EarthScope DS AELUMA	events/2011/Infrasound_Event_11633996
1324684380	2011-12-23T23:53:00	AELUMA event 1324684380	Infrasound	39.07	-96.1	27	EarthScope DS AELUMA	events/2011/Infrasound_Event_11634305
1325037140	2011-12-28T01:52:20	AELUMA event 1325037140	Infrasound	34.3	-91.9	66	EarthScope DS AELUMA	events/2011/Infrasound_Event_11634614
1325106040	2011-12-28T21:00:40	AELUMA event 1325106040	Infrasound	30.92	-95.52	28	EarthScope DS AELUMA	events/2011/Infrasound_Event_11634923
1325642920	2012-01-04T02:08:40	AELUMA event 1325642920	Infrasound	29.55	-88.5	31	EarthScope DS AELUMA	events/2012/Infrasound_Event_11635232
1325643780	2012-01-04T02:23:00	AELUMA event 1325643780	Infrasound	29.82	-88.42	41	EarthScope DS AELUMA	events/2012/Infrasound_Event_11635541
1325717030	2012-01-04T22:43:50	AELUMA event 1325717030	Infrasound	28.92	-92.18	60	EarthScope DS AELUMA	events/2012/Infrasound_Event_11635850
1325725390	2012-01-05T01:03:10	AELUMA event 1325725390	Infrasound	38.73	-96.37	44	EarthScope DS AELUMA	events/2012/Infrasound_Event_11636159
1325728970	2012-01-05T02:02:50	AELUMA event 1325728970	Infrasound	29.8	-88.5	61	EarthScope DS AELUMA	events/2012/Infrasound_Event_11636468
1325730180	2012-01-05T02:23:00	AELUMA event 1325730180	Infrasound	30.7	-88.6	76	EarthScope DS AELUMA	events/2012/Infrasound_Event_11636777
1325812400	2012-01-06T01:13:20	AELUMA event 1325812400	Infrasound	33.0	-95.7	28	EarthScope DS AELUMA	events/2012/Infrasound_Event_11637086
1326169250	2012-01-10T04:20:50	AELUMA event 1326169250	Infrasound	39.5	-96.6	39	EarthScope DS AELUMA	events/2012/Infrasound_Event_11637395
1326242340	2012-01-11T00:39:00	AELUMA event 1326242340	Infrasound	37.38	-96.12	51	EarthScope DS AELUMA	events/2012/Infrasound_Event_11637704
1326495430	2012-01-13T22:57:10	AELUMA event 1326495430	Infrasound	29.2	-93.32	93	EarthScope DS AELUMA	events/2012/Infrasound_Event_11638015
1326929450	2012-01-18T23:30:50	AELUMA event 1326929450	Infrasound	32.95	-95.85	37	EarthScope DS AELUMA	events/2012/Infrasound_Event_11638334
1327365320	2012-01-24T00:35:20	AELUMA event 1327365320	Infrasound	34.83	-97.13	36	EarthScope DS AELUMA	events/2012/Infrasound_Event_11638659
1327365900	2012-01-24T00:45:00	AELUMA event 1327365900	Infrasound	33.13	-95.52	56	EarthScope DS AELUMA	events/2012/Infrasound_Event_11638984
1327443290	2012-01-24T22:14:50	AELUMA event 1327443290	Infrasound	43.53	-97.08	31	EarthScope DS AELUMA	events/2012/Infrasound_Event_11639309
1327967330	2012-01-30T23:48:50	AELUMA event 1327967330	Infrasound	33.95	-93.95	41	EarthScope DS AELUMA	events/2012/Infrasound_Event_11639634
1327992030	2012-01-31T06:40:30	AELUMA event 1327992030	Infrasound	33.48	-95.47	34	EarthScope DS AELUMA	events/2012/Infrasound_Event_11639959
1327993260	2012-01-31T07:01:00	AELUMA event 1327993260	Infrasound	33.55	-94.7	42	EarthScope DS AELUMA	events/2012/Infrasound_Event_11640284
1328134290	2012-02-01T22:11:30	AELUMA event 1328134290	Infrasound	40.4	-95.33	44	EarthScope DS AELUMA	events/2012/Infrasound_Event_11640609
1328136890	2012-02-01T22:54:50	AELUMA event 1328136890	Infrasound	39.82	-97.27	54	EarthScope DS AELUMA	events/2012/Infrasound_Event_11640934
1328136930	2012-02-01T22:55:30	AELUMA event 1328136930	Infrasound	42.05	-97.43	45	EarthScope DS AELUMA	events/2012/Infrasound_Event_11641259
1328158420	2012-02-02T04:53:40	AELUMA event 1328158420	Infrasound	38.12	-96.53	33	EarthScope DS AELUMA	events/2012/Infrasound_Event_11641585
1328201310	2012-02-02T16:48:30	AELUMA event 1328201310	Infrasound	39.1	-96.65	30	EarthScope DS AELUMA	events/2012/Infrasound_Event_11641911
1328222800	2012-02-02T22:46:40	AELUMA event 1328222800	Infrasound	40.57	-96.08	49	EarthScope DS AELUMA	events/2012/Infrasound_Event_11642237
1328573020	2012-02-07T00:03:40	AELUMA event 1328573020	Infrasound	39.12	-96.27	28	EarthScope DS AELUMA	events/2012/Infrasound_Event_11642572
1328584460	2012-02-07T03:14:20	AELUMA event 1328584460	Infrasound	39.72	-96.72	35	EarthScope DS AELUMA	events/2012/Infrasound_Event_11642907
1328629380	2012-02-07T15:43:00	AELUMA event 1328629380	Infrasound	35.73	-96.42	32	EarthScope DS AELUMA	events/2012/Infrasound_Event_11643242
1328655680	2012-02-07T23:01:20	AELUMA event 1328655680	Infrasound	45.35	-95.52	21	EarthScope DS AELUMA	events/2012/Infrasound_Event_11643579
1328659510	2012-02-08T00:05:10	AELUMA event 1328659510	Infrasound	44.33	-96.67	28	EarthScope DS AELUMA	events/2012/Infrasound_Event_11643916
1328661290	2012-02-08T00:34:50	AELUMA event 1328661290	Infrasound	34.63	-94.2	34	EarthScope DS AELUMA	events/2012/Infrasound_Event_11644253
1328663820	2012-02-08T01:17:00	AELUMA event 1328663820	Infrasound	43.92	-96.75	30	EarthScope DS AELUMA	events/2012/Infrasound_Event_11644590
1328666870	2012-02-08T02:07:50	AELUMA event 1328666870	Infrasound	44.7	-96.5	29	EarthScope DS AELUMA	events/2012/Infrasound_Event_11644927
1328670880	2012-02-08T03:14:40	AELUMA event 1328670880	Infrasound	43.83	-96.75	26	EarthScope DS AELUMA	events/2012/Infrasound_Event_11645264
1328672640	2012-02-08T03:44:00	AELUMA event 1328672640	Infrasound	44.1	-96.7	33	EarthScope DS AELUMA	events/2012/Infrasound_Event_11645601
1328675260	2012-02-08T04:27:40	AELUMA event 1328675260	Infrasound	44.32	-96.65	30	EarthScope DS AELUMA	events/2012/Infrasound_Event_11645938
1328797800	2012-02-09T06:30:00	Unknown source	Unknown	37.04	-94.29	265	EarthScope DS TAIRED	events/2012/Infrasound_Event_12654607
1328769250	2012-02-09T06:34:10	AELUMA event 1328769250	Infrasound	39.08	-96.62	30	EarthScope DS AELUMA	events/2012/Infrasound_Event_11646274
1328883540	2012-02-10T14:19:00	AELUMA event 1328883540	Infrasound	29.87	-88.57	32	EarthScope DS AELUMA	events/2012/Infrasound_Event_11646610
1329121510	2012-02-13T08:25:10	AELUMA event 1329121510	Infrasound	30.68	-90.98	35	EarthScope DS AELUMA	events/2012/Infrasound_Event_11646951
1329441710	2012-02-17T01:21:50	AELUMA event 1329441710	Infrasound	39.77	-96.87	42	EarthScope DS AELUMA	events/2012/Infrasound_Event_11647298
1329445490	2012-02-17T02:24:50	AELUMA event 1329445490	Infrasound	39.15	-96.65	38	EarthScope DS AELUMA	events/2012/Infrasound_Event_11647645
1329525010	2012-02-18T00:30:10	AELUMA event 1329525010	Infrasound	31.92	-93.8	29	EarthScope DS AELUMA	events/2012/Infrasound_Event_11647993
1329876100	2012-02-22T02:01:40	AELUMA event 1329876100	Infrasound	32.87	-95.37	32	EarthScope DS AELUMA	events/2012/Infrasound_Event_11648341
1330762860	2012-03-03T08:21:00	AELUMA event 1330762860	Infrasound	37.12	-95.65	42	EarthScope DS AELUMA	events/2012/Infrasound_Event_11648688
1330991360	2012-03-05T23:49:20	AELUMA event 1330991360	Infrasound	34.02	-94.97	38	EarthScope DS AELUMA	events/2012/Infrasound_Event_11649035
1331019540	2012-03-06T07:39:00	AELUMA event 1331019540	Infrasound	33.2	-95.15	34	EarthScope DS AELUMA	events/2012/Infrasound_Event_11649382
1331620590	2012-03-13T06:36:30	AELUMA event 1331620590	Infrasound	40.02	-97.37	37	EarthScope DS AELUMA	events/2012/Infrasound_Event_11649738
1331639210	2012-03-13T11:46:50	AELUMA event 1331639210	Infrasound	38.02	-96.47	85	EarthScope DS AELUMA	events/2012/Infrasound_Event_11650094
1331679480	2012-03-13T22:58:00	AELUMA event 1331679480	Infrasound	40.77	-95.58	47	EarthScope DS AELUMA	events/2012/Infrasound_Event_11650450
1331683580	2012-03-14T00:06:20	AELUMA event 1331683580	Infrasound	34.53	-95.7	42	EarthScope DS AELUMA	events/2012/Infrasound_Event_11650808
1331768740	2012-03-14T23:45:40	AELUMA event 1331768740	Infrasound	33.07	-91.98	40	EarthScope DS AELUMA	events/2012/Infrasound_Event_11651169
1331770300	2012-03-15T00:11:40	AELUMA event 1331770300	Infrasound	32.35	-95.0	43	EarthScope DS AELUMA	events/2012/Infrasound_Event_11651530
1331771910	2012-03-15T00:38:30	AELUMA event 1331771910	Infrasound	34.12	-95.37	28	EarthScope DS AELUMA	events/2012/Infrasound_Event_11651891
1331794150	2012-03-15T06:49:10	AELUMA event 1331794150	Infrasound	34.23	-93.97	47	EarthScope DS AELUMA	events/2012/Infrasound_Event_11652252
1331799300	2012-03-15T08:15:00	AELUMA event 1331799300	Infrasound	34.27	-94.42	53	EarthScope DS AELUMA	events/2012/Infrasound_Event_11652613
1331839500	2012-03-15T12:25:00	Sonic Boom over Savanah Georgia	N-wave	31.19	-81.5	167	EarthScope DS TAIRED	events/2012/Infrasound_Event_12658600
1331821130	2012-03-15T14:18:50	AELUMA event 1331821130	Infrasound	29.57	-88.32	35	EarthScope DS AELUMA	events/2012/Infrasound_Event_11652974
1331850970	2012-03-15T22:36:10	AELUMA event 1331850970	Infrasound	28.87	-91.08	55	EarthScope DS AELUMA	events/2012/Infrasound_Event_11653335
1331856660	2012-03-16T00:11:00	AELUMA event 1331856660	Infrasound	34.5	-95.37	44	EarthScope DS AELUMA	events/2012/Infrasound_Event_11653698
1331883270	2012-03-16T07:34:30	AELUMA event 1331883270	Infrasound	34.32	-96.1	46	EarthScope DS AELUMA	events/2012/Infrasound_Event_11654061
1332542950	2012-03-23T22:49:10	AELUMA event 1332542950	Infrasound	31.2	-95.5	35	EarthScope DS AELUMA	events/2012/Infrasound_Event_11654427
1332657330	2012-03-25T06:35:30	AELUMA event 1332657330	Infrasound	31.97	-88.55	51	EarthScope DS AELUMA	events/2012/Infrasound_Event_11654793
1332799800	2012-03-26T22:10:00	AELUMA event 1332799800	Infrasound	31.63	-95.8	34	EarthScope DS AELUMA	events/2012/Infrasound_Event_11655159
1332801460	2012-03-26T22:37:40	AELUMA event 1332801460	Infrasound	31.78	-95.85	42	EarthScope DS AELUMA	events/2012/Infrasound_Event_11655525
1332801690	2012-03-26T22:41:30	AELUMA event 1332801690	Infrasound	31.67	-89.88	42	EarthScope DS AELUMA	events/2012/Infrasound_Event_11655891
1332801960	2012-03-26T22:46:00	AELUMA event 1332801960	Infrasound	34.07	-96.03	85	EarthScope DS AELUMA	events/2012/Infrasound_Event_11656257
1332802800	2012-03-26T23:00:00	AELUMA event 1332802800	Infrasound	32.2	-92.12	61	EarthScope DS AELUMA	events/2012/Infrasound_Event_11656623
1332820630	2012-03-27T03:57:10	AELUMA event 1332820630	Infrasound	33.67	-95.8	82	EarthScope DS AELUMA	events/2012/Infrasound_Event_11656989
1332820980	2012-03-27T04:03:00	AELUMA event 1332820980	Infrasound	33.4	-95.75	34	EarthScope DS AELUMA	events/2012/Infrasound_Event_11657355
1332856070	2012-03-27T13:47:50	AELUMA event 1332856070	Infrasound	29.4	-88.47	33	EarthScope DS AELUMA	events/2012/Infrasound_Event_11657721
1332890280	2012-03-27T23:18:00	AELUMA event 1332890280	Infrasound	33.63	-94.78	53	EarthScope DS AELUMA	events/2012/Infrasound_Event_11658087
1332891480	2012-03-27T23:38:00	AELUMA event 1332891480	Infrasound	33.2	-95.5	73	EarthScope DS AELUMA	events/2012/Infrasound_Event_11658453
1332892690	2012-03-27T23:58:10	AELUMA event 1332892690	Infrasound	33.15	-95.52	69	EarthScope DS AELUMA	events/2012/Infrasound_Event_11658819
1332906900	2012-03-28T03:55:00	AELUMA event 1332906900	Infrasound	33.32	-95.42	61	EarthScope DS AELUMA	events/2012/Infrasound_Event_11659185
1332975180	2012-03-28T22:53:00	AELUMA event 1332975180	Infrasound	32.33	-95.63	57	EarthScope DS AELUMA	events/2012/Infrasound_Event_11659551
1332975580	2012-03-28T22:59:40	AELUMA event 1332975580	Infrasound	35.88	-95.83	30	EarthScope DS AELUMA	events/2012/Infrasound_Event_11659917
1332976290	2012-03-28T23:11:30	AELUMA event 1332976290	Infrasound	32.68	-95.62	69	EarthScope DS AELUMA	events/2012/Infrasound_Event_11660283
1332976440	2012-03-28T23:14:00	AELUMA event 1332976440	Infrasound	35.48	-96.23	41	EarthScope DS AELUMA	events/2012/Infrasound_Event_11660649
1332978580	2012-03-28T23:49:40	AELUMA event 1332978580	Infrasound	32.87	-94.37	54	EarthScope DS AELUMA	events/2012/Infrasound_Event_11661015
1332979570	2012-03-29T00:06:10	AELUMA event 1332979570	Infrasound	33.02	-95.82	72	EarthScope DS AELUMA	events/2012/Infrasound_Event_11661381
1332979690	2012-03-29T00:08:10	AELUMA event 1332979690	Infrasound	36.02	-96.25	42	EarthScope DS AELUMA	events/2012/Infrasound_Event_11661747
1332985320	2012-03-29T01:42:00	AELUMA event 1332985320	Infrasound	34.22	-95.7	42	EarthScope DS AELUMA	events/2012/Infrasound_Event_11662113
1332992520	2012-03-29T03:42:00	AELUMA event 1332992520	Infrasound	32.87	-95.82	74	EarthScope DS AELUMA	events/2012/Infrasound_Event_11662479
1332993490	2012-03-29T03:58:10	AELUMA event 1332993490	Infrasound	33.52	-95.85	101	EarthScope DS AELUMA	events/2012/Infrasound_Event_11662845
1332993530	2012-03-29T03:58:50	AELUMA event 1332993530	Infrasound	32.1	-95.85	25	EarthScope DS AELUMA	events/2012/Infrasound_Event_11663211
1332993600	2012-03-29T04:00:00	AELUMA event 1332993600	Infrasound	36.03	-96.32	56	EarthScope DS AELUMA	events/2012/Infrasound_Event_11663577
1333065130	2012-03-29T23:52:10	AELUMA event 1333065130	Infrasound	36.3	-96.43	29	EarthScope DS AELUMA	events/2012/Infrasound_Event_11663943
1333065180	2012-03-29T23:53:00	AELUMA event 1333065180	Infrasound	34.93	-95.47	46	EarthScope DS AELUMA	events/2012/Infrasound_Event_11664309
1333078980	2012-03-30T03:43:00	AELUMA event 1333078980	Infrasound	33.35	-94.83	47	EarthScope DS AELUMA	events/2012/Infrasound_Event_11664675
1333121970	2012-03-30T15:39:30	AELUMA event 1333121970	Infrasound	29.2	-84.32	42	EarthScope DS AELUMA	events/2012/Infrasound_Event_11665041
1333153430	2012-03-31T00:23:50	AELUMA event 1333153430	Infrasound	37.82	-96.43	42	EarthScope DS AELUMA	events/2012/Infrasound_Event_11665407
1333416810	2012-04-03T01:33:30	AELUMA event 1333416810	Infrasound	28.75	-85.47	56	EarthScope DS AELUMA	events/2012/Infrasound_Event_11665774
1333417480	2012-04-03T01:44:40	AELUMA event 1333417480	Infrasound	28.73	-85.32	54	EarthScope DS AELUMA	events/2012/Infrasound_Event_11666141
1333499810	2012-04-04T00:36:50	AELUMA event 1333499810	Infrasound	28.5	-85.42	44	EarthScope DS AELUMA	events/2012/Infrasound_Event_11666509
1333586880	2012-04-05T00:48:00	AELUMA event 1333586880	Infrasound	29.17	-85.0	39	EarthScope DS AELUMA	events/2012/Infrasound_Event_11666880
1334020790	2012-04-10T01:19:50	AELUMA event 1334020790	Infrasound	28.53	-85.12	34	EarthScope DS AELUMA	events/2012/Infrasound_Event_11667257
1334022650	2012-04-10T01:50:50	AELUMA event 1334022650	Infrasound	35.02	-95.9	43	EarthScope DS AELUMA	events/2012/Infrasound_Event_11667634
1334028100	2012-04-10T03:21:40	AELUMA event 1334028100	Infrasound	35.07	-95.25	60	EarthScope DS AELUMA	events/2012/Infrasound_Event_11668011
1334193440	2012-04-12T01:17:20	AELUMA event 1334193440	Infrasound	28.33	-85.08	49	EarthScope DS AELUMA	events/2012/Infrasound_Event_11668392
1334212000	2012-04-12T06:26:40	AELUMA event 1334212000	Infrasound	45.5	-95.62	25	EarthScope DS AELUMA	events/2012/Infrasound_Event_11668773
1334322590	2012-04-13T13:09:50	AELUMA event 1334322590	Infrasound	29.92	-88.12	46	EarthScope DS AELUMA	events/2012/Infrasound_Event_11669154
1334799490	2012-04-19T01:38:10	AELUMA event 1334799490	Infrasound	29.45	-88.03	44	EarthScope DS AELUMA	events/2012/Infrasound_Event_11669539
1334800590	2012-04-19T01:56:30	AELUMA event 1334800590	Infrasound	29.88	-88.75	76	EarthScope DS AELUMA	events/2012/Infrasound_Event_11669924
1334885320	2012-04-20T01:28:40	AELUMA event 1334885320	Infrasound	29.48	-88.05	82	EarthScope DS AELUMA	events/2012/Infrasound_Event_11670309
1334972030	2012-04-21T01:33:50	AELUMA event 1334972030	Infrasound	32.15	-87.27	47	EarthScope DS AELUMA	events/2012/Infrasound_Event_11670694
1334973680	2012-04-21T02:01:20	AELUMA event 1334973680	Infrasound	32.25	-87.15	38	EarthScope DS AELUMA	events/2012/Infrasound_Event_11671079
1335231960	2012-04-24T01:46:00	AELUMA event 1335231960	Infrasound	37.92	-96.53	26	EarthScope DS AELUMA	events/2012/Infrasound_Event_11671465
1335269670	2012-04-24T12:14:30	AELUMA event 1335269670	Infrasound	29.98	-86.88	25	EarthScope DS AELUMA	events/2012/Infrasound_Event_11671851
1335496170	2012-04-27T03:09:30	AELUMA event 1335496170	Infrasound	43.45	-96.45	62	EarthScope DS AELUMA	events/2012/Infrasound_Event_11672237
1335796130	2012-04-30T14:28:50	AELUMA event 1335796130	Infrasound	28.6	-83.88	32	EarthScope DS AELUMA	events/2012/Infrasound_Event_11672623
1335874360	2012-05-01T12:12:40	AELUMA event 1335874360	Infrasound	29.83	-87.38	33	EarthScope DS AELUMA	events/2012/Infrasound_Event_11673010
1336181990	2012-05-04T18:39:50	Florida Peninsula	Bulletin event	26.9	-80.83	113	ISC	events/2012/Infrasound_Event_12660904
1336181990	2012-05-04T18:42:00	Atlas 5 rocket launch, Florida	Rocket launch	28.58	-80.58	133	EarthScope DS TAIRED	events/2012/Infrasound_Event_12661291
1336529800	2012-05-09T02:16:40	AELUMA event 1336529800	Infrasound	37.47	-95.9	36	EarthScope DS AELUMA	events/2012/Infrasound_Event_11673400
1336531010	2012-05-09T02:36:50	AELUMA event 1336531010	Infrasound	37.68	-95.52	33	EarthScope DS AELUMA	events/2012/Infrasound_Event_11673790
1336763820	2012-05-11T19:17:00	AELUMA event 1336763820	Infrasound	29.23	-84.83	70	EarthScope DS AELUMA	events/2012/Infrasound_Event_11674180
1337071980	2012-05-15T08:53:00	AELUMA event 1337071980	Infrasound	33.25	-92.7	110	EarthScope DS AELUMA	events/2012/Infrasound_Event_11674576
1337084070	2012-05-15T12:14:30	AELUMA event 1337084070	Infrasound	29.87	-87.88	35	EarthScope DS AELUMA	events/2012/Infrasound_Event_11674972
1337094410	2012-05-15T15:06:50	AELUMA event 1337094410	Infrasound	30.4	-86.17	45	EarthScope DS AELUMA	events/2012/Infrasound_Event_11675368
1337127390	2012-05-16T00:16:30	AELUMA event 1337127390	Infrasound	30.18	-82.35	52	EarthScope DS AELUMA	events/2012/Infrasound_Event_11675765
1337174970	2012-05-16T13:29:30	AELUMA event 1337174970	Infrasound	30.1	-88.4	90	EarthScope DS AELUMA	events/2012/Infrasound_Event_11676162
1337175800	2012-05-16T13:43:20	AELUMA event 1337175800	Infrasound	29.73	-88.27	78	EarthScope DS AELUMA	events/2012/Infrasound_Event_11676559
1337177220	2012-05-16T14:07:00	AELUMA event 1337177220	Infrasound	29.3	-85.8	42	EarthScope DS AELUMA	events/2012/Infrasound_Event_11676956
1337267521	2012-05-17T08:12:01	MW 4.9 Louisiana-Texas border region	Bulletin event	32.08	-94.46	234	ISC	events/2012/Infrasound_Event_12654271
1337302080	2012-05-18T00:48:00	AELUMA event 1337302080	Infrasound	29.3	-83.68	48	EarthScope DS AELUMA	events/2012/Infrasound_Event_11677354
1337303490	2012-05-18T01:11:30	AELUMA event 1337303490	Infrasound	29.82	-85.92	55	EarthScope DS AELUMA	events/2012/Infrasound_Event_11677752
1337304770	2012-05-18T01:32:50	AELUMA event 1337304770	Infrasound	29.2	-84.17	30	EarthScope DS AELUMA	events/2012/Infrasound_Event_11678150
1337380440	2012-05-18T22:34:00	AELUMA event 1337380440	Infrasound	35.6	-82.6	55	EarthScope DS AELUMA	events/2012/Infrasound_Event_11678548
1337425360	2012-05-19T11:02:40	AELUMA event 1337425360	Infrasound	37.4	-82.4	36	EarthScope DS AELUMA	events/2012/Infrasound_Event_11678946
1337434810	2012-05-19T13:40:10	AELUMA event 1337434810	Infrasound	29.83	-88.7	38	EarthScope DS AELUMA	events/2012/Infrasound_Event_11679344
1337607130	2012-05-21T13:32:10	AELUMA event 1337607130	Infrasound	31.78	-81.25	68	EarthScope DS AELUMA	events/2012/Infrasound_Event_11679745
1337672810	2012-05-22T07:44:00	SpaceX Falcon 9 rocket launch, Florida	Rocket launch	28.56	-80.58	145	EarthScope DS TAIRED	events/2012/Infrasound_Event_12652519
1337672810	2012-05-22T07:46:50	AELUMA event 1337672810	Infrasound	28.82	-80.37	39	EarthScope DS AELUMA	events/2012/Infrasound_Event_11680147
1337673330	2012-05-22T07:55:30	AELUMA event 1337673330	Infrasound	29.95	-81.53	181	EarthScope DS AELUMA	events/2012/Infrasound_Event_11680549
1337673330	2012-05-22T07:57:45	Off east coast of United States	Bulletin event	30.45	-80.61	177	ISC	events/2012/Infrasound_Event_12652921
1337730480	2012-05-22T23:48:00	AELUMA event 1337730480	Infrasound	36.4	-80.68	59	EarthScope DS AELUMA	events/2012/Infrasound_Event_11680952
1337731310	2012-05-23T00:01:50	AELUMA event 1337731310	Infrasound	38.02	-83.32	33	EarthScope DS AELUMA	events/2012/Infrasound_Event_11681355
1337778170	2012-05-23T13:02:50	AELUMA event 1337778170	Infrasound	35.82	-80.45	61	EarthScope DS AELUMA	events/2012/Infrasound_Event_11681758
1337813520	2012-05-23T22:52:00	AELUMA event 1337813520	Infrasound	34.98	-80.7	26	EarthScope DS AELUMA	events/2012/Infrasound_Event_11682161
1337817530	2012-05-23T23:58:50	AELUMA event 1337817530	Infrasound	35.68	-80.45	82	EarthScope DS AELUMA	events/2012/Infrasound_Event_11682564
1337818050	2012-05-24T00:07:30	AELUMA event 1337818050	Infrasound	33.93	-80.57	32	EarthScope DS AELUMA	events/2012/Infrasound_Event_11682967
1337838390	2012-05-24T05:46:30	AELUMA event 1337838390	Infrasound	31.97	-81.7	34	EarthScope DS AELUMA	events/2012/Infrasound_Event_11683370
1337908620	2012-05-25T01:17:00	AELUMA event 1337908620	Infrasound	32.35	-80.63	65	EarthScope DS AELUMA	events/2012/Infrasound_Event_11683773
1338251340	2012-05-29T00:29:00	AELUMA event 1338251340	Infrasound	33.15	-81.7	35	EarthScope DS AELUMA	events/2012/Infrasound_Event_11684177
1338302820	2012-05-29T14:47:00	AELUMA event 1338302820	Infrasound	30.5	-86.2	57	EarthScope DS AELUMA	events/2012/Infrasound_Event_11684581
1338386630	2012-05-30T14:03:50	AELUMA event 1338386630	Infrasound	30.68	-88.93	44	EarthScope DS AELUMA	events/2012/Infrasound_Event_11684986
1338387530	2012-05-30T14:18:50	AELUMA event 1338387530	Infrasound	29.97	-85.17	50	EarthScope DS AELUMA	events/2012/Infrasound_Event_11685391
1338432050	2012-05-31T02:40:50	AELUMA event 1338432050	Infrasound	31.45	-87.7	38	EarthScope DS AELUMA	events/2012/Infrasound_Event_11685797
1339158110	2012-06-08T12:21:50	AELUMA event 1339158110	Infrasound	32.15	-78.88	51	EarthScope DS AELUMA	events/2012/Infrasound_Event_11686207
1339160330	2012-06-08T12:58:50	AELUMA event 1339160330	Infrasound	35.23	-84.58	30	EarthScope DS AELUMA	events/2012/Infrasound_Event_11686617
1339196990	2012-06-08T23:09:50	AELUMA event 1339196990	Infrasound	33.3	-87.37	32	EarthScope DS AELUMA	events/2012/Infrasound_Event_11687027
1339463110	2012-06-11T18:05:08	ML 2.8 Utah	Bulletin event	41.09	-113.05	38	ISC	events/2012/Infrasound_Event_12664083
1339463110	2012-06-11T18:05:10	ML 1.7 Utah	Mining	41.0	-112.85	38	USGS	events/2012/Infrasound_Event_12663673
1339551210	2012-06-13T01:33:30	AELUMA event 1339551210	Infrasound	29.65	-88.6	156	EarthScope DS AELUMA	events/2012/Infrasound_Event_11687438
1339551840	2012-06-13T01:44:00	AELUMA event 1339551840	Infrasound	29.58	-88.58	30	EarthScope DS AELUMA	events/2012/Infrasound_Event_11687849
1339592990	2012-06-13T13:09:50	AELUMA event 1339592990	Infrasound	28.87	-83.52	40	EarthScope DS AELUMA	events/2012/Infrasound_Event_11688260
1339623020	2012-06-13T21:30:20	AELUMA event 1339623020	Infrasound	33.88	-80.58	34	EarthScope DS AELUMA	events/2012/Infrasound_Event_11688671
1339636570	2012-06-14T01:16:10	AELUMA event 1339636570	Infrasound	28.97	-87.93	31	EarthScope DS AELUMA	events/2012/Infrasound_Event_11689082
1339672660	2012-06-14T11:17:40	AELUMA event 1339672660	Infrasound	38.07	-82.08	39	EarthScope DS AELUMA	events/2012/Infrasound_Event_11689493
1339679370	2012-06-14T13:09:30	AELUMA event 1339679370	Infrasound	28.7	-85.97	40	EarthScope DS AELUMA	events/2012/Infrasound_Event_11689904
1339683620	2012-06-14T14:20:20	AELUMA event 1339683620	Infrasound	30.2	-85.8	37	EarthScope DS AELUMA	events/2012/Infrasound_Event_11690315
1339684170	2012-06-14T14:29:30	AELUMA event 1339684170	Infrasound	29.43	-84.87	86	EarthScope DS AELUMA	events/2012/Infrasound_Event_11690726
1339706400	2012-06-14T20:40:00	AELUMA event 1339706400	Infrasound	29.83	-85.22	38	EarthScope DS AELUMA	events/2012/Infrasound_Event_11691137
1339766420	2012-06-15T13:20:20	AELUMA event 1339766420	Infrasound	28.68	-88.03	27	EarthScope DS AELUMA	events/2012/Infrasound_Event_11691549
1340100000	2012-06-19T03:00:00	Unknown source	Unknown	35.14	-81.33	270	EarthScope DS TAIRED	events/2012/Infrasound_Event_12655774
1340075630	2012-06-19T03:13:50	AELUMA event 1340075630	Infrasound	34.92	-80.95	91	EarthScope DS AELUMA	events/2012/Infrasound_Event_11691963
1340154470	2012-06-20T01:07:50	AELUMA event 1340154470	Infrasound	33.3	-87.6	23	EarthScope DS AELUMA	events/2012/Infrasound_Event_11692379
1340157760	2012-06-20T02:02:40	AELUMA event 1340157760	Infrasound	37.1	-80.25	95	EarthScope DS AELUMA	events/2012/Infrasound_Event_11692795
1340183400	2012-06-20T02:10:00	Unknown source	Unknown	35.67	-82.81	310	EarthScope DS TAIRED	events/2012/Infrasound_Event_12656190
1340220480	2012-06-20T12:28:00	Atlas 5 rocket launch, Florida	Rocket launch	28.58	-80.58	154	EarthScope DS TAIRED	events/2012/Infrasound_Event_12655360
1340196030	2012-06-20T12:40:30	AELUMA event 1340196030	Infrasound	29.87	-81.68	64	EarthScope DS AELUMA	events/2012/Infrasound_Event_11693211
1340204070	2012-06-20T14:54:30	AELUMA event 1340204070	Infrasound	36.15	-80.17	25	EarthScope DS AELUMA	events/2012/Infrasound_Event_11693627
1340233130	2012-06-20T22:58:50	AELUMA event 1340233130	Infrasound	32.77	-81.63	87	EarthScope DS AELUMA	events/2012/Infrasound_Event_11694043
1340245150	2012-06-21T02:19:10	AELUMA event 1340245150	Infrasound	32.5	-80.3	60	EarthScope DS AELUMA	events/2012/Infrasound_Event_11694461
1340245150	2012-06-21T02:20:00	Unknown source	Unknown	32.98	-82.81	273	EarthScope DS TAIRED	events/2012/Infrasound_Event_12656608
1340246030	2012-06-21T02:33:50	AELUMA event 1340246030	Infrasound	33.25	-83.0	128	EarthScope DS AELUMA	events/2012/Infrasound_Event_11694879
1340249280	2012-06-21T03:28:00	AELUMA event 1340249280	Infrasound	36.97	-81.63	67	EarthScope DS AELUMA	events/2012/Infrasound_Event_11695297
1340281660	2012-06-21T12:27:40	AELUMA event 1340281660	Infrasound	33.92	-87.32	44	EarthScope DS AELUMA	events/2012/Infrasound_Event_11695715
1340281710	2012-06-21T12:28:30	AELUMA event 1340281710	Infrasound	36.32	-80.15	64	EarthScope DS AELUMA	events/2012/Infrasound_Event_11696133
1340285460	2012-06-21T13:31:00	AELUMA event 1340285460	Infrasound	36.45	-80.85	34	EarthScope DS AELUMA	events/2012/Infrasound_Event_11696551
1340316000	2012-06-21T22:00:00	AELUMA event 1340316000	Infrasound	35.77	-80.42	39	EarthScope DS AELUMA	events/2012/Infrasound_Event_11696969
1340316000	2012-06-21T22:00:00	Unknown source	Unknown	33.22	-82.14	271	EarthScope DS TAIRED	events/2012/Infrasound_Event_12657613
1340316800	2012-06-21T22:13:20	AELUMA event 1340316800	Infrasound	34.58	-82.53	68	EarthScope DS AELUMA	events/2012/Infrasound_Event_11697387
1340375310	2012-06-22T14:28:30	AELUMA event 1340375310	Infrasound	29.77	-85.02	73	EarthScope DS AELUMA	events/2012/Infrasound_Event_11697805
1340399530	2012-06-22T21:12:10	AELUMA event 1340399530	Infrasound	31.15	-82.3	51	EarthScope DS AELUMA	events/2012/Infrasound_Event_11698223
1340671474	2012-06-25T17:44:34	ML 1.7 Utah	Bulletin event	41.15	-112.88	39	ISC	events/2012/Infrasound_Event_12664505
1340671474	2012-06-25T17:44:34	ML 1.4 Utah, 68 km W of Ogden	Mining	41.12	-112.78	39	USGS	events/2012/Infrasound_Event_12664927
1340678163	2012-06-25T19:36:03	Utah	Bulletin event	41.07	-112.86	39	ISC	events/2012/Infrasound_Event_12662418
1340678163	2012-06-25T19:36:03	ML 1.9 Utah, 69 km W of Ogden	Mining	41.13	-112.79	39	USGS	events/2012/Infrasound_Event_12662840
1340763541	2012-06-26T19:19:01	Utah	Bulletin event	41.38	-113.28	40	ISC	events/2012/Infrasound_Event_12660517
1340763541	2012-06-26T19:19:05	ML 1.7 Utah, 75 km W of Ogden	Mining	41.11	-112.85	39	USGS	events/2012/Infrasound_Event_12663263
1340836950	2012-06-27T22:42:30	AELUMA event 1340836950	Infrasound	35.48	-80.48	74	EarthScope DS AELUMA	events/2012/Infrasound_Event_11698647
1340837320	2012-06-27T22:48:40	AELUMA event 1340837320	Infrasound	36.72	-80.78	31	EarthScope DS AELUMA	events/2012/Infrasound_Event_11699071
1340839760	2012-06-27T23:29:20	AELUMA event 1340839760	Infrasound	37.3	-82.08	33	EarthScope DS AELUMA	events/2012/Infrasound_Event_11699496
1340840050	2012-06-27T23:34:10	AELUMA event 1340840050	Infrasound	31.68	-79.72	56	EarthScope DS AELUMA	events/2012/Infrasound_Event_11699921
1340841190	2012-06-27T23:53:10	AELUMA event 1340841190	Infrasound	32.65	-83.17	72	EarthScope DS AELUMA	events/2012/Infrasound_Event_11700346
1340849280	2012-06-28T02:08:00	AELUMA event 1340849280	Infrasound	29.37	-85.78	93	EarthScope DS AELUMA	events/2012/Infrasound_Event_11700771
1340895060	2012-06-28T14:51:00	AELUMA event 1340895060	Infrasound	30.58	-86.4	38	EarthScope DS AELUMA	events/2012/Infrasound_Event_11701196
1340918810	2012-06-28T21:26:50	AELUMA event 1340918810	Infrasound	29.25	-84.65	74	EarthScope DS AELUMA	events/2012/Infrasound_Event_11701621
1340920690	2012-06-28T21:58:10	AELUMA event 1340920690	Infrasound	29.35	-84.65	60	EarthScope DS AELUMA	events/2012/Infrasound_Event_11702046
1341000900	2012-06-29T13:15:00	Delta 4 rocket launch, Florida	Rocket launch	28.53	-80.56	154	EarthScope DS TAIRED	events/2012/Infrasound_Event_12657034
1340976830	2012-06-29T13:33:50	AELUMA event 1340976830	Infrasound	30.35	-82.73	76	EarthScope DS AELUMA	events/2012/Infrasound_Event_11702472
1341012600	2012-06-29T16:30:00	Midwest/Ohio Valley Derecho	Meteorological	41.85	-87.65	16	EarthScope DS TAIRED	events/2012/Infrasound_Event_12658039
1340997540	2012-06-29T19:19:00	AELUMA event 1340997540	Infrasound	29.85	-85.73	41	EarthScope DS AELUMA	events/2012/Infrasound_Event_11702898
1341061930	2012-06-30T13:12:10	AELUMA event 1341061930	Infrasound	33.73	-87.47	52	EarthScope DS AELUMA	events/2012/Infrasound_Event_11703324
1341273060	2012-07-02T23:51:00	AELUMA event 1341273060	Infrasound	34.5	-82.8	48	EarthScope DS AELUMA	events/2012/Infrasound_Event_11703750
1341499540	2012-07-05T14:45:40	AELUMA event 1341499540	Infrasound	30.5	-86.42	48	EarthScope DS AELUMA	events/2012/Infrasound_Event_11704176
1341542070	2012-07-06T02:34:30	AELUMA event 1341542070	Infrasound	36.53	-83.97	84	EarthScope DS AELUMA	events/2012/Infrasound_Event_11704602
1341584440	2012-07-06T14:20:40	AELUMA event 1341584440	Infrasound	30.2	-85.93	92	EarthScope DS AELUMA	events/2012/Infrasound_Event_11705028
1341585420	2012-07-06T14:37:00	AELUMA event 1341585420	Infrasound	29.4	-86.33	58	EarthScope DS AELUMA	events/2012/Infrasound_Event_11705454
1341874050	2012-07-09T22:47:30	AELUMA event 1341874050	Infrasound	29.95	-86.48	39	EarthScope DS AELUMA	events/2012/Infrasound_Event_11705880
1341922500	2012-07-10T12:15:00	AELUMA event 1341922500	Infrasound	32.43	-80.12	86	EarthScope DS AELUMA	events/2012/Infrasound_Event_11706306
1341974540	2012-07-11T02:42:20	AELUMA event 1341974540	Infrasound	40.48	-85.27	34	EarthScope DS AELUMA	events/2012/Infrasound_Event_11706732
1342011330	2012-07-11T12:55:30	AELUMA event 1342011330	Infrasound	44.78	-84.88	36	EarthScope DS AELUMA	events/2012/Infrasound_Event_11707158
1342012280	2012-07-11T13:11:20	AELUMA event 1342012280	Infrasound	32.97	-79.22	32	EarthScope DS AELUMA	events/2012/Infrasound_Event_11707584
1342059120	2012-07-12T02:12:00	AELUMA event 1342059120	Infrasound	29.92	-85.95	55	EarthScope DS AELUMA	events/2012/Infrasound_Event_11708010
1342059720	2012-07-12T02:22:00	AELUMA event 1342059720	Infrasound	28.97	-85.6	76	EarthScope DS AELUMA	events/2012/Infrasound_Event_11708436
1342098260	2012-07-12T13:04:20	AELUMA event 1342098260	Infrasound	44.87	-84.65	39	EarthScope DS AELUMA	events/2012/Infrasound_Event_11708862
1342127010	2012-07-12T21:03:30	AELUMA event 1342127010	Infrasound	29.27	-84.98	62	EarthScope DS AELUMA	events/2012/Infrasound_Event_11709288
1342128730	2012-07-12T21:32:10	AELUMA event 1342128730	Infrasound	29.35	-85.12	59	EarthScope DS AELUMA	events/2012/Infrasound_Event_11709714
1342139460	2012-07-13T00:31:00	AELUMA event 1342139460	Infrasound	39.62	-83.3	59	EarthScope DS AELUMA	events/2012/Infrasound_Event_11710140
1342144440	2012-07-13T01:54:00	AELUMA event 1342144440	Infrasound	29.9	-86.88	46	EarthScope DS AELUMA	events/2012/Infrasound_Event_11710566
1342190940	2012-07-13T14:49:00	AELUMA event 1342190940	Infrasound	30.18	-86.0	60	EarthScope DS AELUMA	events/2012/Infrasound_Event_11710992
1342223790	2012-07-13T23:56:30	AELUMA event 1342223790	Infrasound	36.8	-80.55	55	EarthScope DS AELUMA	events/2012/Infrasound_Event_11711418
1342223990	2012-07-13T23:59:50	AELUMA event 1342223990	Infrasound	35.15	-80.8	54	EarthScope DS AELUMA	events/2012/Infrasound_Event_11711844
1342273600	2012-07-14T13:46:40	AELUMA event 1342273600	Infrasound	32.17	-83.78	35	EarthScope DS AELUMA	events/2012/Infrasound_Event_11712270
1342446290	2012-07-16T13:44:50	AELUMA event 1342446290	Infrasound	35.22	-81.93	42	EarthScope DS AELUMA	events/2012/Infrasound_Event_11712696
1342477310	2012-07-16T22:21:50	AELUMA event 1342477310	Infrasound	29.53	-85.02	78	EarthScope DS AELUMA	events/2012/Infrasound_Event_11713122
1342478180	2012-07-16T22:36:20	AELUMA event 1342478180	Infrasound	29.98	-84.68	109	EarthScope DS AELUMA	events/2012/Infrasound_Event_11713548
1342530570	2012-07-17T13:09:30	AELUMA event 1342530570	Infrasound	34.2	-80.17	50	EarthScope DS AELUMA	events/2012/Infrasound_Event_11713975
1342531240	2012-07-17T13:20:40	AELUMA event 1342531240	Infrasound	33.6	-79.4	25	EarthScope DS AELUMA	events/2012/Infrasound_Event_11714402
1342531360	2012-07-17T13:22:40	AELUMA event 1342531360	Infrasound	34.68	-80.65	80	EarthScope DS AELUMA	events/2012/Infrasound_Event_11714829
1342536410	2012-07-17T14:46:50	AELUMA event 1342536410	Infrasound	29.55	-88.53	29	EarthScope DS AELUMA	events/2012/Infrasound_Event_11715256
1342538230	2012-07-17T15:17:10	AELUMA event 1342538230	Infrasound	29.02	-84.73	57	EarthScope DS AELUMA	events/2012/Infrasound_Event_11715683
1342540360	2012-07-17T15:52:40	AELUMA event 1342540360	Infrasound	30.2	-80.12	53	EarthScope DS AELUMA	events/2012/Infrasound_Event_11716110
1342581110	2012-07-18T03:11:50	AELUMA event 1342581110	Infrasound	31.55	-79.75	30	EarthScope DS AELUMA	events/2012/Infrasound_Event_11716538
1342582510	2012-07-18T03:35:10	AELUMA event 1342582510	Infrasound	31.72	-83.9	71	EarthScope DS AELUMA	events/2012/Infrasound_Event_11716966
1342624790	2012-07-18T15:19:50	AELUMA event 1342624790	Infrasound	30.4	-85.23	41	EarthScope DS AELUMA	events/2012/Infrasound_Event_11717394
1342660670	2012-07-19T01:17:50	AELUMA event 1342660670	Infrasound	34.98	-80.55	63	EarthScope DS AELUMA	events/2012/Infrasound_Event_11717822
1342663330	2012-07-19T02:02:10	AELUMA event 1342663330	Infrasound	32.53	-79.02	32	EarthScope DS AELUMA	events/2012/Infrasound_Event_11718250
1343043950	2012-07-23T11:45:50	AELUMA event 1343043950	Infrasound	33.6	-79.75	36	EarthScope DS AELUMA	events/2012/Infrasound_Event_11718683
1343053830	2012-07-23T14:30:30	AELUMA event 1343053830	Infrasound	30.5	-86.47	62	EarthScope DS AELUMA	events/2012/Infrasound_Event_11719116
1343090520	2012-07-23T17:42:00	ML 3.0 Utah	Bulletin event	41.24	-113.09	39	ISC	events/2012/Infrasound_Event_12665360
1343090520	2012-07-23T17:42:01	ML 1.8 Utah, 66 km NW of Tooele	Mining	41.0	-112.78	39	USGS	events/2012/Infrasound_Event_12665793
1343076810	2012-07-23T20:53:30	AELUMA event 1343076810	Infrasound	32.35	-80.8	53	EarthScope DS AELUMA	events/2012/Infrasound_Event_11719549
1343080670	2012-07-23T21:57:50	AELUMA event 1343080670	Infrasound	34.4	-80.37	40	EarthScope DS AELUMA	events/2012/Infrasound_Event_11719982
1343093590	2012-07-24T01:33:10	AELUMA event 1343093590	Infrasound	35.67	-80.47	63	EarthScope DS AELUMA	events/2012/Infrasound_Event_11720417
1343094980	2012-07-24T01:56:20	AELUMA event 1343094980	Infrasound	34.55	-84.53	63	EarthScope DS AELUMA	events/2012/Infrasound_Event_11720852
1343137780	2012-07-24T13:49:40	AELUMA event 1343137780	Infrasound	29.23	-85.52	51	EarthScope DS AELUMA	events/2012/Infrasound_Event_11721287
1343138850	2012-07-24T14:07:30	AELUMA event 1343138850	Infrasound	29.07	-85.63	50	EarthScope DS AELUMA	events/2012/Infrasound_Event_11721722
1343184330	2012-07-25T02:45:30	AELUMA event 1343184330	Infrasound	29.17	-84.53	90	EarthScope DS AELUMA	events/2012/Infrasound_Event_11722157
1343218300	2012-07-25T12:11:40	AELUMA event 1343218300	Infrasound	34.02	-80.02	61	EarthScope DS AELUMA	events/2012/Infrasound_Event_11722592
1343219720	2012-07-25T12:35:20	AELUMA event 1343219720	Infrasound	34.1	-80.4	67	EarthScope DS AELUMA	events/2012/Infrasound_Event_11723027
1343254240	2012-07-25T22:10:40	AELUMA event 1343254240	Infrasound	35.03	-80.62	38	EarthScope DS AELUMA	events/2012/Infrasound_Event_11723462
1343279940	2012-07-26T05:19:00	AELUMA event 1343279940	Infrasound	36.22	-80.5	47	EarthScope DS AELUMA	events/2012/Infrasound_Event_11723897
1343309510	2012-07-26T13:31:50	AELUMA event 1343309510	Infrasound	31.55	-80.03	60	EarthScope DS AELUMA	events/2012/Infrasound_Event_11724332
1343309940	2012-07-26T13:39:00	AELUMA event 1343309940	Infrasound	31.48	-79.33	51	EarthScope DS AELUMA	events/2012/Infrasound_Event_11724767
1343350310	2012-07-27T00:51:50	AELUMA event 1343350310	Infrasound	31.68	-80.15	143	EarthScope DS AELUMA	events/2012/Infrasound_Event_11725202
1343355800	2012-07-27T02:23:20	AELUMA event 1343355800	Infrasound	29.2	-86.18	77	EarthScope DS AELUMA	events/2012/Infrasound_Event_11725637
1343356620	2012-07-27T02:37:00	AELUMA event 1343356620	Infrasound	28.95	-84.28	52	EarthScope DS AELUMA	events/2012/Infrasound_Event_11726072
1343396520	2012-07-27T13:42:00	AELUMA event 1343396520	Infrasound	31.68	-81.27	91	EarthScope DS AELUMA	events/2012/Infrasound_Event_11726507
1343692150	2012-07-30T23:49:10	AELUMA event 1343692150	Infrasound	37.55	-80.57	57	EarthScope DS AELUMA	events/2012/Infrasound_Event_11726942
1343871000	2012-08-02T01:30:00	AELUMA event 1343871000	Infrasound	37.87	-81.52	65	EarthScope DS AELUMA	events/2012/Infrasound_Event_11727378
1343908190	2012-08-02T11:49:50	AELUMA event 1343908190	Infrasound	38.07	-82.15	38	EarthScope DS AELUMA	events/2012/Infrasound_Event_11727814
1343914790	2012-08-02T13:39:50	AELUMA event 1343914790	Infrasound	33.35	-80.65	40	EarthScope DS AELUMA	events/2012/Infrasound_Event_11728250
1343914990	2012-08-02T13:43:10	AELUMA event 1343914990	Infrasound	31.58	-80.68	149	EarthScope DS AELUMA	events/2012/Infrasound_Event_11728686
1343916070	2012-08-02T14:01:10	AELUMA event 1343916070	Infrasound	31.15	-81.02	59	EarthScope DS AELUMA	events/2012/Infrasound_Event_11729122
1343917280	2012-08-02T14:21:20	AELUMA event 1343917280	Infrasound	31.92	-81.23	102	EarthScope DS AELUMA	events/2012/Infrasound_Event_11729558
1344002060	2012-08-03T13:54:20	AELUMA event 1344002060	Infrasound	34.35	-80.42	41	EarthScope DS AELUMA	events/2012/Infrasound_Event_11729994
1344002850	2012-08-03T14:07:30	AELUMA event 1344002850	Infrasound	31.17	-79.82	72	EarthScope DS AELUMA	events/2012/Infrasound_Event_11730430
1344013500	2012-08-03T17:05:00	AELUMA event 1344013500	Infrasound	30.97	-80.5	42	EarthScope DS AELUMA	events/2012/Infrasound_Event_11730866
1344091030	2012-08-04T14:37:10	AELUMA event 1344091030	Infrasound	34.25	-80.22	38	EarthScope DS AELUMA	events/2012/Infrasound_Event_11731302
1344262590	2012-08-06T14:16:30	AELUMA event 1344262590	Infrasound	31.37	-79.97	54	EarthScope DS AELUMA	events/2012/Infrasound_Event_11731738
1344263630	2012-08-06T14:33:50	AELUMA event 1344263630	Infrasound	31.73	-83.43	79	EarthScope DS AELUMA	events/2012/Infrasound_Event_11732174
1344270520	2012-08-06T16:28:40	AELUMA event 1344270520	Infrasound	32.4	-79.82	56	EarthScope DS AELUMA	events/2012/Infrasound_Event_11732610
1344283080	2012-08-06T19:58:00	AELUMA event 1344283080	Infrasound	31.58	-81.02	98	EarthScope DS AELUMA	events/2012/Infrasound_Event_11733046
1344288620	2012-08-06T21:30:20	AELUMA event 1344288620	Infrasound	29.68	-84.88	86	EarthScope DS AELUMA	events/2012/Infrasound_Event_11733482
1344304410	2012-08-07T01:53:30	AELUMA event 1344304410	Infrasound	35.77	-80.22	46	EarthScope DS AELUMA	events/2012/Infrasound_Event_11733918
1344344920	2012-08-07T13:08:40	AELUMA event 1344344920	Infrasound	36.32	-80.22	43	EarthScope DS AELUMA	events/2012/Infrasound_Event_11734354
1344345060	2012-08-07T13:11:00	AELUMA event 1344345060	Infrasound	32.3	-80.95	107	EarthScope DS AELUMA	events/2012/Infrasound_Event_11734790
1344347340	2012-08-07T13:49:00	AELUMA event 1344347340	Infrasound	28.97	-87.17	49	EarthScope DS AELUMA	events/2012/Infrasound_Event_11735226
1344352290	2012-08-07T15:11:30	AELUMA event 1344352290	Infrasound	28.92	-84.98	57	EarthScope DS AELUMA	events/2012/Infrasound_Event_11735662
1344352450	2012-08-07T15:14:10	AELUMA event 1344352450	Infrasound	32.25	-79.28	40	EarthScope DS AELUMA	events/2012/Infrasound_Event_11736098
1344384460	2012-08-08T00:07:40	AELUMA event 1344384460	Infrasound	41.83	-81.43	100	EarthScope DS AELUMA	events/2012/Infrasound_Event_11736534
1344384730	2012-08-08T00:12:10	AELUMA event 1344384730	Infrasound	44.43	-83.62	40	EarthScope DS AELUMA	events/2012/Infrasound_Event_11736970
1344385540	2012-08-08T00:25:40	AELUMA event 1344385540	Infrasound	42.12	-81.08	94	EarthScope DS AELUMA	events/2012/Infrasound_Event_11737406
1344385880	2012-08-08T00:31:20	AELUMA event 1344385880	Infrasound	44.78	-83.17	30	EarthScope DS AELUMA	events/2012/Infrasound_Event_11737842
1344386690	2012-08-08T00:44:50	AELUMA event 1344386690	Infrasound	42.17	-81.12	114	EarthScope DS AELUMA	events/2012/Infrasound_Event_11738278
1344386980	2012-08-08T00:49:40	AELUMA event 1344386980	Infrasound	44.73	-83.17	37	EarthScope DS AELUMA	events/2012/Infrasound_Event_11738714
1344387630	2012-08-08T01:00:30	AELUMA event 1344387630	Infrasound	41.3	-80.97	77	EarthScope DS AELUMA	events/2012/Infrasound_Event_11739150
1344388260	2012-08-08T01:11:00	AELUMA event 1344388260	Infrasound	42.12	-81.12	92	EarthScope DS AELUMA	events/2012/Infrasound_Event_11739586
1344397440	2012-08-08T03:44:00	AELUMA event 1344397440	Infrasound	38.02	-80.27	39	EarthScope DS AELUMA	events/2012/Infrasound_Event_11740022
1344397620	2012-08-08T03:47:00	AELUMA event 1344397620	Infrasound	37.4	-81.37	96	EarthScope DS AELUMA	events/2012/Infrasound_Event_11740458
1344397820	2012-08-08T03:50:20	AELUMA event 1344397820	Infrasound	34.87	-80.98	93	EarthScope DS AELUMA	events/2012/Infrasound_Event_11740894
1344440400	2012-08-08T15:40:00	AELUMA event 1344440400	Infrasound	29.07	-84.35	52	EarthScope DS AELUMA	events/2012/Infrasound_Event_11741330
1344519240	2012-08-09T13:34:00	AELUMA event 1344519240	Infrasound	34.83	-80.67	40	EarthScope DS AELUMA	events/2012/Infrasound_Event_11741766
1344605090	2012-08-10T13:24:50	AELUMA event 1344605090	Infrasound	31.05	-81.08	52	EarthScope DS AELUMA	events/2012/Infrasound_Event_11742201
1344864020	2012-08-13T13:20:20	AELUMA event 1344864020	Infrasound	31.38	-80.8	58	EarthScope DS AELUMA	events/2012/Infrasound_Event_11742636
1344864740	2012-08-13T13:32:20	AELUMA event 1344864740	Infrasound	31.58	-80.45	33	EarthScope DS AELUMA	events/2012/Infrasound_Event_11743071
1344865200	2012-08-13T13:40:00	AELUMA event 1344865200	Infrasound	28.98	-84.3	43	EarthScope DS AELUMA	events/2012/Infrasound_Event_11743506
1344910500	2012-08-14T02:15:00	AELUMA event 1344910500	Infrasound	28.73	-84.27	24	EarthScope DS AELUMA	events/2012/Infrasound_Event_11743941
1344912790	2012-08-14T02:53:10	AELUMA event 1344912790	Infrasound	29.25	-84.75	34	EarthScope DS AELUMA	events/2012/Infrasound_Event_11744376
1344913750	2012-08-14T03:09:10	AELUMA event 1344913750	Infrasound	29.2	-84.98	35	EarthScope DS AELUMA	events/2012/Infrasound_Event_11744811
1344932310	2012-08-14T08:18:30	AELUMA event 1344932310	Infrasound	47.17	-88.27	25	EarthScope DS AELUMA	events/2012/Infrasound_Event_11745246
1344950340	2012-08-14T13:19:00	AELUMA event 1344950340	Infrasound	30.35	-80.73	64	EarthScope DS AELUMA	events/2012/Infrasound_Event_11745681
1344956030	2012-08-14T14:53:50	AELUMA event 1344956030	Infrasound	32.1	-79.95	49	EarthScope DS AELUMA	events/2012/Infrasound_Event_11746116
1344999030	2012-08-15T02:50:30	AELUMA event 1344999030	Infrasound	29.03	-84.65	123	EarthScope DS AELUMA	events/2012/Infrasound_Event_11746551
1345000110	2012-08-15T03:08:30	AELUMA event 1345000110	Infrasound	29.47	-85.02	148	EarthScope DS AELUMA	events/2012/Infrasound_Event_11746986
1345037270	2012-08-15T13:27:50	AELUMA event 1345037270	Infrasound	31.25	-79.3	64	EarthScope DS AELUMA	events/2012/Infrasound_Event_11747421
1345038240	2012-08-15T13:44:00	AELUMA event 1345038240	Infrasound	31.45	-80.55	49	EarthScope DS AELUMA	events/2012/Infrasound_Event_11747856
1345038670	2012-08-15T13:51:10	AELUMA event 1345038670	Infrasound	31.38	-82.55	78	EarthScope DS AELUMA	events/2012/Infrasound_Event_11748291
1345066230	2012-08-15T21:30:30	AELUMA event 1345066230	Infrasound	30.25	-84.8	50	EarthScope DS AELUMA	events/2012/Infrasound_Event_11748726
1345069540	2012-08-15T22:25:40	AELUMA event 1345069540	Infrasound	32.35	-80.67	24	EarthScope DS AELUMA	events/2012/Infrasound_Event_11749161
1345076060	2012-08-16T00:14:20	AELUMA event 1345076060	Infrasound	33.35	-87.03	64	EarthScope DS AELUMA	events/2012/Infrasound_Event_11749596
1345084110	2012-08-16T02:28:30	AELUMA event 1345084110	Infrasound	28.87	-85.17	140	EarthScope DS AELUMA	events/2012/Infrasound_Event_11750031
1345123150	2012-08-16T13:19:10	AELUMA event 1345123150	Infrasound	28.43	-85.72	55	EarthScope DS AELUMA	events/2012/Infrasound_Event_11750466
1345123730	2012-08-16T13:28:50	AELUMA event 1345123730	Infrasound	31.3	-79.98	106	EarthScope DS AELUMA	events/2012/Infrasound_Event_11750901
1345128580	2012-08-16T14:49:40	AELUMA event 1345128580	Infrasound	29.12	-86.18	34	EarthScope DS AELUMA	events/2012/Infrasound_Event_11751336
1345210860	2012-08-17T13:41:00	AELUMA event 1345210860	Infrasound	32.48	-80.92	80	EarthScope DS AELUMA	events/2012/Infrasound_Event_11751771
1345211460	2012-08-17T13:51:00	AELUMA event 1345211460	Infrasound	32.02	-80.62	30	EarthScope DS AELUMA	events/2012/Infrasound_Event_11752206
1345214410	2012-08-17T14:40:10	AELUMA event 1345214410	Infrasound	31.83	-80.97	93	EarthScope DS AELUMA	events/2012/Infrasound_Event_11752641
1345239690	2012-08-17T21:41:30	AELUMA event 1345239690	Infrasound	30.15	-86.85	42	EarthScope DS AELUMA	events/2012/Infrasound_Event_11753076
1345244870	2012-08-17T23:07:50	AELUMA event 1345244870	Infrasound	33.25	-87.42	27	EarthScope DS AELUMA	events/2012/Infrasound_Event_11753511
1345295460	2012-08-18T13:11:00	AELUMA event 1345295460	Infrasound	31.4	-81.12	95	EarthScope DS AELUMA	events/2012/Infrasound_Event_11753946
1345295610	2012-08-18T13:13:30	AELUMA event 1345295610	Infrasound	38.97	-87.27	38	EarthScope DS AELUMA	events/2012/Infrasound_Event_11754381
1345470250	2012-08-20T13:44:10	AELUMA event 1345470250	Infrasound	31.68	-81.27	117	EarthScope DS AELUMA	events/2012/Infrasound_Event_11754816
1345487790	2012-08-20T18:36:30	AELUMA event 1345487790	Infrasound	31.45	-79.67	38	EarthScope DS AELUMA	events/2012/Infrasound_Event_11755251
1345553740	2012-08-21T12:55:40	AELUMA event 1345553740	Infrasound	32.25	-80.73	101	EarthScope DS AELUMA	events/2012/Infrasound_Event_11755686
1345561010	2012-08-21T14:56:50	AELUMA event 1345561010	Infrasound	31.92	-80.93	77	EarthScope DS AELUMA	events/2012/Infrasound_Event_11756121
1345579690	2012-08-21T20:08:10	AELUMA event 1345579690	Infrasound	29.6	-88.83	43	EarthScope DS AELUMA	events/2012/Infrasound_Event_11756556
1345583700	2012-08-21T21:15:00	AELUMA event 1345583700	Infrasound	32.72	-82.93	46	EarthScope DS AELUMA	events/2012/Infrasound_Event_11756991
1345642220	2012-08-22T13:30:20	AELUMA event 1345642220	Infrasound	31.2	-79.83	72	EarthScope DS AELUMA	events/2012/Infrasound_Event_11757426
1345642800	2012-08-22T13:40:00	AELUMA event 1345642800	Infrasound	31.15	-79.15	49	EarthScope DS AELUMA	events/2012/Infrasound_Event_11757861
1345642960	2012-08-22T13:42:40	AELUMA event 1345642960	Infrasound	30.53	-86.37	58	EarthScope DS AELUMA	events/2012/Infrasound_Event_11758296
1345643460	2012-08-22T13:51:00	AELUMA event 1345643460	Infrasound	31.67	-81.28	105	EarthScope DS AELUMA	events/2012/Infrasound_Event_11758731
1345647580	2012-08-22T14:59:40	AELUMA event 1345647580	Infrasound	32.12	-81.03	64	EarthScope DS AELUMA	events/2012/Infrasound_Event_11759166
1345679440	2012-08-22T23:50:40	AELUMA event 1345679440	Infrasound	32.58	-81.67	194	EarthScope DS AELUMA	events/2012/Infrasound_Event_11759601
1345729870	2012-08-23T13:51:10	AELUMA event 1345729870	Infrasound	31.32	-82.67	54	EarthScope DS AELUMA	events/2012/Infrasound_Event_11760036
1345753020	2012-08-23T20:17:00	AELUMA event 1345753020	Infrasound	29.05	-84.27	55	EarthScope DS AELUMA	events/2012/Infrasound_Event_11760471
1345808840	2012-08-24T11:47:20	AELUMA event 1345808840	Infrasound	38.07	-82.17	67	EarthScope DS AELUMA	events/2012/Infrasound_Event_11760907
1346010290	2012-08-26T19:44:50	AELUMA event 1346010290	Infrasound	32.12	-81.98	52	EarthScope DS AELUMA	events/2012/Infrasound_Event_11761345
1346105380	2012-08-27T22:09:40	AELUMA event 1346105380	Infrasound	36.2	-80.17	51	EarthScope DS AELUMA	events/2012/Infrasound_Event_11761784
1346314120	2012-08-30T08:05:00	Atlas 5 rocket launch, Florida	Rocket launch	28.58	-80.58	155	EarthScope DS TAIRED	events/2012/Infrasound_Event_12659499
1346314120	2012-08-30T08:08:40	AELUMA event 1346314120	Infrasound	28.53	-80.37	54	EarthScope DS AELUMA	events/2012/Infrasound_Event_11762226
1346640360	2012-09-03T02:46:00	AELUMA event 1346640360	Infrasound	34.2	-80.17	72	EarthScope DS AELUMA	events/2012/Infrasound_Event_11762666
1346805140	2012-09-05T00:32:20	AELUMA event 1346805140	Infrasound	35.87	-80.17	48	EarthScope DS AELUMA	events/2012/Infrasound_Event_11763107
1346808050	2012-09-05T01:20:50	AELUMA event 1346808050	Infrasound	30.87	-86.13	84	EarthScope DS AELUMA	events/2012/Infrasound_Event_11763548
1346874160	2012-09-05T19:42:40	AELUMA event 1346874160	Infrasound	28.95	-84.2	47	EarthScope DS AELUMA	events/2012/Infrasound_Event_11763989
1346893840	2012-09-06T01:10:40	AELUMA event 1346893840	Infrasound	29.5	-86.55	31	EarthScope DS AELUMA	events/2012/Infrasound_Event_11764430
1346894200	2012-09-06T01:16:40	AELUMA event 1346894200	Infrasound	30.97	-80.27	36	EarthScope DS AELUMA	events/2012/Infrasound_Event_11764871
1346896470	2012-09-06T01:54:30	AELUMA event 1346896470	Infrasound	33.83	-79.65	57	EarthScope DS AELUMA	events/2012/Infrasound_Event_11765312
1346896750	2012-09-06T01:59:10	AELUMA event 1346896750	Infrasound	34.95	-80.7	37	EarthScope DS AELUMA	events/2012/Infrasound_Event_11765753
1346937540	2012-09-06T13:19:00	AELUMA event 1346937540	Infrasound	33.08	-79.47	51	EarthScope DS AELUMA	events/2012/Infrasound_Event_11766194
1346978770	2012-09-07T00:46:10	AELUMA event 1346978770	Infrasound	31.17	-80.35	108	EarthScope DS AELUMA	events/2012/Infrasound_Event_11766635
1346979660	2012-09-07T01:01:00	AELUMA event 1346979660	Infrasound	31.05	-80.0	53	EarthScope DS AELUMA	events/2012/Infrasound_Event_11767076
1346983190	2012-09-07T01:59:50	AELUMA event 1346983190	Infrasound	31.68	-89.03	37	EarthScope DS AELUMA	events/2012/Infrasound_Event_11767517
1347026000	2012-09-07T13:53:20	AELUMA event 1347026000	Infrasound	32.73	-79.65	36	EarthScope DS AELUMA	events/2012/Infrasound_Event_11767958
1347028510	2012-09-07T14:35:10	AELUMA event 1347028510	Infrasound	28.68	-84.85	64	EarthScope DS AELUMA	events/2012/Infrasound_Event_11768399
1347028780	2012-09-07T14:39:40	AELUMA event 1347028780	Infrasound	34.92	-80.73	47	EarthScope DS AELUMA	events/2012/Infrasound_Event_11768840
1347029160	2012-09-07T14:46:00	AELUMA event 1347029160	Infrasound	36.2	-80.43	42	EarthScope DS AELUMA	events/2012/Infrasound_Event_11769281
1347031380	2012-09-07T15:23:00	AELUMA event 1347031380	Infrasound	28.93	-84.98	65	EarthScope DS AELUMA	events/2012/Infrasound_Event_11769722
1347036180	2012-09-07T16:43:00	AELUMA event 1347036180	Infrasound	36.35	-80.17	30	EarthScope DS AELUMA	events/2012/Infrasound_Event_11770163
1347054940	2012-09-07T21:55:40	AELUMA event 1347054940	Infrasound	31.2	-80.7	83	EarthScope DS AELUMA	events/2012/Infrasound_Event_11770604
1347064800	2012-09-08T00:40:00	AELUMA event 1347064800	Infrasound	30.97	-80.4	26	EarthScope DS AELUMA	events/2012/Infrasound_Event_11771046
1347281470	2012-09-10T12:51:10	AELUMA event 1347281470	Infrasound	36.12	-80.28	63	EarthScope DS AELUMA	events/2012/Infrasound_Event_11771491
1347283680	2012-09-10T13:28:00	AELUMA event 1347283680	Infrasound	30.58	-86.37	58	EarthScope DS AELUMA	events/2012/Infrasound_Event_11771936
1347289560	2012-09-10T15:06:00	AELUMA event 1347289560	Infrasound	36.07	-80.45	27	EarthScope DS AELUMA	events/2012/Infrasound_Event_11772381
1347310040	2012-09-10T20:47:20	AELUMA event 1347310040	Infrasound	28.97	-85.78	57	EarthScope DS AELUMA	events/2012/Infrasound_Event_11772826
1347317300	2012-09-10T22:48:20	AELUMA event 1347317300	Infrasound	35.77	-80.78	42	EarthScope DS AELUMA	events/2012/Infrasound_Event_11773271
1347324620	2012-09-11T00:50:20	AELUMA event 1347324620	Infrasound	31.82	-80.65	42	EarthScope DS AELUMA	events/2012/Infrasound_Event_11773717
1347325580	2012-09-11T01:06:20	AELUMA event 1347325580	Infrasound	31.12	-79.75	107	EarthScope DS AELUMA	events/2012/Infrasound_Event_11774163
1347486820	2012-09-12T21:53:40	AELUMA event 1347486820	Infrasound	35.88	-80.17	29	EarthScope DS AELUMA	events/2012/Infrasound_Event_11774609
1347498140	2012-09-13T01:02:20	AELUMA event 1347498140	Infrasound	31.07	-80.42	34	EarthScope DS AELUMA	events/2012/Infrasound_Event_11775056
1347566400	2012-09-13T20:00:00	AELUMA event 1347566400	Infrasound	29.6	-84.63	40	EarthScope DS AELUMA	events/2012/Infrasound_Event_11775502
1347567210	2012-09-13T20:13:30	AELUMA event 1347567210	Infrasound	29.73	-84.5	78	EarthScope DS AELUMA	events/2012/Infrasound_Event_11775948
1347582600	2012-09-14T00:30:00	AELUMA event 1347582600	Infrasound	28.98	-84.02	38	EarthScope DS AELUMA	events/2012/Infrasound_Event_11776394
1347583950	2012-09-14T00:52:30	AELUMA event 1347583950	Infrasound	32.87	-81.87	85	EarthScope DS AELUMA	events/2012/Infrasound_Event_11776840
1347584930	2012-09-14T01:08:50	AELUMA event 1347584930	Infrasound	31.83	-81.88	96	EarthScope DS AELUMA	events/2012/Infrasound_Event_11777286
1347627280	2012-09-14T12:54:40	AELUMA event 1347627280	Infrasound	33.07	-80.78	82	EarthScope DS AELUMA	events/2012/Infrasound_Event_11777732
1347752180	2012-09-15T23:36:20	AELUMA event 1347752180	Infrasound	33.87	-87.08	38	EarthScope DS AELUMA	events/2012/Infrasound_Event_11778173
1347800330	2012-09-16T12:58:50	AELUMA event 1347800330	Infrasound	31.68	-81.27	123	EarthScope DS AELUMA	events/2012/Infrasound_Event_11778613
1347927730	2012-09-18T00:22:10	AELUMA event 1347927730	Infrasound	34.82	-96.13	42	EarthScope DS AELUMA	events/2012/Infrasound_Event_11779049
1348007580	2012-09-18T22:33:00	AELUMA event 1348007580	Infrasound	29.93	-85.12	42	EarthScope DS AELUMA	events/2012/Infrasound_Event_11779485
1348019200	2012-09-19T01:46:40	AELUMA event 1348019200	Infrasound	42.33	-94.75	52	EarthScope DS AELUMA	events/2012/Infrasound_Event_11779921
1348025410	2012-09-19T03:30:10	AELUMA event 1348025410	Infrasound	46.27	-95.37	36	EarthScope DS AELUMA	events/2012/Infrasound_Event_11780357
1348065320	2012-09-19T14:35:20	AELUMA event 1348065320	Infrasound	30.55	-86.35	36	EarthScope DS AELUMA	events/2012/Infrasound_Event_11780793
1348108800	2012-09-19T19:40:00	Unknown source	Unknown	30.08	-83.68	241	EarthScope DS TAIRED	events/2012/Infrasound_Event_12659934
1348084720	2012-09-19T19:58:40	AELUMA event 1348084720	Infrasound	28.73	-84.47	94	EarthScope DS AELUMA	events/2012/Infrasound_Event_11781228
1348087600	2012-09-19T20:46:40	AELUMA event 1348087600	Infrasound	27.92	-81.97	38	EarthScope DS AELUMA	events/2012/Infrasound_Event_11781663
1348112880	2012-09-20T03:48:00	AELUMA event 1348112880	Infrasound	33.32	-95.85	60	EarthScope DS AELUMA	events/2012/Infrasound_Event_11782098
1348154310	2012-09-20T15:18:30	AELUMA event 1348154310	Infrasound	28.87	-86.08	37	EarthScope DS AELUMA	events/2012/Infrasound_Event_11782533
1348176350	2012-09-20T21:25:50	AELUMA event 1348176350	Infrasound	29.4	-85.37	102	EarthScope DS AELUMA	events/2012/Infrasound_Event_11782968
1348186970	2012-09-21T00:22:50	AELUMA event 1348186970	Infrasound	40.87	-94.65	31	EarthScope DS AELUMA	events/2012/Infrasound_Event_11783403
1348235620	2012-09-21T13:53:40	AELUMA event 1348235620	Infrasound	32.52	-81.83	39	EarthScope DS AELUMA	events/2012/Infrasound_Event_11783838
1348469230	2012-09-24T06:47:10	AELUMA event 1348469230	Infrasound	35.15	-89.93	87	EarthScope DS AELUMA	events/2012/Infrasound_Event_11784273
1348481150	2012-09-24T10:05:50	AELUMA event 1348481150	Infrasound	35.92	-89.75	39	EarthScope DS AELUMA	events/2012/Infrasound_Event_11784708
1348489910	2012-09-24T12:31:50	AELUMA event 1348489910	Infrasound	29.02	-83.95	63	EarthScope DS AELUMA	events/2012/Infrasound_Event_11785143
1348490790	2012-09-24T12:46:30	AELUMA event 1348490790	Infrasound	29.43	-84.45	63	EarthScope DS AELUMA	events/2012/Infrasound_Event_11785578
1348756800	2012-09-27T14:40:00	AELUMA event 1348756800	Infrasound	30.58	-86.57	46	EarthScope DS AELUMA	events/2012/Infrasound_Event_11786013
1348777210	2012-09-27T20:20:10	AELUMA event 1348777210	Infrasound	29.68	-86.07	62	EarthScope DS AELUMA	events/2012/Infrasound_Event_11786447
1348800920	2012-09-28T02:55:20	AELUMA event 1348800920	Infrasound	45.03	-95.53	33	EarthScope DS AELUMA	events/2012/Infrasound_Event_11786881
1348842240	2012-09-28T14:24:00	AELUMA event 1348842240	Infrasound	28.83	-83.65	59	EarthScope DS AELUMA	events/2012/Infrasound_Event_11787315
1348843040	2012-09-28T14:37:20	AELUMA event 1348843040	Infrasound	29.42	-84.03	117	EarthScope DS AELUMA	events/2012/Infrasound_Event_11787749
1348886520	2012-09-29T02:42:00	AELUMA event 1348886520	Infrasound	31.45	-87.87	26	EarthScope DS AELUMA	events/2012/Infrasound_Event_11788182
1348887660	2012-09-29T03:01:00	AELUMA event 1348887660	Infrasound	39.43	-94.07	36	EarthScope DS AELUMA	events/2012/Infrasound_Event_11788615
1349145080	2012-10-02T02:31:20	AELUMA event 1349145080	Infrasound	42.03	-94.3	31	EarthScope DS AELUMA	events/2012/Infrasound_Event_11789045
1349223120	2012-10-03T00:12:00	AELUMA event 1349223120	Infrasound	44.5	-95.38	28	EarthScope DS AELUMA	events/2012/Infrasound_Event_11789474
1349223170	2012-10-03T00:12:50	AELUMA event 1349223170	Infrasound	42.0	-94.83	30	EarthScope DS AELUMA	events/2012/Infrasound_Event_11789903
1349226840	2012-10-03T01:14:00	AELUMA event 1349226840	Infrasound	37.25	-96.47	22	EarthScope DS AELUMA	events/2012/Infrasound_Event_11790332
1349227190	2012-10-03T01:19:50	AELUMA event 1349227190	Infrasound	44.73	-95.43	36	EarthScope DS AELUMA	events/2012/Infrasound_Event_11790761
1349271940	2012-10-03T13:45:40	AELUMA event 1349271940	Infrasound	29.58	-88.6	38	EarthScope DS AELUMA	events/2012/Infrasound_Event_11791190
1349287680	2012-10-03T18:08:00	AELUMA event 1349287680	Infrasound	29.83	-89.9	73	EarthScope DS AELUMA	events/2012/Infrasound_Event_11791619
1349302980	2012-10-03T22:23:00	AELUMA event 1349302980	Infrasound	32.88	-95.8	34	EarthScope DS AELUMA	events/2012/Infrasound_Event_11792048
1349303640	2012-10-03T22:34:00	AELUMA event 1349303640	Infrasound	32.33	-93.32	81	EarthScope DS AELUMA	events/2012/Infrasound_Event_11792477
1349303890	2012-10-03T22:38:10	AELUMA event 1349303890	Infrasound	34.67	-92.88	63	EarthScope DS AELUMA	events/2012/Infrasound_Event_11792906
1349310420	2012-10-04T00:27:00	AELUMA event 1349310420	Infrasound	44.53	-95.13	27	EarthScope DS AELUMA	events/2012/Infrasound_Event_11793335
1349377800	2012-10-04T12:10:00	Delta 4 rocket launch, Florida	Rocket launch	28.53	-80.56	153	EarthScope DS TAIRED	events/2012/Infrasound_Event_12661996
1349360180	2012-10-04T14:16:20	AELUMA event 1349360180	Infrasound	30.68	-86.27	53	EarthScope DS AELUMA	events/2012/Infrasound_Event_11793764
1349379760	2012-10-04T19:42:40	AELUMA event 1349379760	Infrasound	29.23	-88.55	42	EarthScope DS AELUMA	events/2012/Infrasound_Event_11794192
1349379970	2012-10-04T19:46:10	AELUMA event 1349379970	Infrasound	30.07	-87.47	79	EarthScope DS AELUMA	events/2012/Infrasound_Event_11794620
1349381540	2012-10-04T20:12:20	AELUMA event 1349381540	Infrasound	31.05	-90.43	30	EarthScope DS AELUMA	events/2012/Infrasound_Event_11795048
1349390290	2012-10-04T22:38:10	AELUMA event 1349390290	Infrasound	33.97	-87.62	32	EarthScope DS AELUMA	events/2012/Infrasound_Event_11795476
1349393100	2012-10-04T23:25:00	AELUMA event 1349393100	Infrasound	29.72	-95.47	33	EarthScope DS AELUMA	events/2012/Infrasound_Event_11795904
1349396660	2012-10-05T00:24:20	AELUMA event 1349396660	Infrasound	30.92	-89.03	84	EarthScope DS AELUMA	events/2012/Infrasound_Event_11796332
1349476140	2012-10-05T22:29:00	AELUMA event 1349476140	Infrasound	31.02	-89.03	67	EarthScope DS AELUMA	events/2012/Infrasound_Event_11796760
1349477150	2012-10-05T22:45:50	AELUMA event 1349477150	Infrasound	32.3	-95.8	66	EarthScope DS AELUMA	events/2012/Infrasound_Event_11797188
1349477960	2012-10-05T22:59:20	AELUMA event 1349477960	Infrasound	32.43	-93.42	84	EarthScope DS AELUMA	events/2012/Infrasound_Event_11797616
1349574580	2012-10-07T01:49:40	AELUMA event 1349574580	Infrasound	30.5	-90.03	28	EarthScope DS AELUMA	events/2012/Infrasound_Event_11798043
1349655630	2012-10-08T00:20:30	AELUMA event 1349655630	Infrasound	44.83	-95.47	29	EarthScope DS AELUMA	events/2012/Infrasound_Event_11798471
1349655740	2012-10-08T00:22:20	AELUMA event 1349655740	Infrasound	41.68	-94.95	52	EarthScope DS AELUMA	events/2012/Infrasound_Event_11798899
1349656040	2012-10-08T00:27:20	AELUMA event 1349656040	Infrasound	38.78	-95.72	27	EarthScope DS AELUMA	events/2012/Infrasound_Event_11799327
1349681700	2012-10-08T00:35:00	Falcon 9 rocket launch, Florida	Rocket launch	28.56	-80.58	154	EarthScope DS TAIRED	events/2012/Infrasound_Event_12666382
1349681700	2012-10-08T00:46:31	Off east coast of United States	Bulletin event	30.13	-77.65	126	ISC	events/2012/Infrasound_Event_12671198
1349658300	2012-10-08T01:05:00	AELUMA event 1349658300	Infrasound	32.65	-82.07	79	EarthScope DS AELUMA	events/2012/Infrasound_Event_11799755
1349706060	2012-10-08T07:21:00	Unknown source	Unknown	36.33	-87.35	186	EarthScope DS TAIRED	events/2012/Infrasound_Event_12668115
1349792200	2012-10-09T14:16:40	AELUMA event 1349792200	Infrasound	30.53	-86.32	34	EarthScope DS AELUMA	events/2012/Infrasound_Event_11800183
1349817000	2012-10-09T21:10:00	AELUMA event 1349817000	Infrasound	29.33	-91.08	92	EarthScope DS AELUMA	events/2012/Infrasound_Event_11800611
1349818850	2012-10-09T21:40:50	AELUMA event 1349818850	Infrasound	31.63	-94.47	51	EarthScope DS AELUMA	events/2012/Infrasound_Event_11801039
1349820360	2012-10-09T22:06:00	AELUMA event 1349820360	Infrasound	28.87	-83.88	32	EarthScope DS AELUMA	events/2012/Infrasound_Event_11801467
1349820420	2012-10-09T22:07:00	AELUMA event 1349820420	Infrasound	32.77	-93.2	73	EarthScope DS AELUMA	events/2012/Infrasound_Event_11801895
1349821310	2012-10-09T22:21:50	AELUMA event 1349821310	Infrasound	32.73	-94.08	88	EarthScope DS AELUMA	events/2012/Infrasound_Event_11802323
1349825680	2012-10-09T23:34:40	AELUMA event 1349825680	Infrasound	36.95	-94.62	36	EarthScope DS AELUMA	events/2012/Infrasound_Event_11802754
1349826530	2012-10-09T23:48:50	AELUMA event 1349826530	Infrasound	35.45	-91.63	34	EarthScope DS AELUMA	events/2012/Infrasound_Event_11803185
1349840170	2012-10-10T03:36:10	AELUMA event 1349840170	Infrasound	31.98	-95.28	43	EarthScope DS AELUMA	events/2012/Infrasound_Event_11803616
1349881870	2012-10-10T15:11:10	AELUMA event 1349881870	Infrasound	28.48	-91.13	35	EarthScope DS AELUMA	events/2012/Infrasound_Event_11804047
1349921030	2012-10-11T02:03:50	AELUMA event 1349921030	Infrasound	36.35	-92.62	64	EarthScope DS AELUMA	events/2012/Infrasound_Event_11804480
1349925900	2012-10-11T03:25:00	AELUMA event 1349925900	Infrasound	36.15	-96.37	64	EarthScope DS AELUMA	events/2012/Infrasound_Event_11804913
1349925960	2012-10-11T03:26:00	AELUMA event 1349925960	Infrasound	31.97	-95.85	27	EarthScope DS AELUMA	events/2012/Infrasound_Event_11805346
1349926640	2012-10-11T03:37:20	AELUMA event 1349926640	Infrasound	32.8	-93.42	64	EarthScope DS AELUMA	events/2012/Infrasound_Event_11805779
1349927260	2012-10-11T03:47:40	AELUMA event 1349927260	Infrasound	38.77	-92.5	61	EarthScope DS AELUMA	events/2012/Infrasound_Event_11806212
1349927370	2012-10-11T03:49:30	AELUMA event 1349927370	Infrasound	36.65	-91.88	57	EarthScope DS AELUMA	events/2012/Infrasound_Event_11806645
1349961900	2012-10-11T13:25:00	AELUMA event 1349961900	Infrasound	30.32	-84.18	43	EarthScope DS AELUMA	events/2012/Infrasound_Event_11807078
1349988060	2012-10-11T20:41:00	AELUMA event 1349988060	Infrasound	29.03	-85.7	35	EarthScope DS AELUMA	events/2012/Infrasound_Event_11807511
1349989750	2012-10-11T21:09:10	AELUMA event 1349989750	Infrasound	29.58	-85.62	64	EarthScope DS AELUMA	events/2012/Infrasound_Event_11807944
1349990920	2012-10-11T21:28:40	AELUMA event 1349990920	Infrasound	30.37	-85.85	35	EarthScope DS AELUMA	events/2012/Infrasound_Event_11808377
1349992180	2012-10-11T21:49:40	AELUMA event 1349992180	Infrasound	32.6	-95.7	62	EarthScope DS AELUMA	events/2012/Infrasound_Event_11808810
1349993010	2012-10-11T22:03:30	AELUMA event 1349993010	Infrasound	32.48	-93.43	97	EarthScope DS AELUMA	events/2012/Infrasound_Event_11809243
1349993940	2012-10-11T22:19:00	AELUMA event 1349993940	Infrasound	35.93	-91.33	49	EarthScope DS AELUMA	events/2012/Infrasound_Event_11809676
1349994860	2012-10-11T22:34:20	AELUMA event 1349994860	Infrasound	31.6	-95.8	37	EarthScope DS AELUMA	events/2012/Infrasound_Event_11810109
1349995620	2012-10-11T22:47:00	AELUMA event 1349995620	Infrasound	32.63	-93.98	122	EarthScope DS AELUMA	events/2012/Infrasound_Event_11810542
1349996490	2012-10-11T23:01:30	AELUMA event 1349996490	Infrasound	36.23	-92.05	65	EarthScope DS AELUMA	events/2012/Infrasound_Event_11810976
1350012560	2012-10-12T03:29:20	AELUMA event 1350012560	Infrasound	33.07	-95.85	74	EarthScope DS AELUMA	events/2012/Infrasound_Event_11811410
1350051340	2012-10-12T14:15:40	AELUMA event 1350051340	Infrasound	30.4	-86.42	47	EarthScope DS AELUMA	events/2012/Infrasound_Event_11811844
1350074130	2012-10-12T20:35:30	AELUMA event 1350074130	Infrasound	29.13	-84.93	30	EarthScope DS AELUMA	events/2012/Infrasound_Event_11812278
1350076280	2012-10-12T21:11:20	AELUMA event 1350076280	Infrasound	31.38	-83.8	25	EarthScope DS AELUMA	events/2012/Infrasound_Event_11812712
1350076740	2012-10-12T21:19:00	AELUMA event 1350076740	Infrasound	29.65	-84.23	27	EarthScope DS AELUMA	events/2012/Infrasound_Event_11813146
1350087810	2012-10-13T00:23:30	AELUMA event 1350087810	Infrasound	31.82	-89.4	44	EarthScope DS AELUMA	events/2012/Infrasound_Event_11813580
1350338980	2012-10-15T22:09:40	AELUMA event 1350338980	Infrasound	34.27	-95.65	33	EarthScope DS AELUMA	events/2012/Infrasound_Event_11814014
1350344630	2012-10-15T23:43:50	AELUMA event 1350344630	Infrasound	41.52	-94.85	36	EarthScope DS AELUMA	events/2012/Infrasound_Event_11814449
1350345130	2012-10-15T23:52:10	AELUMA event 1350345130	Infrasound	38.12	-95.25	33	EarthScope DS AELUMA	events/2012/Infrasound_Event_11814884
1350371700	2012-10-16T00:15:00	Unknown source	Unknown	37.75	-116.0	195	EarthScope DS TAIRED	events/2012/Infrasound_Event_12667687
1350352750	2012-10-16T01:59:10	AELUMA event 1350352750	Infrasound	40.17	-93.92	73	EarthScope DS AELUMA	events/2012/Infrasound_Event_11815319
1350352950	2012-10-16T02:02:30	AELUMA event 1350352950	Infrasound	36.82	-93.93	49	EarthScope DS AELUMA	events/2012/Infrasound_Event_11815754
1350353590	2012-10-16T02:13:10	AELUMA event 1350353590	Infrasound	40.22	-94.0	61	EarthScope DS AELUMA	events/2012/Infrasound_Event_11816189
1350353740	2012-10-16T02:15:40	AELUMA event 1350353740	Infrasound	36.77	-94.03	53	EarthScope DS AELUMA	events/2012/Infrasound_Event_11816624
1350354660	2012-10-16T02:31:00	AELUMA event 1350354660	Infrasound	37.37	-94.22	35	EarthScope DS AELUMA	events/2012/Infrasound_Event_11817059
1350361600	2012-10-16T04:25:00	Explosion at Camp Minden, Louisiana	Explosion	32.58	-93.35	262	EarthScope DS TAIRED	events/2012/Infrasound_Event_12666817
1350361600	2012-10-16T04:26:40	AELUMA event 1350361600	Infrasound	32.53	-93.0	258	EarthScope DS AELUMA	events/2012/Infrasound_Event_11817494
1350415680	2012-10-16T19:28:00	AELUMA event 1350415680	Infrasound	29.38	-83.93	35	EarthScope DS AELUMA	events/2012/Infrasound_Event_11817929
1350419280	2012-10-16T20:28:00	AELUMA event 1350419280	Infrasound	32.6	-95.78	61	EarthScope DS AELUMA	events/2012/Infrasound_Event_11591529
1350419280	2012-10-16T20:35:00	Possibly at Camp Minden, Louisiana	Unknown	32.58	-93.35	262	EarthScope DS TAIRED	events/2012/Infrasound_Event_12667252
1350420430	2012-10-16T20:47:10	AELUMA event 1350420430	Infrasound	36.0	-91.58	36	EarthScope DS AELUMA	events/2012/Infrasound_Event_11818798
1350420490	2012-10-16T20:48:10	AELUMA event 1350420490	Infrasound	33.92	-91.65	67	EarthScope DS AELUMA	events/2012/Infrasound_Event_11819233
1350420650	2012-10-16T20:50:50	AELUMA event 1350420650	Infrasound	33.83	-86.98	31	EarthScope DS AELUMA	events/2012/Infrasound_Event_11819668
1350513600	2012-10-17T22:40:00	AELUMA event 1350513600	Infrasound	31.77	-89.88	63	EarthScope DS AELUMA	events/2012/Infrasound_Event_11820104
1350514690	2012-10-17T22:58:10	AELUMA event 1350514690	Infrasound	32.25	-90.6	65	EarthScope DS AELUMA	events/2012/Infrasound_Event_11820540
1350651390	2012-10-19T12:56:30	AELUMA event 1350651390	Infrasound	29.08	-84.55	42	EarthScope DS AELUMA	events/2012/Infrasound_Event_11820977
1350658820	2012-10-19T15:00:20	AELUMA event 1350658820	Infrasound	30.53	-86.42	30	EarthScope DS AELUMA	events/2012/Infrasound_Event_11821414
1350693360	2012-10-20T00:36:00	AELUMA event 1350693360	Infrasound	32.9	-95.95	27	EarthScope DS AELUMA	events/2012/Infrasound_Event_11821851
1350693600	2012-10-20T00:40:00	AELUMA event 1350693600	Infrasound	34.02	-95.22	113	EarthScope DS AELUMA	events/2012/Infrasound_Event_11822288
1350694770	2012-10-20T00:59:30	AELUMA event 1350694770	Infrasound	35.47	-95.98	37	EarthScope DS AELUMA	events/2012/Infrasound_Event_11822725
1350696170	2012-10-20T01:22:50	AELUMA event 1350696170	Infrasound	34.27	-96.0	46	EarthScope DS AELUMA	events/2012/Infrasound_Event_11823162
1350697620	2012-10-20T01:47:00	AELUMA event 1350697620	Infrasound	36.45	-96.07	43	EarthScope DS AELUMA	events/2012/Infrasound_Event_11823599
1350934980	2012-10-22T19:43:00	AELUMA event 1350934980	Infrasound	29.48	-83.85	39	EarthScope DS AELUMA	events/2012/Infrasound_Event_11824037
1350936650	2012-10-22T20:10:50	AELUMA event 1350936650	Infrasound	30.17	-84.68	30	EarthScope DS AELUMA	events/2012/Infrasound_Event_11824475
1350940920	2012-10-22T21:22:00	AELUMA event 1350940920	Infrasound	34.55	-91.48	54	EarthScope DS AELUMA	events/2012/Infrasound_Event_11824913
1350943990	2012-10-22T22:13:10	AELUMA event 1350943990	Infrasound	32.03	-95.85	38	EarthScope DS AELUMA	events/2012/Infrasound_Event_11825351
1350944920	2012-10-22T22:28:40	AELUMA event 1350944920	Infrasound	33.98	-93.55	84	EarthScope DS AELUMA	events/2012/Infrasound_Event_11825789
1350945120	2012-10-22T22:32:00	AELUMA event 1350945120	Infrasound	32.2	-92.78	92	EarthScope DS AELUMA	events/2012/Infrasound_Event_11826227
1350945800	2012-10-22T22:43:20	AELUMA event 1350945800	Infrasound	31.8	-95.85	37	EarthScope DS AELUMA	events/2012/Infrasound_Event_11826665
1350946640	2012-10-22T22:57:20	AELUMA event 1350946640	Infrasound	34.0	-93.9	71	EarthScope DS AELUMA	events/2012/Infrasound_Event_11827103
1350946750	2012-10-22T22:59:10	AELUMA event 1350946750	Infrasound	32.28	-93.27	105	EarthScope DS AELUMA	events/2012/Infrasound_Event_11827541
1351031300	2012-10-23T22:28:20	AELUMA event 1351031300	Infrasound	32.25	-95.85	60	EarthScope DS AELUMA	events/2012/Infrasound_Event_11827980
1351032400	2012-10-23T22:46:40	AELUMA event 1351032400	Infrasound	32.15	-92.78	97	EarthScope DS AELUMA	events/2012/Infrasound_Event_11828419
1351032880	2012-10-23T22:54:40	AELUMA event 1351032880	Infrasound	35.1	-91.6	72	EarthScope DS AELUMA	events/2012/Infrasound_Event_11828858
1351034380	2012-10-23T23:19:40	AELUMA event 1351034380	Infrasound	31.15	-95.4	39	EarthScope DS AELUMA	events/2012/Infrasound_Event_11829297
1351034880	2012-10-23T23:28:00	AELUMA event 1351034880	Infrasound	32.38	-94.17	129	EarthScope DS AELUMA	events/2012/Infrasound_Event_11829736
1351035640	2012-10-23T23:40:40	AELUMA event 1351035640	Infrasound	35.05	-92.38	74	EarthScope DS AELUMA	events/2012/Infrasound_Event_11830175
1351037300	2012-10-24T00:08:20	AELUMA event 1351037300	Infrasound	29.28	-85.48	50	EarthScope DS AELUMA	events/2012/Infrasound_Event_11830614
1351089520	2012-10-24T14:38:40	AELUMA event 1351089520	Infrasound	30.5	-86.22	50	EarthScope DS AELUMA	events/2012/Infrasound_Event_11831053
1351114210	2012-10-24T21:30:10	AELUMA event 1351114210	Infrasound	38.68	-86.65	34	EarthScope DS AELUMA	events/2012/Infrasound_Event_11831491
1351116370	2012-10-24T22:06:10	AELUMA event 1351116370	Infrasound	31.4	-95.37	53	EarthScope DS AELUMA	events/2012/Infrasound_Event_11831929
1351117080	2012-10-24T22:18:00	AELUMA event 1351117080	Infrasound	32.88	-93.63	110	EarthScope DS AELUMA	events/2012/Infrasound_Event_11832367
1351117920	2012-10-24T22:32:00	AELUMA event 1351117920	Infrasound	35.78	-91.5	52	EarthScope DS AELUMA	events/2012/Infrasound_Event_11832805
1351195820	2012-10-25T20:10:20	AELUMA event 1351195820	Infrasound	31.4	-94.68	46	EarthScope DS AELUMA	events/2012/Infrasound_Event_11833244
1351635190	2012-10-30T22:13:10	AELUMA event 1351635190	Infrasound	32.15	-95.85	71	EarthScope DS AELUMA	events/2012/Infrasound_Event_11833680
1351635270	2012-10-30T22:14:30	AELUMA event 1351635270	Infrasound	33.92	-96.08	38	EarthScope DS AELUMA	events/2012/Infrasound_Event_11834116
1351732680	2012-11-01T01:18:00	AELUMA event 1351732680	Infrasound	34.0	-96.13	30	EarthScope DS AELUMA	events/2012/Infrasound_Event_11834554
1351808430	2012-11-01T22:20:30	AELUMA event 1351808430	Infrasound	31.78	-95.75	67	EarthScope DS AELUMA	events/2012/Infrasound_Event_11834992
1351808750	2012-11-01T22:25:50	AELUMA event 1351808750	Infrasound	33.57	-95.2	116	EarthScope DS AELUMA	events/2012/Infrasound_Event_11835430
1351809850	2012-11-01T22:44:10	AELUMA event 1351809850	Infrasound	32.13	-91.52	81	EarthScope DS AELUMA	events/2012/Infrasound_Event_11835868
1351810500	2012-11-01T22:55:00	AELUMA event 1351810500	Infrasound	33.9	-93.87	95	EarthScope DS AELUMA	events/2012/Infrasound_Event_11836306
1351810660	2012-11-01T22:57:40	AELUMA event 1351810660	Infrasound	31.75	-93.05	97	EarthScope DS AELUMA	events/2012/Infrasound_Event_11836744
1351810790	2012-11-01T22:59:50	AELUMA event 1351810790	Infrasound	36.55	-94.13	45	EarthScope DS AELUMA	events/2012/Infrasound_Event_11837182
1351862230	2012-11-02T13:17:10	AELUMA event 1351862230	Infrasound	28.82	-84.18	60	EarthScope DS AELUMA	events/2012/Infrasound_Event_11837621
1351887520	2012-11-02T20:18:40	AELUMA event 1351887520	Infrasound	33.72	-95.27	32	EarthScope DS AELUMA	events/2012/Infrasound_Event_11838059
1351889970	2012-11-02T20:59:30	AELUMA event 1351889970	Infrasound	32.68	-95.63	107	EarthScope DS AELUMA	events/2012/Infrasound_Event_11838497
1351891730	2012-11-02T21:28:50	AELUMA event 1351891730	Infrasound	39.95	-94.13	35	EarthScope DS AELUMA	events/2012/Infrasound_Event_11838934
1352096100	2012-11-04T22:15:00	Unknown source	Unknown	28.44	-102.51	259	EarthScope DS TAIRED	events/2012/Infrasound_Event_12668554
1352070150	2012-11-04T23:02:30	AELUMA event 1352070150	Infrasound	31.62	-94.87	45	EarthScope DS AELUMA	events/2012/Infrasound_Event_11839373
1352070480	2012-11-04T23:08:00	AELUMA event 1352070480	Infrasound	33.57	-94.92	167	EarthScope DS AELUMA	events/2012/Infrasound_Event_11839812
1352123560	2012-11-05T13:52:40	AELUMA event 1352123560	Infrasound	30.3	-83.85	39	EarthScope DS AELUMA	events/2012/Infrasound_Event_11840251
1352138670	2012-11-05T18:04:30	AELUMA event 1352138670	Infrasound	29.77	-85.13	50	EarthScope DS AELUMA	events/2012/Infrasound_Event_11840690
1352140020	2012-11-05T18:27:00	AELUMA event 1352140020	Infrasound	30.92	-84.55	31	EarthScope DS AELUMA	events/2012/Infrasound_Event_11841129
1352144590	2012-11-05T19:43:10	AELUMA event 1352144590	Infrasound	28.82	-83.98	49	EarthScope DS AELUMA	events/2012/Infrasound_Event_11841568
1352147820	2012-11-05T20:37:00	AELUMA event 1352147820	Infrasound	30.97	-84.05	29	EarthScope DS AELUMA	events/2012/Infrasound_Event_11842007
1352148120	2012-11-05T20:42:00	AELUMA event 1352148120	Infrasound	29.7	-83.9	78	EarthScope DS AELUMA	events/2012/Infrasound_Event_11842446
1352151190	2012-11-05T21:33:10	AELUMA event 1352151190	Infrasound	35.88	-93.33	40	EarthScope DS AELUMA	events/2012/Infrasound_Event_11842885
1352153800	2012-11-05T22:16:40	AELUMA event 1352153800	Infrasound	33.78	-86.9	50	EarthScope DS AELUMA	events/2012/Infrasound_Event_11843324
1352154060	2012-11-05T22:21:00	AELUMA event 1352154060	Infrasound	39.03	-86.83	59	EarthScope DS AELUMA	events/2012/Infrasound_Event_11843763
1352157370	2012-11-05T23:16:10	AELUMA event 1352157370	Infrasound	41.88	-94.85	29	EarthScope DS AELUMA	events/2012/Infrasound_Event_11844204
1352157420	2012-11-05T23:17:00	AELUMA event 1352157420	Infrasound	44.53	-94.8	26	EarthScope DS AELUMA	events/2012/Infrasound_Event_11844645
1352158360	2012-11-05T23:32:40	AELUMA event 1352158360	Infrasound	29.63	-84.13	56	EarthScope DS AELUMA	events/2012/Infrasound_Event_11845086
1352159820	2012-11-05T23:57:00	AELUMA event 1352159820	Infrasound	28.97	-85.72	38	EarthScope DS AELUMA	events/2012/Infrasound_Event_11845527
1352205990	2012-11-06T12:46:30	AELUMA event 1352205990	Infrasound	38.2	-87.32	34	EarthScope DS AELUMA	events/2012/Infrasound_Event_11845968
1352234180	2012-11-06T20:36:20	AELUMA event 1352234180	Infrasound	29.42	-84.5	36	EarthScope DS AELUMA	events/2012/Infrasound_Event_11846409
1352241770	2012-11-06T22:42:50	AELUMA event 1352241770	Infrasound	31.8	-95.8	75	EarthScope DS AELUMA	events/2012/Infrasound_Event_11846850
1352242500	2012-11-06T22:55:00	AELUMA event 1352242500	Infrasound	33.33	-93.92	113	EarthScope DS AELUMA	events/2012/Infrasound_Event_11847291
1352243110	2012-11-06T23:05:10	AELUMA event 1352243110	Infrasound	36.07	-93.1	71	EarthScope DS AELUMA	events/2012/Infrasound_Event_11847734
1352256770	2012-11-07T02:52:50	AELUMA event 1352256770	Infrasound	38.15	-91.13	43	EarthScope DS AELUMA	events/2012/Infrasound_Event_11848177
1352273250	2012-11-07T07:27:30	AELUMA event 1352273250	Infrasound	45.12	-95.57	29	EarthScope DS AELUMA	events/2012/Infrasound_Event_11848620
1352274120	2012-11-07T07:42:00	AELUMA event 1352274120	Infrasound	45.35	-95.62	25	EarthScope DS AELUMA	events/2012/Infrasound_Event_11849063
1352274540	2012-11-07T07:49:00	AELUMA event 1352274540	Infrasound	38.82	-91.47	55	EarthScope DS AELUMA	events/2012/Infrasound_Event_11849506
1352274770	2012-11-07T07:52:50	AELUMA event 1352274770	Infrasound	36.88	-91.57	46	EarthScope DS AELUMA	events/2012/Infrasound_Event_11849949
1352274870	2012-11-07T07:54:30	AELUMA event 1352274870	Infrasound	38.87	-93.85	43	EarthScope DS AELUMA	events/2012/Infrasound_Event_11850392
1352318400	2012-11-07T20:00:00	AELUMA event 1352318400	Infrasound	40.2	-94.8	27	EarthScope DS AELUMA	events/2012/Infrasound_Event_11850835
1352318410	2012-11-07T20:00:10	AELUMA event 1352318410	Infrasound	29.63	-83.75	35	EarthScope DS AELUMA	events/2012/Infrasound_Event_11851278
1352325350	2012-11-07T21:55:50	AELUMA event 1352325350	Infrasound	43.53	-93.48	38	EarthScope DS AELUMA	events/2012/Infrasound_Event_11851721
1352327000	2012-11-07T22:23:20	AELUMA event 1352327000	Infrasound	38.92	-87.03	47	EarthScope DS AELUMA	events/2012/Infrasound_Event_11852164
1352337660	2012-11-08T01:21:00	AELUMA event 1352337660	Infrasound	37.97	-85.93	64	EarthScope DS AELUMA	events/2012/Infrasound_Event_11852608
1352344900	2012-11-08T03:21:40	AELUMA event 1352344900	Infrasound	45.07	-95.33	46	EarthScope DS AELUMA	events/2012/Infrasound_Event_11853052
1352345450	2012-11-08T03:30:50	AELUMA event 1352345450	Infrasound	42.18	-93.7	68	EarthScope DS AELUMA	events/2012/Infrasound_Event_11853496
1352345660	2012-11-08T03:34:20	AELUMA event 1352345660	Infrasound	39.07	-93.92	78	EarthScope DS AELUMA	events/2012/Infrasound_Event_11853940
1352346870	2012-11-08T03:54:30	AELUMA event 1352346870	Infrasound	37.6	-94.32	59	EarthScope DS AELUMA	events/2012/Infrasound_Event_11854384
1352346910	2012-11-08T03:55:10	AELUMA event 1352346910	Infrasound	35.45	-94.73	41	EarthScope DS AELUMA	events/2012/Infrasound_Event_11854828
1352361720	2012-11-08T08:02:00	AELUMA event 1352361720	Infrasound	44.83	-93.9	34	EarthScope DS AELUMA	events/2012/Infrasound_Event_11855272
1352361780	2012-11-08T08:03:00	AELUMA event 1352361780	Infrasound	40.45	-94.08	43	EarthScope DS AELUMA	events/2012/Infrasound_Event_11855716
1352362040	2012-11-08T08:07:20	AELUMA event 1352362040	Infrasound	41.88	-92.93	65	EarthScope DS AELUMA	events/2012/Infrasound_Event_11856160
1352362090	2012-11-08T08:08:10	AELUMA event 1352362090	Infrasound	38.55	-93.98	98	EarthScope DS AELUMA	events/2012/Infrasound_Event_11856604
1352362390	2012-11-08T08:13:10	AELUMA event 1352362390	Infrasound	36.12	-94.53	72	EarthScope DS AELUMA	events/2012/Infrasound_Event_11857048
1352389100	2012-11-08T15:38:20	AELUMA event 1352389100	Infrasound	30.58	-86.18	51	EarthScope DS AELUMA	events/2012/Infrasound_Event_11857492
1352405520	2012-11-08T20:12:00	AELUMA event 1352405520	Infrasound	32.25	-95.77	126	EarthScope DS AELUMA	events/2012/Infrasound_Event_11857935
1352407140	2012-11-08T20:39:00	AELUMA event 1352407140	Infrasound	32.37	-94.88	129	EarthScope DS AELUMA	events/2012/Infrasound_Event_11858378
1352408310	2012-11-08T20:58:30	AELUMA event 1352408310	Infrasound	32.02	-95.75	155	EarthScope DS AELUMA	events/2012/Infrasound_Event_11858821
1352408550	2012-11-08T21:02:30	AELUMA event 1352408550	Infrasound	35.83	-91.12	44	EarthScope DS AELUMA	events/2012/Infrasound_Event_11859264
1352411020	2012-11-08T21:43:40	AELUMA event 1352411020	Infrasound	37.87	-88.45	48	EarthScope DS AELUMA	events/2012/Infrasound_Event_11859707
1352413660	2012-11-08T22:27:40	AELUMA event 1352413660	Infrasound	38.35	-87.65	41	EarthScope DS AELUMA	events/2012/Infrasound_Event_11860150
1352414210	2012-11-08T22:36:50	AELUMA event 1352414210	Infrasound	33.45	-87.13	103	EarthScope DS AELUMA	events/2012/Infrasound_Event_11860593
1352418750	2012-11-08T23:52:30	AELUMA event 1352418750	Infrasound	37.12	-93.85	45	EarthScope DS AELUMA	events/2012/Infrasound_Event_11861038
1352468500	2012-11-09T13:41:40	AELUMA event 1352468500	Infrasound	29.77	-85.18	57	EarthScope DS AELUMA	events/2012/Infrasound_Event_11861483
1352485310	2012-11-09T18:21:50	AELUMA event 1352485310	Infrasound	30.1	-86.4	37	EarthScope DS AELUMA	events/2012/Infrasound_Event_11861927
1352489960	2012-11-09T19:39:20	AELUMA event 1352489960	Infrasound	28.92	-84.08	54	EarthScope DS AELUMA	events/2012/Infrasound_Event_11862371
1352498120	2012-11-09T21:55:20	AELUMA event 1352498120	Infrasound	33.73	-87.32	51	EarthScope DS AELUMA	events/2012/Infrasound_Event_11862815
1352499160	2012-11-09T22:12:40	AELUMA event 1352499160	Infrasound	32.22	-95.85	79	EarthScope DS AELUMA	events/2012/Infrasound_Event_11863259
1352499900	2012-11-09T22:25:00	AELUMA event 1352499900	Infrasound	32.33	-93.73	121	EarthScope DS AELUMA	events/2012/Infrasound_Event_11863703
1352500380	2012-11-09T22:33:00	AELUMA event 1352500380	Infrasound	33.82	-87.08	77	EarthScope DS AELUMA	events/2012/Infrasound_Event_11864147
1352557260	2012-11-10T14:21:00	AELUMA event 1352557260	Infrasound	33.78	-87.42	41	EarthScope DS AELUMA	events/2012/Infrasound_Event_11864592
1352635680	2012-11-11T04:08:00	Explosion in Indianapolis	Explosion	39.65	-86.1	287	EarthScope DS TAIRED	events/2012/Infrasound_Event_12668998
1352813810	2012-11-13T13:36:50	AELUMA event 1352813810	Infrasound	39.07	-87.5	35	EarthScope DS AELUMA	events/2012/Infrasound_Event_11865036
1352840240	2012-11-13T20:57:20	AELUMA event 1352840240	Infrasound	37.82	-94.0	52	EarthScope DS AELUMA	events/2012/Infrasound_Event_11865479
1352840980	2012-11-13T21:09:40	AELUMA event 1352840980	Infrasound	29.2	-85.23	53	EarthScope DS AELUMA	events/2012/Infrasound_Event_11865922
1352842800	2012-11-13T21:40:00	AELUMA event 1352842800	Infrasound	33.03	-91.18	43	EarthScope DS AELUMA	events/2012/Infrasound_Event_11866365
1352866150	2012-11-14T04:09:10	AELUMA event 1352866150	Infrasound	34.83	-87.83	68	EarthScope DS AELUMA	events/2012/Infrasound_Event_11866807
1352866150	2012-11-14T04:10:00	Unknown source	Unknown	34.89	-87.72	182	EarthScope DS TAIRED	events/2012/Infrasound_Event_12669440
1352895600	2012-11-14T04:20:00	Unknown source	Unknown	36.7	-108.0	373	EarthScope DS TAIRED	events/2012/Infrasound_Event_12669882
1352947020	2012-11-15T02:37:00	AELUMA event 1352947020	Infrasound	35.38	-95.22	43	EarthScope DS AELUMA	events/2012/Infrasound_Event_11867250
1352947030	2012-11-15T02:37:10	AELUMA event 1352947030	Infrasound	33.63	-95.03	67	EarthScope DS AELUMA	events/2012/Infrasound_Event_11867693
1352947040	2012-11-15T02:37:20	AELUMA event 1352947040	Infrasound	32.07	-95.32	23	EarthScope DS AELUMA	events/2012/Infrasound_Event_11868136
1352989580	2012-11-15T14:26:20	AELUMA event 1352989580	Infrasound	39.02	-87.27	44	EarthScope DS AELUMA	events/2012/Infrasound_Event_11868579
1353010070	2012-11-15T20:07:50	AELUMA event 1353010070	Infrasound	30.92	-87.5	50	EarthScope DS AELUMA	events/2012/Infrasound_Event_11869021
1353011510	2012-11-15T20:31:50	AELUMA event 1353011510	Infrasound	34.87	-86.3	69	EarthScope DS AELUMA	events/2012/Infrasound_Event_11869463
1353016200	2012-11-15T21:50:00	AELUMA event 1353016200	Infrasound	33.75	-94.67	37	EarthScope DS AELUMA	events/2012/Infrasound_Event_11869905
1353074870	2012-11-16T14:07:50	AELUMA event 1353074870	Infrasound	39.02	-87.27	28	EarthScope DS AELUMA	events/2012/Infrasound_Event_11870349
1353077930	2012-11-16T14:50:00	US Gulf Oil Rig Explosion	Explosion	29.1	-90.0	217	EarthScope DS TAIRED	events/2012/Infrasound_Event_12670326
1353077930	2012-11-16T14:58:50	AELUMA event 1353077930	Infrasound	29.63	-87.85	58	EarthScope DS AELUMA	events/2012/Infrasound_Event_11870793
1353080130	2012-11-16T15:35:30	AELUMA event 1353080130	Infrasound	30.52	-86.47	42	EarthScope DS AELUMA	events/2012/Infrasound_Event_11871237
1353101310	2012-11-16T21:28:30	AELUMA event 1353101310	Infrasound	42.08	-93.53	83	EarthScope DS AELUMA	events/2012/Infrasound_Event_11871680
1353101450	2012-11-16T21:30:50	AELUMA event 1353101450	Infrasound	33.73	-87.18	63	EarthScope DS AELUMA	events/2012/Infrasound_Event_11872123
1353103750	2012-11-16T22:09:10	AELUMA event 1353103750	Infrasound	38.82	-93.93	44	EarthScope DS AELUMA	events/2012/Infrasound_Event_11872566
1353104370	2012-11-16T22:19:30	AELUMA event 1353104370	Infrasound	32.78	-93.42	38	EarthScope DS AELUMA	events/2012/Infrasound_Event_11873009
1353105300	2012-11-16T22:35:00	AELUMA event 1353105300	Infrasound	33.23	-94.78	49	EarthScope DS AELUMA	events/2012/Infrasound_Event_11873452
1353123320	2012-11-17T03:35:20	AELUMA event 1353123320	Infrasound	32.87	-95.03	193	EarthScope DS AELUMA	events/2012/Infrasound_Event_11873896
1353123830	2012-11-17T03:43:50	AELUMA event 1353123830	Infrasound	31.68	-93.18	43	EarthScope DS AELUMA	events/2012/Infrasound_Event_11874340
1353198560	2012-11-18T00:29:20	AELUMA event 1353198560	Infrasound	35.93	-94.57	54	EarthScope DS AELUMA	events/2012/Infrasound_Event_11874785
1353198640	2012-11-18T00:30:40	AELUMA event 1353198640	Infrasound	32.93	-94.08	61	EarthScope DS AELUMA	events/2012/Infrasound_Event_11875230
1353198940	2012-11-18T00:35:40	AELUMA event 1353198940	Infrasound	34.58	-93.37	79	EarthScope DS AELUMA	events/2012/Infrasound_Event_11875675
1353344100	2012-11-19T16:55:00	AELUMA event 1353344100	Infrasound	30.65	-86.02	60	EarthScope DS AELUMA	events/2012/Infrasound_Event_11876119
1353353640	2012-11-19T19:34:00	AELUMA event 1353353640	Infrasound	34.13	-86.65	60	EarthScope DS AELUMA	events/2012/Infrasound_Event_11876563
1353355170	2012-11-19T19:59:30	AELUMA event 1353355170	Infrasound	33.57	-83.88	77	EarthScope DS AELUMA	events/2012/Infrasound_Event_11877007
1353361240	2012-11-19T21:40:40	AELUMA event 1353361240	Infrasound	33.43	-86.93	53	EarthScope DS AELUMA	events/2012/Infrasound_Event_11877451
1353363890	2012-11-19T22:24:50	AELUMA event 1353363890	Infrasound	38.63	-86.83	37	EarthScope DS AELUMA	events/2012/Infrasound_Event_11877895
1353378180	2012-11-20T02:23:00	AELUMA event 1353378180	Infrasound	32.93	-94.85	60	EarthScope DS AELUMA	events/2012/Infrasound_Event_11878339
1353378990	2012-11-20T02:36:30	AELUMA event 1353378990	Infrasound	31.83	-95.32	39	EarthScope DS AELUMA	events/2012/Infrasound_Event_11878783
1353379020	2012-11-20T02:37:00	AELUMA event 1353379020	Infrasound	35.1	-95.42	45	EarthScope DS AELUMA	events/2012/Infrasound_Event_11879227
1353379030	2012-11-20T02:37:10	AELUMA event 1353379030	Infrasound	33.55	-95.2	75	EarthScope DS AELUMA	events/2012/Infrasound_Event_11879671
1353383950	2012-11-20T03:59:10	AELUMA event 1353383950	Infrasound	44.63	-95.42	27	EarthScope DS AELUMA	events/2012/Infrasound_Event_11880115
1353421520	2012-11-20T14:25:20	AELUMA event 1353421520	Infrasound	38.25	-87.37	50	EarthScope DS AELUMA	events/2012/Infrasound_Event_11880559
1353423440	2012-11-20T14:57:20	AELUMA event 1353423440	Infrasound	30.02	-87.8	33	EarthScope DS AELUMA	events/2012/Infrasound_Event_11881003
1353453600	2012-11-20T15:20:00	Natural gas explosion near Price, Utah	Explosion	39.6	-110.81	333	EarthScope DS TAIRED	events/2012/Infrasound_Event_12670770
1353425430	2012-11-20T15:30:30	AELUMA event 1353425430	Infrasound	31.4	-95.42	38	EarthScope DS AELUMA	events/2012/Infrasound_Event_11881447
1353429680	2012-11-20T16:41:20	AELUMA event 1353429680	Infrasound	42.77	-94.62	75	EarthScope DS AELUMA	events/2012/Infrasound_Event_11881891
1353446580	2012-11-20T21:23:00	AELUMA event 1353446580	Infrasound	32.47	-94.88	132	EarthScope DS AELUMA	events/2012/Infrasound_Event_11882335
1353447780	2012-11-20T21:43:00	AELUMA event 1353447780	Infrasound	33.83	-91.27	112	EarthScope DS AELUMA	events/2012/Infrasound_Event_11882779
1353447950	2012-11-20T21:45:50	AELUMA event 1353447950	Infrasound	33.87	-87.5	40	EarthScope DS AELUMA	events/2012/Infrasound_Event_11883223
1353451680	2012-11-20T22:48:00	AELUMA event 1353451680	Infrasound	44.77	-95.45	55	EarthScope DS AELUMA	events/2012/Infrasound_Event_11883667
1353452920	2012-11-20T23:08:40	AELUMA event 1353452920	Infrasound	31.12	-90.05	49	EarthScope DS AELUMA	events/2012/Infrasound_Event_11884111
1353464940	2012-11-21T02:29:00	AELUMA event 1353464940	Infrasound	31.43	-95.43	23	EarthScope DS AELUMA	events/2012/Infrasound_Event_11884555
1353465480	2012-11-21T02:38:00	AELUMA event 1353465480	Infrasound	33.97	-95.12	82	EarthScope DS AELUMA	events/2012/Infrasound_Event_11884999
1353465790	2012-11-21T02:43:10	AELUMA event 1353465790	Infrasound	37.28	-94.35	47	EarthScope DS AELUMA	events/2012/Infrasound_Event_11885443
1353465820	2012-11-21T02:43:40	AELUMA event 1353465820	Infrasound	33.0	-95.03	43	EarthScope DS AELUMA	events/2012/Infrasound_Event_11885887
1353466260	2012-11-21T02:51:00	AELUMA event 1353466260	Infrasound	40.2	-94.13	38	EarthScope DS AELUMA	events/2012/Infrasound_Event_11886331
1353470080	2012-11-21T03:54:40	AELUMA event 1353470080	Infrasound	41.73	-93.65	37	EarthScope DS AELUMA	events/2012/Infrasound_Event_11886775
1353470680	2012-11-21T04:04:40	AELUMA event 1353470680	Infrasound	40.22	-91.93	60	EarthScope DS AELUMA	events/2012/Infrasound_Event_11887219
1353502690	2012-11-21T12:58:10	AELUMA event 1353502690	Infrasound	38.58	-86.98	69	EarthScope DS AELUMA	events/2012/Infrasound_Event_11887663
1353514230	2012-11-21T16:10:30	AELUMA event 1353514230	Infrasound	30.83	-86.03	45	EarthScope DS AELUMA	events/2012/Infrasound_Event_11888107
1353528150	2012-11-21T20:02:30	AELUMA event 1353528150	Infrasound	38.25	-87.32	36	EarthScope DS AELUMA	events/2012/Infrasound_Event_11888551
1353531780	2012-11-21T21:03:00	AELUMA event 1353531780	Infrasound	42.18	-92.02	68	EarthScope DS AELUMA	events/2012/Infrasound_Event_11888995
1353532760	2012-11-21T21:19:20	AELUMA event 1353532760	Infrasound	42.73	-91.32	32	EarthScope DS AELUMA	events/2012/Infrasound_Event_11889439
1353534550	2012-11-21T21:49:10	AELUMA event 1353534550	Infrasound	33.43	-87.08	58	EarthScope DS AELUMA	events/2012/Infrasound_Event_11889883
1353635800	2012-11-23T01:56:40	AELUMA event 1353635800	Infrasound	32.2	-87.67	35	EarthScope DS AELUMA	events/2012/Infrasound_Event_11890327
1353637720	2012-11-23T02:28:40	AELUMA event 1353637720	Infrasound	36.78	-92.45	37	EarthScope DS AELUMA	events/2012/Infrasound_Event_11890771
1353639400	2012-11-23T02:56:40	AELUMA event 1353639400	Infrasound	36.37	-91.78	42	EarthScope DS AELUMA	events/2012/Infrasound_Event_11891215
1353882360	2012-11-25T22:26:00	AELUMA event 1353882360	Infrasound	38.92	-87.22	44	EarthScope DS AELUMA	events/2012/Infrasound_Event_11891659
1353980330	2012-11-27T01:38:50	AELUMA event 1353980330	Infrasound	44.82	-95.23	23	EarthScope DS AELUMA	events/2012/Infrasound_Event_11892103
1354051390	2012-11-27T21:23:10	AELUMA event 1354051390	Infrasound	31.82	-87.95	37	EarthScope DS AELUMA	events/2012/Infrasound_Event_11892547
1354056610	2012-11-27T22:50:10	AELUMA event 1354056610	Infrasound	38.92	-92.07	50	EarthScope DS AELUMA	events/2012/Infrasound_Event_11892991
1354077610	2012-11-28T04:40:10	AELUMA event 1354077610	Infrasound	37.23	-94.83	57	EarthScope DS AELUMA	events/2012/Infrasound_Event_11893436
1354077900	2012-11-28T04:45:00	AELUMA event 1354077900	Infrasound	38.95	-93.68	72	EarthScope DS AELUMA	events/2012/Infrasound_Event_11893881
1354140370	2012-11-28T22:06:10	AELUMA event 1354140370	Infrasound	38.25	-87.37	34	EarthScope DS AELUMA	events/2012/Infrasound_Event_11894326
1354141000	2012-11-28T22:16:40	AELUMA event 1354141000	Infrasound	33.68	-87.08	42	EarthScope DS AELUMA	events/2012/Infrasound_Event_11894771
1354148990	2012-11-29T00:29:50	AELUMA event 1354148990	Infrasound	29.77	-84.65	71	EarthScope DS AELUMA	events/2012/Infrasound_Event_11895217
1354150150	2012-11-29T00:49:10	AELUMA event 1354150150	Infrasound	29.58	-84.85	83	EarthScope DS AELUMA	events/2012/Infrasound_Event_11895663
1354200480	2012-11-29T14:48:00	AELUMA event 1354200480	Infrasound	29.63	-84.8	29	EarthScope DS AELUMA	events/2012/Infrasound_Event_11896109
1354205160	2012-11-29T16:06:00	AELUMA event 1354205160	Infrasound	30.22	-88.38	38	EarthScope DS AELUMA	events/2012/Infrasound_Event_11896555
1354223760	2012-11-29T21:16:00	AELUMA event 1354223760	Infrasound	30.47	-85.03	48	EarthScope DS AELUMA	events/2012/Infrasound_Event_11897001
1354225300	2012-11-29T21:41:40	AELUMA event 1354225300	Infrasound	42.25	-93.57	32	EarthScope DS AELUMA	events/2012/Infrasound_Event_11897447
1354225320	2012-11-29T21:42:00	AELUMA event 1354225320	Infrasound	33.77	-95.27	39	EarthScope DS AELUMA	events/2012/Infrasound_Event_11897893
1354225860	2012-11-29T21:51:00	AELUMA event 1354225860	Infrasound	34.5	-92.3	73	EarthScope DS AELUMA	events/2012/Infrasound_Event_11898339
1354226570	2012-11-29T22:02:50	AELUMA event 1354226570	Infrasound	39.02	-87.32	37	EarthScope DS AELUMA	events/2012/Infrasound_Event_11898785
1354226730	2012-11-29T22:05:30	AELUMA event 1354226730	Infrasound	33.73	-86.93	44	EarthScope DS AELUMA	events/2012/Infrasound_Event_11899231
1354227690	2012-11-29T22:21:30	AELUMA event 1354227690	Infrasound	38.97	-87.27	55	EarthScope DS AELUMA	events/2012/Infrasound_Event_11899677
1354235000	2012-11-30T00:23:20	AELUMA event 1354235000	Infrasound	33.67	-94.77	65	EarthScope DS AELUMA	events/2012/Infrasound_Event_11900123
1354309160	2012-11-30T20:59:20	AELUMA event 1354309160	Infrasound	33.68	-86.8	36	EarthScope DS AELUMA	events/2012/Infrasound_Event_11900569
1354312050	2012-11-30T21:47:30	AELUMA event 1354312050	Infrasound	33.78	-87.03	65	EarthScope DS AELUMA	events/2012/Infrasound_Event_11901015
1354326130	2012-12-01T01:42:10	AELUMA event 1354326130	Infrasound	33.98	-93.08	54	EarthScope DS AELUMA	events/2012/Infrasound_Event_11901462
1354397110	2012-12-01T21:25:10	AELUMA event 1354397110	Infrasound	35.22	-89.92	41	EarthScope DS AELUMA	events/2012/Infrasound_Event_11901907
1354544990	2012-12-03T14:29:50	AELUMA event 1354544990	Infrasound	29.15	-84.75	70	EarthScope DS AELUMA	events/2012/Infrasound_Event_11902352
1354548650	2012-12-03T15:30:50	AELUMA event 1354548650	Infrasound	30.58	-86.27	43	EarthScope DS AELUMA	events/2012/Infrasound_Event_11902797
1354665860	2012-12-05T00:04:20	AELUMA event 1354665860	Infrasound	41.12	-94.7	27	EarthScope DS AELUMA	events/2012/Infrasound_Event_11903239
1354742170	2012-12-05T21:16:10	AELUMA event 1354742170	Infrasound	37.15	-92.95	42	EarthScope DS AELUMA	events/2012/Infrasound_Event_11903680
1354742180	2012-12-05T21:16:20	AELUMA event 1354742180	Infrasound	38.35	-90.88	65	EarthScope DS AELUMA	events/2012/Infrasound_Event_11904121
1354742410	2012-12-05T21:20:10	AELUMA event 1354742410	Infrasound	32.88	-90.45	55	EarthScope DS AELUMA	events/2012/Infrasound_Event_11904562
1354744400	2012-12-05T21:53:20	AELUMA event 1354744400	Infrasound	33.55	-86.58	61	EarthScope DS AELUMA	events/2012/Infrasound_Event_11905003
1354745160	2012-12-05T22:06:00	AELUMA event 1354745160	Infrasound	40.98	-89.73	37	EarthScope DS AELUMA	events/2012/Infrasound_Event_11905444
1354748220	2012-12-05T22:57:00	AELUMA event 1354748220	Infrasound	37.4	-94.22	43	EarthScope DS AELUMA	events/2012/Infrasound_Event_11905885
1354755060	2012-12-06T00:51:00	AELUMA event 1354755060	Infrasound	29.52	-91.08	52	EarthScope DS AELUMA	events/2012/Infrasound_Event_11906327
1354805640	2012-12-06T14:54:00	AELUMA event 1354805640	Infrasound	30.7	-87.95	39	EarthScope DS AELUMA	events/2012/Infrasound_Event_11906769
1354827840	2012-12-06T21:04:00	AELUMA event 1354827840	Infrasound	37.18	-90.17	34	EarthScope DS AELUMA	events/2012/Infrasound_Event_11907211
1354830070	2012-12-06T21:41:10	AELUMA event 1354830070	Infrasound	41.35	-88.42	32	EarthScope DS AELUMA	events/2012/Infrasound_Event_11907653
1354834020	2012-12-06T22:47:00	AELUMA event 1354834020	Infrasound	30.68	-93.08	52	EarthScope DS AELUMA	events/2012/Infrasound_Event_11908095
1354835230	2012-12-06T23:07:10	AELUMA event 1354835230	Infrasound	29.92	-93.65	28	EarthScope DS AELUMA	events/2012/Infrasound_Event_11908538
1354862960	2012-12-07T06:49:20	AELUMA event 1354862960	Infrasound	35.0	-95.23	43	EarthScope DS AELUMA	events/2012/Infrasound_Event_11908981
1354911500	2012-12-07T20:18:20	AELUMA event 1354911500	Infrasound	47.12	-90.18	41	EarthScope DS AELUMA	events/2012/Infrasound_Event_11909424
1354913160	2012-12-07T20:46:00	AELUMA event 1354913160	Infrasound	32.02	-87.23	53	EarthScope DS AELUMA	events/2012/Infrasound_Event_11909867
1354915910	2012-12-07T21:31:50	AELUMA event 1354915910	Infrasound	33.53	-87.02	36	EarthScope DS AELUMA	events/2012/Infrasound_Event_11910310
1354916950	2012-12-07T21:49:10	AELUMA event 1354916950	Infrasound	29.43	-84.93	89	EarthScope DS AELUMA	events/2012/Infrasound_Event_11910753
1355177920	2012-12-10T22:18:40	AELUMA event 1355177920	Infrasound	45.3	-95.57	25	EarthScope DS AELUMA	events/2012/Infrasound_Event_11911192
1355262130	2012-12-11T21:42:10	AELUMA event 1355262130	Infrasound	33.6	-87.03	52	EarthScope DS AELUMA	events/2012/Infrasound_Event_11911631
1355274850	2012-12-12T01:14:10	AELUMA event 1355274850	Infrasound	35.88	-94.28	35	EarthScope DS AELUMA	events/2012/Infrasound_Event_11912072
1355278180	2012-12-12T02:09:40	AELUMA event 1355278180	Infrasound	34.82	-95.08	40	EarthScope DS AELUMA	events/2012/Infrasound_Event_11912513
1355324580	2012-12-12T15:03:00	AELUMA event 1355324580	Infrasound	29.95	-88.47	46	EarthScope DS AELUMA	events/2012/Infrasound_Event_11912954
1355340860	2012-12-12T19:34:20	AELUMA event 1355340860	Infrasound	30.53	-86.37	33	EarthScope DS AELUMA	events/2012/Infrasound_Event_11913394
1355349820	2012-12-12T22:03:40	AELUMA event 1355349820	Infrasound	38.2	-87.32	55	EarthScope DS AELUMA	events/2012/Infrasound_Event_11913833
1355350830	2012-12-12T22:20:30	AELUMA event 1355350830	Infrasound	39.02	-87.27	54	EarthScope DS AELUMA	events/2012/Infrasound_Event_11914272
1355364780	2012-12-13T02:13:00	AELUMA event 1355364780	Infrasound	34.52	-95.6	38	EarthScope DS AELUMA	events/2012/Infrasound_Event_11914713
1355365230	2012-12-13T02:20:30	AELUMA event 1355365230	Infrasound	33.63	-94.02	89	EarthScope DS AELUMA	events/2012/Infrasound_Event_11915154
1355366320	2012-12-13T02:38:40	AELUMA event 1355366320	Infrasound	38.9	-90.73	37	EarthScope DS AELUMA	events/2012/Infrasound_Event_11915595
1355382750	2012-12-13T07:12:30	AELUMA event 1355382750	Infrasound	36.25	-95.15	65	EarthScope DS AELUMA	events/2012/Infrasound_Event_11916036
1355436480	2012-12-13T22:08:00	AELUMA event 1355436480	Infrasound	33.58	-87.18	44	EarthScope DS AELUMA	events/2012/Infrasound_Event_11916477
1355437310	2012-12-13T22:21:50	AELUMA event 1355437310	Infrasound	33.77	-86.93	33	EarthScope DS AELUMA	events/2012/Infrasound_Event_11916918
1355437540	2012-12-13T22:25:40	AELUMA event 1355437540	Infrasound	39.02	-87.27	41	EarthScope DS AELUMA	events/2012/Infrasound_Event_11917359
1355451780	2012-12-14T02:23:00	AELUMA event 1355451780	Infrasound	32.3	-92.7	50	EarthScope DS AELUMA	events/2012/Infrasound_Event_11917802
1355452110	2012-12-14T02:28:30	AELUMA event 1355452110	Infrasound	34.88	-95.67	37	EarthScope DS AELUMA	events/2012/Infrasound_Event_11918245
1355452880	2012-12-14T02:41:20	AELUMA event 1355452880	Infrasound	33.6	-93.47	69	EarthScope DS AELUMA	events/2012/Infrasound_Event_11918688
1355464330	2012-12-14T05:52:10	AELUMA event 1355464330	Infrasound	43.88	-94.75	26	EarthScope DS AELUMA	events/2012/Infrasound_Event_11919131
1355470210	2012-12-14T07:30:10	AELUMA event 1355470210	Infrasound	34.02	-84.5	39	EarthScope DS AELUMA	events/2012/Infrasound_Event_11919574
1355521120	2012-12-14T21:38:40	AELUMA event 1355521120	Infrasound	41.68	-87.62	33	EarthScope DS AELUMA	events/2012/Infrasound_Event_11920017
1355523730	2012-12-14T22:22:10	AELUMA event 1355523730	Infrasound	33.3	-87.47	44	EarthScope DS AELUMA	events/2012/Infrasound_Event_11920460
1355609300	2012-12-15T22:08:20	AELUMA event 1355609300	Infrasound	30.83	-86.93	29	EarthScope DS AELUMA	events/2012/Infrasound_Event_11920902
1355621150	2012-12-16T01:25:50	AELUMA event 1355621150	Infrasound	29.47	-87.73	76	EarthScope DS AELUMA	events/2012/Infrasound_Event_11921344
1355621750	2012-12-16T01:35:50	AELUMA event 1355621750	Infrasound	30.27	-88.17	43	EarthScope DS AELUMA	events/2012/Infrasound_Event_11921786
1355798490	2012-12-18T02:41:30	AELUMA event 1355798490	Infrasound	40.2	-93.87	37	EarthScope DS AELUMA	events/2012/Infrasound_Event_11922225
1355862220	2012-12-18T20:23:40	AELUMA event 1355862220	Infrasound	30.42	-88.22	47	EarthScope DS AELUMA	events/2012/Infrasound_Event_11922663
1355867430	2012-12-18T21:50:30	AELUMA event 1355867430	Infrasound	33.22	-86.85	34	EarthScope DS AELUMA	events/2012/Infrasound_Event_11923101
1355869170	2012-12-18T22:19:30	AELUMA event 1355869170	Infrasound	33.63	-87.03	88	EarthScope DS AELUMA	events/2012/Infrasound_Event_11923539
1355875970	2012-12-19T00:12:50	AELUMA event 1355875970	Infrasound	45.83	-93.0	27	EarthScope DS AELUMA	events/2012/Infrasound_Event_11923977
1355882540	2012-12-19T02:02:20	AELUMA event 1355882540	Infrasound	34.67	-95.5	64	EarthScope DS AELUMA	events/2012/Infrasound_Event_11924415
1355884200	2012-12-19T02:30:00	AELUMA event 1355884200	Infrasound	33.03	-90.95	66	EarthScope DS AELUMA	events/2012/Infrasound_Event_11924853
1355946240	2012-12-19T19:44:00	AELUMA event 1355946240	Infrasound	29.9	-87.93	45	EarthScope DS AELUMA	events/2012/Infrasound_Event_11925291
1355951980	2012-12-19T21:19:40	AELUMA event 1355951980	Infrasound	41.78	-87.73	29	EarthScope DS AELUMA	events/2012/Infrasound_Event_11925729
1355953770	2012-12-19T21:49:30	AELUMA event 1355953770	Infrasound	43.63	-91.65	59	EarthScope DS AELUMA	events/2012/Infrasound_Event_11926167
1355955120	2012-12-19T22:12:00	AELUMA event 1355955120	Infrasound	38.35	-87.72	42	EarthScope DS AELUMA	events/2012/Infrasound_Event_11926605
1356298440	2012-12-23T21:34:00	AELUMA event 1356298440	Infrasound	40.35	-91.65	39	EarthScope DS AELUMA	events/2012/Infrasound_Event_11927043
1356642240	2012-12-27T21:04:00	AELUMA event 1356642240	Infrasound	33.3	-86.98	35	EarthScope DS AELUMA	events/2012/Infrasound_Event_11927481
1356642780	2012-12-27T21:13:00	AELUMA event 1356642780	Infrasound	29.48	-84.98	102	EarthScope DS AELUMA	events/2012/Infrasound_Event_11927919
1356643750	2012-12-27T21:29:10	AELUMA event 1356643750	Infrasound	38.2	-87.42	45	EarthScope DS AELUMA	events/2012/Infrasound_Event_11928357
1356874260	2012-12-30T13:31:00	AELUMA event 1356874260	Infrasound	39.02	-87.27	26	EarthScope DS AELUMA	events/2012/Infrasound_Event_11928795
1357133530	2013-01-02T13:32:10	AELUMA event 1357133530	Infrasound	38.12	-86.32	25	EarthScope DS AELUMA	events/2013/Infrasound_Event_11929233
1357158280	2013-01-02T20:24:40	AELUMA event 1357158280	Infrasound	30.43	-87.08	90	EarthScope DS AELUMA	events/2013/Infrasound_Event_11929671
1357159450	2013-01-02T20:44:10	AELUMA event 1357159450	Infrasound	29.38	-83.85	35	EarthScope DS AELUMA	events/2013/Infrasound_Event_11930109
1357164060	2013-01-02T22:01:00	AELUMA event 1357164060	Infrasound	32.97	-86.32	26	EarthScope DS AELUMA	events/2013/Infrasound_Event_11930547
1357164190	2013-01-02T22:03:10	AELUMA event 1357164190	Infrasound	37.25	-89.58	35	EarthScope DS AELUMA	events/2013/Infrasound_Event_11930985
1357196150	2013-01-03T06:55:50	AELUMA event 1357196150	Infrasound	38.92	-89.88	28	EarthScope DS AELUMA	events/2013/Infrasound_Event_11931423
1357248340	2013-01-03T21:25:40	AELUMA event 1357248340	Infrasound	30.97	-86.37	38	EarthScope DS AELUMA	events/2013/Infrasound_Event_11931861
1357249320	2013-01-03T21:42:00	AELUMA event 1357249320	Infrasound	29.98	-86.18	36	EarthScope DS AELUMA	events/2013/Infrasound_Event_11932299
1357312890	2013-01-04T15:21:30	AELUMA event 1357312890	Infrasound	30.3	-87.42	35	EarthScope DS AELUMA	events/2013/Infrasound_Event_11932737
1357314240	2013-01-04T15:44:00	AELUMA event 1357314240	Infrasound	29.42	-84.17	36	EarthScope DS AELUMA	events/2013/Infrasound_Event_11933175
1357329660	2013-01-04T20:01:00	AELUMA event 1357329660	Infrasound	30.07	-88.08	52	EarthScope DS AELUMA	events/2013/Infrasound_Event_11933613
1357594800	2013-01-07T21:40:00	AELUMA event 1357594800	Infrasound	37.3	-92.93	71	EarthScope DS AELUMA	events/2013/Infrasound_Event_11934051
1357595680	2013-01-07T21:54:40	AELUMA event 1357595680	Infrasound	31.1	-85.98	61	EarthScope DS AELUMA	events/2013/Infrasound_Event_11934489
1357611230	2013-01-08T02:13:50	AELUMA event 1357611230	Infrasound	32.78	-94.62	28	EarthScope DS AELUMA	events/2013/Infrasound_Event_11934927
1357678690	2013-01-08T20:58:10	AELUMA event 1357678690	Infrasound	32.43	-80.12	53	EarthScope DS AELUMA	events/2013/Infrasound_Event_11935365
1357683520	2013-01-08T22:18:40	AELUMA event 1357683520	Infrasound	32.2	-86.08	35	EarthScope DS AELUMA	events/2013/Infrasound_Event_11935803
1357684860	2013-01-08T22:41:00	AELUMA event 1357684860	Infrasound	29.07	-83.97	77	EarthScope DS AELUMA	events/2013/Infrasound_Event_11936241
1357763730	2013-01-09T20:35:30	AELUMA event 1357763730	Infrasound	31.53	-80.45	60	EarthScope DS AELUMA	events/2013/Infrasound_Event_11936679
1357766320	2013-01-09T21:18:40	AELUMA event 1357766320	Infrasound	31.97	-79.45	31	EarthScope DS AELUMA	events/2013/Infrasound_Event_11937117
1357769270	2013-01-09T22:07:50	AELUMA event 1357769270	Infrasound	37.05	-81.42	37	EarthScope DS AELUMA	events/2013/Infrasound_Event_11937555
1357770990	2013-01-09T22:36:30	AELUMA event 1357770990	Infrasound	39.07	-82.37	34	EarthScope DS AELUMA	events/2013/Infrasound_Event_11937993
1357776770	2013-01-10T00:12:50	AELUMA event 1357776770	Infrasound	31.68	-80.27	28	EarthScope DS AELUMA	events/2013/Infrasound_Event_11938431
1357777820	2013-01-10T00:30:20	AELUMA event 1357777820	Infrasound	36.17	-80.17	28	EarthScope DS AELUMA	events/2013/Infrasound_Event_11938869
1357950590	2013-01-12T00:29:50	AELUMA event 1357950590	Infrasound	31.12	-80.6	37	EarthScope DS AELUMA	events/2013/Infrasound_Event_11939308
1358194510	2013-01-14T20:15:10	AELUMA event 1358194510	Infrasound	41.12	-94.7	31	EarthScope DS AELUMA	events/2013/Infrasound_Event_11939749
1358202870	2013-01-14T22:34:30	AELUMA event 1358202870	Infrasound	41.37	-94.85	36	EarthScope DS AELUMA	events/2013/Infrasound_Event_11940190
1358204370	2013-01-14T22:59:30	AELUMA event 1358204370	Infrasound	38.97	-90.88	30	EarthScope DS AELUMA	events/2013/Infrasound_Event_11940631
1358256960	2013-01-15T13:36:00	AELUMA event 1358256960	Infrasound	39.17	-87.32	30	EarthScope DS AELUMA	events/2013/Infrasound_Event_11941074
1358288830	2013-01-15T22:27:10	AELUMA event 1358288830	Infrasound	38.87	-87.55	36	EarthScope DS AELUMA	events/2013/Infrasound_Event_11941517
1358298070	2013-01-16T01:01:10	AELUMA event 1358298070	Infrasound	41.63	-94.87	38	EarthScope DS AELUMA	events/2013/Infrasound_Event_11941961
1358305900	2013-01-16T03:11:40	AELUMA event 1358305900	Infrasound	41.68	-94.75	34	EarthScope DS AELUMA	events/2013/Infrasound_Event_11942405
1358633760	2013-01-19T22:16:00	AELUMA event 1358633760	Infrasound	31.87	-91.2	60	EarthScope DS AELUMA	events/2013/Infrasound_Event_11942851
1358807400	2013-01-21T22:30:00	AELUMA event 1358807400	Infrasound	33.2	-89.45	38	EarthScope DS AELUMA	events/2013/Infrasound_Event_11943297
1358812400	2013-01-21T23:53:20	AELUMA event 1358812400	Infrasound	33.93	-91.0	47	EarthScope DS AELUMA	events/2013/Infrasound_Event_11943744
1358838570	2013-01-22T07:09:30	AELUMA event 1358838570	Infrasound	32.7	-88.47	29	EarthScope DS AELUMA	events/2013/Infrasound_Event_11944191
1358885260	2013-01-22T20:07:40	AELUMA event 1358885260	Infrasound	29.9	-87.75	33	EarthScope DS AELUMA	events/2013/Infrasound_Event_11944638
1358893720	2013-01-22T22:28:40	AELUMA event 1358893720	Infrasound	34.63	-93.82	27	EarthScope DS AELUMA	events/2013/Infrasound_Event_11945085
1358894050	2013-01-22T22:34:10	AELUMA event 1358894050	Infrasound	37.12	-92.47	41	EarthScope DS AELUMA	events/2013/Infrasound_Event_11945532
1358917940	2013-01-23T05:12:20	AELUMA event 1358917940	Infrasound	35.55	-94.95	66	EarthScope DS AELUMA	events/2013/Infrasound_Event_11945979
1358918040	2013-01-23T05:14:00	AELUMA event 1358918040	Infrasound	40.58	-94.13	68	EarthScope DS AELUMA	events/2013/Infrasound_Event_11946426
1358918110	2013-01-23T05:15:10	AELUMA event 1358918110	Infrasound	43.88	-94.95	25	EarthScope DS AELUMA	events/2013/Infrasound_Event_11946873
1358918130	2013-01-23T05:15:30	AELUMA event 1358918130	Infrasound	38.63	-93.75	76	EarthScope DS AELUMA	events/2013/Infrasound_Event_11947320
1358919690	2013-01-23T05:41:30	AELUMA event 1358919690	Infrasound	33.75	-90.05	63	EarthScope DS AELUMA	events/2013/Infrasound_Event_11947767
1358948720	2013-01-23T13:45:20	AELUMA event 1358948720	Infrasound	39.02	-87.27	45	EarthScope DS AELUMA	events/2013/Infrasound_Event_11948214
1358955880	2013-01-23T15:44:40	AELUMA event 1358955880	Infrasound	30.63	-86.27	29	EarthScope DS AELUMA	events/2013/Infrasound_Event_11948661
1358980200	2013-01-23T22:30:00	AELUMA event 1358980200	Infrasound	34.88	-95.12	37	EarthScope DS AELUMA	events/2013/Infrasound_Event_11949107
1359154920	2013-01-25T23:02:00	AELUMA event 1359154920	Infrasound	30.35	-85.88	59	EarthScope DS AELUMA	events/2013/Infrasound_Event_11949553
1359176820	2013-01-26T05:07:00	AELUMA event 1359176820	Infrasound	36.78	-94.98	36	EarthScope DS AELUMA	events/2013/Infrasound_Event_11949999
1359238740	2013-01-26T22:19:00	AELUMA event 1359238740	Infrasound	39.07	-87.3	66	EarthScope DS AELUMA	events/2013/Infrasound_Event_11950445
1359265040	2013-01-27T05:37:20	AELUMA event 1359265040	Infrasound	29.97	-87.93	76	EarthScope DS AELUMA	events/2013/Infrasound_Event_11950892
1359410040	2013-01-28T21:54:00	AELUMA event 1359410040	Infrasound	27.28	-83.32	50	EarthScope DS AELUMA	events/2013/Infrasound_Event_11951338
1359418510	2013-01-29T00:15:10	AELUMA event 1359418510	Infrasound	28.92	-84.93	70	EarthScope DS AELUMA	events/2013/Infrasound_Event_11951785
1359419670	2013-01-29T00:34:30	AELUMA event 1359419670	Infrasound	28.68	-84.97	78	EarthScope DS AELUMA	events/2013/Infrasound_Event_11952232
1359671870	2013-01-31T22:37:50	AELUMA event 1359671870	Infrasound	28.68	-83.38	42	EarthScope DS AELUMA	events/2013/Infrasound_Event_11952679
1359758960	2013-02-01T22:49:20	AELUMA event 1359758960	Infrasound	33.17	-89.47	45	EarthScope DS AELUMA	events/2013/Infrasound_Event_11953124
1359763060	2013-02-01T23:57:40	AELUMA event 1359763060	Infrasound	33.12	-89.6	35	EarthScope DS AELUMA	events/2013/Infrasound_Event_11953569
1359765740	2013-02-02T00:42:20	AELUMA event 1359765740	Infrasound	33.17	-90.1	45	EarthScope DS AELUMA	events/2013/Infrasound_Event_11954014
1359991160	2013-02-04T15:19:20	AELUMA event 1359991160	Infrasound	29.63	-83.6	31	EarthScope DS AELUMA	events/2013/Infrasound_Event_11954459
1359999160	2013-02-04T17:32:40	AELUMA event 1359999160	Infrasound	28.97	-83.7	30	EarthScope DS AELUMA	events/2013/Infrasound_Event_11954903
1360013450	2013-02-04T21:30:50	AELUMA event 1360013450	Infrasound	28.57	-85.18	36	EarthScope DS AELUMA	events/2013/Infrasound_Event_11955347
1360014620	2013-02-04T21:50:20	AELUMA event 1360014620	Infrasound	28.93	-85.0	40	EarthScope DS AELUMA	events/2013/Infrasound_Event_11955791
1360045140	2013-02-05T06:19:00	AELUMA event 1360045140	Infrasound	42.97	-94.47	53	EarthScope DS AELUMA	events/2013/Infrasound_Event_11956235
1360076150	2013-02-05T14:55:50	AELUMA event 1360076150	Infrasound	29.2	-83.5	48	EarthScope DS AELUMA	events/2013/Infrasound_Event_11956679
1360077550	2013-02-05T15:19:10	AELUMA event 1360077550	Infrasound	39.07	-87.42	29	EarthScope DS AELUMA	events/2013/Infrasound_Event_11957123
1360111530	2013-02-06T00:45:30	AELUMA event 1360111530	Infrasound	29.68	-87.75	42	EarthScope DS AELUMA	events/2013/Infrasound_Event_11957567
1360121980	2013-02-06T03:39:40	AELUMA event 1360121980	Infrasound	31.02	-87.42	117	EarthScope DS AELUMA	events/2013/Infrasound_Event_11958011
1360170230	2013-02-06T17:03:50	AELUMA event 1360170230	Infrasound	27.97	-84.37	39	EarthScope DS AELUMA	events/2013/Infrasound_Event_11958454
1360182000	2013-02-06T20:20:00	AELUMA event 1360182000	Infrasound	29.38	-83.75	50	EarthScope DS AELUMA	events/2013/Infrasound_Event_11958896
1360183000	2013-02-06T20:36:40	AELUMA event 1360183000	Infrasound	29.2	-84.28	43	EarthScope DS AELUMA	events/2013/Infrasound_Event_11959338
1360184800	2013-02-06T21:06:40	AELUMA event 1360184800	Infrasound	34.28	-83.22	49	EarthScope DS AELUMA	events/2013/Infrasound_Event_11959780
1360185390	2013-02-06T21:16:30	AELUMA event 1360185390	Infrasound	30.27	-84.92	102	EarthScope DS AELUMA	events/2013/Infrasound_Event_11960222
1360187850	2013-02-06T21:57:30	AELUMA event 1360187850	Infrasound	28.98	-83.57	78	EarthScope DS AELUMA	events/2013/Infrasound_Event_11960664
1360190010	2013-02-06T22:33:30	AELUMA event 1360190010	Infrasound	30.33	-83.6	80	EarthScope DS AELUMA	events/2013/Infrasound_Event_11961106
1360196460	2013-02-07T00:21:00	AELUMA event 1360196460	Infrasound	30.1	-88.52	48	EarthScope DS AELUMA	events/2013/Infrasound_Event_11961548
1360197320	2013-02-07T00:35:20	AELUMA event 1360197320	Infrasound	29.63	-87.93	77	EarthScope DS AELUMA	events/2013/Infrasound_Event_11961990
1360292670	2013-02-08T03:04:30	AELUMA event 1360292670	Infrasound	29.65	-88.73	33	EarthScope DS AELUMA	events/2013/Infrasound_Event_11962431
1360707080	2013-02-12T22:11:20	AELUMA event 1360707080	Infrasound	38.97	-87.27	35	EarthScope DS AELUMA	events/2013/Infrasound_Event_11962867
1360716960	2013-02-13T00:56:00	AELUMA event 1360716960	Infrasound	39.18	-93.88	44	EarthScope DS AELUMA	events/2013/Infrasound_Event_11963303
1360733810	2013-02-13T05:36:50	AELUMA event 1360733810	Infrasound	39.82	-89.42	39	EarthScope DS AELUMA	events/2013/Infrasound_Event_11963739
1360799470	2013-02-13T23:51:10	AELUMA event 1360799470	Infrasound	37.2	-93.3	44	EarthScope DS AELUMA	events/2013/Infrasound_Event_11964176
1360799770	2013-02-13T23:56:10	AELUMA event 1360799770	Infrasound	35.35	-91.32	50	EarthScope DS AELUMA	events/2013/Infrasound_Event_11964613
1360799790	2013-02-13T23:56:30	AELUMA event 1360799790	Infrasound	39.13	-93.58	67	EarthScope DS AELUMA	events/2013/Infrasound_Event_11965050
1360799940	2013-02-13T23:59:00	AELUMA event 1360799940	Infrasound	40.73	-94.45	32	EarthScope DS AELUMA	events/2013/Infrasound_Event_11965487
1360800490	2013-02-14T00:08:10	AELUMA event 1360800490	Infrasound	39.53	-91.42	56	EarthScope DS AELUMA	events/2013/Infrasound_Event_11965924
1360853280	2013-02-14T14:48:00	AELUMA event 1360853280	Infrasound	29.22	-88.12	29	EarthScope DS AELUMA	events/2013/Infrasound_Event_11966361
1360876280	2013-02-14T21:11:20	AELUMA event 1360876280	Infrasound	28.87	-83.6	26	EarthScope DS AELUMA	events/2013/Infrasound_Event_11966798
1360885780	2013-02-14T23:49:40	AELUMA event 1360885780	Infrasound	34.63	-93.8	59	EarthScope DS AELUMA	events/2013/Infrasound_Event_11967236
1360886420	2013-02-15T00:00:20	AELUMA event 1360886420	Infrasound	35.55	-91.7	44	EarthScope DS AELUMA	events/2013/Infrasound_Event_11967674
1360927200	2013-02-15T03:20:00	Meteor, Chelyabinsk, Russia	Bolide	55.17	61.4	417	EarthScope DS TAIRED	events/2013/Infrasound_Event_12671636
1360945100	2013-02-15T16:18:20	AELUMA event 1360945100	Infrasound	30.63	-85.93	37	EarthScope DS AELUMA	events/2013/Infrasound_Event_11968112
1361418490	2013-02-21T03:48:10	AELUMA event 1361418490	Infrasound	39.48	-92.82	32	EarthScope DS AELUMA	events/2013/Infrasound_Event_11968552
1361855620	2013-02-26T05:13:40	AELUMA event 1361855620	Infrasound	45.22	-95.57	26	EarthScope DS AELUMA	events/2013/Infrasound_Event_11968997
1362190080	2013-03-02T02:08:00	AELUMA event 1362190080	Infrasound	31.77	-89.9	36	EarthScope DS AELUMA	events/2013/Infrasound_Event_11969444
1362212820	2013-03-02T08:27:00	AELUMA event 1362212820	Infrasound	44.45	-95.23	22	EarthScope DS AELUMA	events/2013/Infrasound_Event_11969891
1362215300	2013-03-02T09:08:20	AELUMA event 1362215300	Infrasound	33.4	-88.75	30	EarthScope DS AELUMA	events/2013/Infrasound_Event_11970338
1362361710	2013-03-04T01:48:30	AELUMA event 1362361710	Infrasound	29.28	-87.92	30	EarthScope DS AELUMA	events/2013/Infrasound_Event_11970785
1362408640	2013-03-04T14:50:40	AELUMA event 1362408640	Infrasound	29.92	-87.52	46	EarthScope DS AELUMA	events/2013/Infrasound_Event_11971232
1362672130	2013-03-07T16:02:10	AELUMA event 1362672130	Infrasound	29.67	-87.33	26	EarthScope DS AELUMA	events/2013/Infrasound_Event_11971679
1362681820	2013-03-07T18:43:40	AELUMA event 1362681820	Infrasound	47.4	-92.6	26	EarthScope DS AELUMA	events/2013/Infrasound_Event_11972126
1363222510	2013-03-14T00:55:10	AELUMA event 1363222510	Infrasound	44.73	-95.32	32	EarthScope DS AELUMA	events/2013/Infrasound_Event_11972578
1363244860	2013-03-14T07:07:40	AELUMA event 1363244860	Infrasound	44.65	-95.28	23	EarthScope DS AELUMA	events/2013/Infrasound_Event_11973030
1363244970	2013-03-14T07:09:30	AELUMA event 1363244970	Infrasound	38.97	-93.7	29	EarthScope DS AELUMA	events/2013/Infrasound_Event_11973482
1363247930	2013-03-14T07:58:50	AELUMA event 1363247930	Infrasound	38.67	-93.75	35	EarthScope DS AELUMA	events/2013/Infrasound_Event_11973934
1363324320	2013-03-15T05:12:00	AELUMA event 1363324320	Infrasound	32.78	-83.9	26	EarthScope DS AELUMA	events/2013/Infrasound_Event_11974384
1363739270	2013-03-20T00:27:50	AELUMA event 1363739270	Infrasound	29.53	-84.85	69	EarthScope DS AELUMA	events/2013/Infrasound_Event_11974832
1363828060	2013-03-21T01:07:40	AELUMA event 1363828060	Infrasound	29.73	-85.3	60	EarthScope DS AELUMA	events/2013/Infrasound_Event_11975282
1363913690	2013-03-22T00:54:50	AELUMA event 1363913690	Infrasound	29.53	-84.37	53	EarthScope DS AELUMA	events/2013/Infrasound_Event_11975731
1363914750	2013-03-22T01:12:30	AELUMA event 1363914750	Infrasound	29.25	-84.6	176	EarthScope DS AELUMA	events/2013/Infrasound_Event_11976180
1363915870	2013-03-22T01:31:10	AELUMA event 1363915870	Infrasound	29.02	-84.37	94	EarthScope DS AELUMA	events/2013/Infrasound_Event_11976629
1364346680	2013-03-27T01:11:20	AELUMA event 1364346680	Infrasound	29.53	-84.95	47	EarthScope DS AELUMA	events/2013/Infrasound_Event_11977079
1364347580	2013-03-27T01:26:20	AELUMA event 1364347580	Infrasound	29.58	-84.5	79	EarthScope DS AELUMA	events/2013/Infrasound_Event_11977529
1364356230	2013-03-27T03:50:30	AELUMA event 1364356230	Infrasound	38.3	-94.08	35	EarthScope DS AELUMA	events/2013/Infrasound_Event_11977979
1364356810	2013-03-27T04:00:10	AELUMA event 1364356810	Infrasound	41.98	-94.85	26	EarthScope DS AELUMA	events/2013/Infrasound_Event_11978429
1364361400	2013-03-27T05:16:40	AELUMA event 1364361400	Infrasound	28.62	-86.35	48	EarthScope DS AELUMA	events/2013/Infrasound_Event_11978879
1364427480	2013-03-27T23:38:00	AELUMA event 1364427480	Infrasound	33.63	-87.08	25	EarthScope DS AELUMA	events/2013/Infrasound_Event_11979330
1364428460	2013-03-27T23:54:20	AELUMA event 1364428460	Infrasound	40.0	-94.17	26	EarthScope DS AELUMA	events/2013/Infrasound_Event_11979781
1364430530	2013-03-28T00:28:50	AELUMA event 1364430530	Infrasound	28.33	-82.22	33	EarthScope DS AELUMA	events/2013/Infrasound_Event_11980232
1364431330	2013-03-28T00:42:10	AELUMA event 1364431330	Infrasound	28.28	-81.97	57	EarthScope DS AELUMA	events/2013/Infrasound_Event_11980683
1364432290	2013-03-28T00:58:10	AELUMA event 1364432290	Infrasound	30.07	-84.4	84	EarthScope DS AELUMA	events/2013/Infrasound_Event_11981134
1364437790	2013-03-28T02:29:50	AELUMA event 1364437790	Infrasound	31.58	-85.4	55	EarthScope DS AELUMA	events/2013/Infrasound_Event_11981585
1364442550	2013-03-28T03:49:10	AELUMA event 1364442550	Infrasound	37.45	-93.77	65	EarthScope DS AELUMA	events/2013/Infrasound_Event_11982036
1364442910	2013-03-28T03:55:10	AELUMA event 1364442910	Infrasound	40.35	-94.28	50	EarthScope DS AELUMA	events/2013/Infrasound_Event_11982487
1364442940	2013-03-28T03:55:40	AELUMA event 1364442940	Infrasound	36.07	-91.65	42	EarthScope DS AELUMA	events/2013/Infrasound_Event_11982938
1364443200	2013-03-28T04:00:00	AELUMA event 1364443200	Infrasound	33.83	-90.0	66	EarthScope DS AELUMA	events/2013/Infrasound_Event_11983389
1364512320	2013-03-28T23:12:00	AELUMA event 1364512320	Infrasound	29.78	-86.77	42	EarthScope DS AELUMA	events/2013/Infrasound_Event_11983840
1364519860	2013-03-29T01:17:40	AELUMA event 1364519860	Infrasound	29.12	-85.18	31	EarthScope DS AELUMA	events/2013/Infrasound_Event_11984291
1364521200	2013-03-29T01:40:00	AELUMA event 1364521200	Infrasound	29.18	-85.1	92	EarthScope DS AELUMA	events/2013/Infrasound_Event_11984742
1364522400	2013-03-29T02:00:00	AELUMA event 1364522400	Infrasound	45.08	-95.55	59	EarthScope DS AELUMA	events/2013/Infrasound_Event_11985193
1364523870	2013-03-29T02:24:30	AELUMA event 1364523870	Infrasound	40.43	-90.65	51	EarthScope DS AELUMA	events/2013/Infrasound_Event_11985644
1364523900	2013-03-29T02:25:00	AELUMA event 1364523900	Infrasound	45.37	-94.65	50	EarthScope DS AELUMA	events/2013/Infrasound_Event_11986095
1364524250	2013-03-29T02:30:50	AELUMA event 1364524250	Infrasound	43.0	-93.0	30	EarthScope DS AELUMA	events/2013/Infrasound_Event_11986546
1364525020	2013-03-29T02:43:40	AELUMA event 1364525020	Infrasound	40.15	-90.18	39	EarthScope DS AELUMA	events/2013/Infrasound_Event_11986997
1364562820	2013-03-29T13:13:40	AELUMA event 1364562820	Infrasound	38.92	-87.08	31	EarthScope DS AELUMA	events/2013/Infrasound_Event_11987448
1365038650	2013-04-04T01:24:10	AELUMA event 1365038650	Infrasound	40.15	-93.6	31	EarthScope DS AELUMA	events/2013/Infrasound_Event_11987901
1365119010	2013-04-04T23:43:30	AELUMA event 1365119010	Infrasound	37.82	-92.87	57	EarthScope DS AELUMA	events/2013/Infrasound_Event_11988354
1365412390	2013-04-08T09:13:10	AELUMA event 1365412390	Infrasound	37.4	-86.68	40	EarthScope DS AELUMA	events/2013/Infrasound_Event_11988809
1366035230	2013-04-15T14:13:50	AELUMA event 1366035230	Infrasound	30.53	-86.42	29	EarthScope DS AELUMA	events/2013/Infrasound_Event_11989265
1366271438	2013-04-18T00:50:38	Fertilizer Plant Explosion, Texas	Explosion	31.82	-97.09	66	EarthScope DS TAIRED	events/2013/Infrasound_Event_12672088
1366513140	2013-04-21T02:59:00	AELUMA event 1366513140	Infrasound	36.8	-75.8	112	EarthScope DS AELUMA	events/2013/Infrasound_Event_11989717
1366603202	2013-04-21T21:00:02	Antares launch, Wallops, Virginia	Rocket launch	37.94	-75.47	22	EarthScope DS TAIRED	events/2013/Infrasound_Event_12672540
1366630500	2013-04-22T11:35:00	AELUMA event 1366630500	Infrasound	37.92	-81.93	38	EarthScope DS AELUMA	events/2013/Infrasound_Event_11990170
1366852950	2013-04-25T01:22:30	AELUMA event 1366852950	Infrasound	35.08	-79.27	61	EarthScope DS AELUMA	events/2013/Infrasound_Event_11990629
1366853190	2013-04-25T01:26:30	AELUMA event 1366853190	Infrasound	31.05	-80.65	89	EarthScope DS AELUMA	events/2013/Infrasound_Event_11991088
1366878600	2013-04-25T01:30:00	Fuel-Barge Explosion, Mobile Alabama	Explosion	30.69	-88.03	221	EarthScope DS TAIRED	events/2013/Infrasound_Event_12672999
1366858110	2013-04-25T02:48:30	AELUMA event 1366858110	Infrasound	33.47	-80.5	41	EarthScope DS AELUMA	events/2013/Infrasound_Event_11991547
1366938650	2013-04-26T01:10:50	AELUMA event 1366938650	Infrasound	31.73	-80.58	92	EarthScope DS AELUMA	events/2013/Infrasound_Event_11992006
1366939750	2013-04-26T01:29:10	AELUMA event 1366939750	Infrasound	31.67	-80.68	141	EarthScope DS AELUMA	events/2013/Infrasound_Event_11992465
1367024030	2013-04-27T00:53:50	AELUMA event 1367024030	Infrasound	31.68	-80.42	43	EarthScope DS AELUMA	events/2013/Infrasound_Event_11992925
1367284730	2013-04-30T01:18:50	AELUMA event 1367284730	Infrasound	33.25	-78.98	43	EarthScope DS AELUMA	events/2013/Infrasound_Event_11993387
1367328950	2013-04-30T13:35:50	AELUMA event 1367328950	Infrasound	29.35	-86.23	28	EarthScope DS AELUMA	events/2013/Infrasound_Event_11993849
1367356120	2013-04-30T21:08:40	AELUMA event 1367356120	Infrasound	29.05	-84.38	39	EarthScope DS AELUMA	events/2013/Infrasound_Event_11994311
1367368620	2013-05-01T00:37:00	AELUMA event 1367368620	Infrasound	37.77	-78.98	38	EarthScope DS AELUMA	events/2013/Infrasound_Event_11994773
1367972980	2013-05-08T00:29:40	AELUMA event 1367972980	Infrasound	36.75	-76.85	71	EarthScope DS AELUMA	events/2013/Infrasound_Event_11995230
1367973280	2013-05-08T00:34:40	AELUMA event 1367973280	Infrasound	35.7	-76.23	70	EarthScope DS AELUMA	events/2013/Infrasound_Event_11995687
1367976200	2013-05-08T01:23:20	AELUMA event 1367976200	Infrasound	37.08	-77.82	44	EarthScope DS AELUMA	events/2013/Infrasound_Event_11996144
1367979340	2013-05-08T02:15:40	AELUMA event 1367979340	Infrasound	32.68	-80.22	69	EarthScope DS AELUMA	events/2013/Infrasound_Event_11996601
1368017540	2013-05-08T12:52:20	AELUMA event 1368017540	Infrasound	36.6	-76.03	102	EarthScope DS AELUMA	events/2013/Infrasound_Event_11997058
1368019990	2013-05-08T13:33:10	AELUMA event 1368019990	Infrasound	38.03	-74.75	53	EarthScope DS AELUMA	events/2013/Infrasound_Event_11997515
1368025850	2013-05-08T15:10:50	AELUMA event 1368025850	Infrasound	37.87	-74.53	27	EarthScope DS AELUMA	events/2013/Infrasound_Event_11997972
1368060450	2013-05-09T00:47:30	AELUMA event 1368060450	Infrasound	35.15	-76.88	65	EarthScope DS AELUMA	events/2013/Infrasound_Event_11998429
1368064780	2013-05-09T01:59:40	AELUMA event 1368064780	Infrasound	38.97	-75.07	65	EarthScope DS AELUMA	events/2013/Infrasound_Event_11998886
1368065920	2013-05-09T02:18:40	AELUMA event 1368065920	Infrasound	38.68	-75.87	141	EarthScope DS AELUMA	events/2013/Infrasound_Event_11999343
1368066180	2013-05-09T02:23:00	AELUMA event 1368066180	Infrasound	30.07	-84.78	51	EarthScope DS AELUMA	events/2013/Infrasound_Event_11999800
1368104520	2013-05-09T13:02:00	AELUMA event 1368104520	Infrasound	31.42	-80.52	41	EarthScope DS AELUMA	events/2013/Infrasound_Event_12000257
1368151140	2013-05-10T01:59:00	AELUMA event 1368151140	Infrasound	38.63	-74.35	99	EarthScope DS AELUMA	events/2013/Infrasound_Event_12000713
1368152260	2013-05-10T02:17:40	AELUMA event 1368152260	Infrasound	38.45	-75.2	74	EarthScope DS AELUMA	events/2013/Infrasound_Event_12001169
1368154530	2013-05-10T02:55:30	AELUMA event 1368154530	Infrasound	38.05	-74.02	68	EarthScope DS AELUMA	events/2013/Infrasound_Event_12001625
1368155870	2013-05-10T03:17:50	AELUMA event 1368155870	Infrasound	35.7	-77.23	71	EarthScope DS AELUMA	events/2013/Infrasound_Event_12002081
1368486400	2013-05-13T23:06:40	AELUMA event 1368486400	Infrasound	35.48	-75.6	51	EarthScope DS AELUMA	events/2013/Infrasound_Event_12002535
1368496160	2013-05-14T01:49:20	AELUMA event 1368496160	Infrasound	29.02	-84.13	80	EarthScope DS AELUMA	events/2013/Infrasound_Event_12002989
1368497340	2013-05-14T02:09:00	AELUMA event 1368497340	Infrasound	29.42	-86.43	43	EarthScope DS AELUMA	events/2013/Infrasound_Event_12003443
1368499740	2013-05-14T02:49:00	AELUMA event 1368499740	Infrasound	43.38	-77.87	65	EarthScope DS AELUMA	events/2013/Infrasound_Event_12003897
1368537540	2013-05-14T13:19:00	AELUMA event 1368537540	Infrasound	36.2	-76.8	40	EarthScope DS AELUMA	events/2013/Infrasound_Event_12004351
1368575110	2013-05-14T23:45:10	AELUMA event 1368575110	Infrasound	35.35	-79.28	35	EarthScope DS AELUMA	events/2013/Infrasound_Event_12004806
1368583990	2013-05-15T02:13:10	AELUMA event 1368583990	Infrasound	38.52	-75.05	57	EarthScope DS AELUMA	events/2013/Infrasound_Event_12005261
1368671360	2013-05-16T02:29:20	AELUMA event 1368671360	Infrasound	36.43	-78.27	42	EarthScope DS AELUMA	events/2013/Infrasound_Event_12005715
1368710650	2013-05-16T13:24:10	AELUMA event 1368710650	Infrasound	35.73	-77.9	52	EarthScope DS AELUMA	events/2013/Infrasound_Event_12006169
1368744770	2013-05-16T22:52:50	AELUMA event 1368744770	Infrasound	31.05	-84.9	81	EarthScope DS AELUMA	events/2013/Infrasound_Event_12006621
1368755970	2013-05-17T01:59:30	AELUMA event 1368755970	Infrasound	38.83	-75.35	49	EarthScope DS AELUMA	events/2013/Infrasound_Event_12007074
1368757130	2013-05-17T02:18:50	AELUMA event 1368757130	Infrasound	38.37	-75.88	86	EarthScope DS AELUMA	events/2013/Infrasound_Event_12007527
1368795830	2013-05-17T13:03:50	AELUMA event 1368795830	Infrasound	31.78	-80.75	39	EarthScope DS AELUMA	events/2013/Infrasound_Event_12007980
1368799560	2013-05-17T14:06:00	AELUMA event 1368799560	Infrasound	37.17	-76.13	104	EarthScope DS AELUMA	events/2013/Infrasound_Event_12008433
1369055350	2013-05-20T13:09:10	AELUMA event 1369055350	Infrasound	30.48	-80.42	37	EarthScope DS AELUMA	events/2013/Infrasound_Event_12008887
1369058340	2013-05-20T13:59:00	AELUMA event 1369058340	Infrasound	37.25	-76.12	75	EarthScope DS AELUMA	events/2013/Infrasound_Event_12009341
1369059670	2013-05-20T14:21:10	AELUMA event 1369059670	Infrasound	37.5	-76.32	72	EarthScope DS AELUMA	events/2013/Infrasound_Event_12009795
1369086700	2013-05-20T21:51:40	AELUMA event 1369086700	Infrasound	36.2	-75.4	42	EarthScope DS AELUMA	events/2013/Infrasound_Event_12010249
1369089020	2013-05-20T22:30:20	AELUMA event 1369089020	Infrasound	33.82	-77.7	56	EarthScope DS AELUMA	events/2013/Infrasound_Event_12010703
1369167680	2013-05-21T20:21:20	AELUMA event 1369167680	Infrasound	36.53	-75.23	34	EarthScope DS AELUMA	events/2013/Infrasound_Event_12011159
1369175870	2013-05-21T22:37:50	AELUMA event 1369175870	Infrasound	35.63	-75.98	40	EarthScope DS AELUMA	events/2013/Infrasound_Event_12011615
1369229310	2013-05-22T13:28:30	AELUMA event 1369229310	Infrasound	31.53	-80.5	33	EarthScope DS AELUMA	events/2013/Infrasound_Event_12012073
1369231040	2013-05-22T13:57:20	AELUMA event 1369231040	Infrasound	37.12	-77.28	43	EarthScope DS AELUMA	events/2013/Infrasound_Event_12012531
1369315540	2013-05-23T13:25:40	AELUMA event 1369315540	Infrasound	30.2	-84.7	44	EarthScope DS AELUMA	events/2013/Infrasound_Event_12012990
1369442070	2013-05-25T00:27:00	Delta 4 launch, Florida	Rocket launch	28.53	-80.56	181	EarthScope DS TAIRED	events/2013/Infrasound_Event_12673458
1369442070	2013-05-25T00:34:30	AELUMA event 1369442070	Infrasound	28.93	-81.1	96	EarthScope DS AELUMA	events/2013/Infrasound_Event_12013449
1369442570	2013-05-25T00:42:50	AELUMA event 1369442570	Infrasound	36.87	-83.47	34	EarthScope DS AELUMA	events/2013/Infrasound_Event_12013908
1369790040	2013-05-29T01:14:00	AELUMA event 1369790040	Infrasound	35.17	-76.83	48	EarthScope DS AELUMA	events/2013/Infrasound_Event_12014373
1369792560	2013-05-29T01:56:00	AELUMA event 1369792560	Infrasound	38.12	-75.02	46	EarthScope DS AELUMA	events/2013/Infrasound_Event_12014838
1369837060	2013-05-29T14:17:40	AELUMA event 1369837060	Infrasound	38.17	-76.85	24	EarthScope DS AELUMA	events/2013/Infrasound_Event_12015304
1369872660	2013-05-30T00:11:00	AELUMA event 1369872660	Infrasound	32.1	-80.45	75	EarthScope DS AELUMA	events/2013/Infrasound_Event_12015772
1369878080	2013-05-30T01:41:20	AELUMA event 1369878080	Infrasound	34.38	-77.58	136	EarthScope DS AELUMA	events/2013/Infrasound_Event_12016240
1369880010	2013-05-30T02:13:30	AELUMA event 1369880010	Infrasound	38.63	-75.07	112	EarthScope DS AELUMA	events/2013/Infrasound_Event_12016708
1369920620	2013-05-30T13:30:20	AELUMA event 1369920620	Infrasound	37.68	-74.95	92	EarthScope DS AELUMA	events/2013/Infrasound_Event_12017176
1369922140	2013-05-30T13:55:40	AELUMA event 1369922140	Infrasound	37.78	-75.32	57	EarthScope DS AELUMA	events/2013/Infrasound_Event_12017644
1369947210	2013-05-30T20:53:30	AELUMA event 1369947210	Infrasound	37.25	-76.57	29	EarthScope DS AELUMA	events/2013/Infrasound_Event_12018113
1369960380	2013-05-31T00:33:00	AELUMA event 1369960380	Infrasound	36.78	-76.02	119	EarthScope DS AELUMA	events/2013/Infrasound_Event_12018582
1369963650	2013-05-31T01:27:30	AELUMA event 1369963650	Infrasound	33.98	-77.95	65	EarthScope DS AELUMA	events/2013/Infrasound_Event_12019051
1369964960	2013-05-31T01:49:20	AELUMA event 1369964960	Infrasound	39.07	-74.43	67	EarthScope DS AELUMA	events/2013/Infrasound_Event_12019520
1369966220	2013-05-31T02:10:20	AELUMA event 1369966220	Infrasound	38.73	-74.65	85	EarthScope DS AELUMA	events/2013/Infrasound_Event_12019989
1370008460	2013-05-31T13:54:20	AELUMA event 1370008460	Infrasound	37.55	-74.68	54	EarthScope DS AELUMA	events/2013/Infrasound_Event_12020458
1370093060	2013-06-01T13:24:20	AELUMA event 1370093060	Infrasound	37.58	-74.9	44	EarthScope DS AELUMA	events/2013/Infrasound_Event_12020927
1370094380	2013-06-01T13:46:20	AELUMA event 1370094380	Infrasound	37.73	-74.6	42	EarthScope DS AELUMA	events/2013/Infrasound_Event_12021396
1370267880	2013-06-03T13:58:00	AELUMA event 1370267880	Infrasound	31.5	-80.05	62	EarthScope DS AELUMA	events/2013/Infrasound_Event_12021864
1370271210	2013-06-03T14:53:30	AELUMA event 1370271210	Infrasound	37.18	-76.2	34	EarthScope DS AELUMA	events/2013/Infrasound_Event_12022332
1370352780	2013-06-04T13:33:00	AELUMA event 1370352780	Infrasound	32.25	-80.6	30	EarthScope DS AELUMA	events/2013/Infrasound_Event_12022800
1370357750	2013-06-04T14:55:50	AELUMA event 1370357750	Infrasound	36.55	-77.3	49	EarthScope DS AELUMA	events/2013/Infrasound_Event_12023268
1370363320	2013-06-04T16:28:40	AELUMA event 1370363320	Infrasound	36.15	-77.5	46	EarthScope DS AELUMA	events/2013/Infrasound_Event_12023736
1370380140	2013-06-04T21:09:00	AELUMA event 1370380140	Infrasound	36.2	-76.72	96	EarthScope DS AELUMA	events/2013/Infrasound_Event_12024203
1370389770	2013-06-04T23:49:30	AELUMA event 1370389770	Infrasound	36.02	-75.57	230	EarthScope DS AELUMA	events/2013/Infrasound_Event_12024670
1370390090	2013-06-04T23:54:50	AELUMA event 1370390090	Infrasound	35.9	-74.88	46	EarthScope DS AELUMA	events/2013/Infrasound_Event_12025137
1370390460	2013-06-05T00:01:00	AELUMA event 1370390460	Infrasound	36.65	-75.38	48	EarthScope DS AELUMA	events/2013/Infrasound_Event_12025604
1370395970	2013-06-05T01:32:50	AELUMA event 1370395970	Infrasound	34.15	-77.12	127	EarthScope DS AELUMA	events/2013/Infrasound_Event_12026071
1370441960	2013-06-05T14:19:20	AELUMA event 1370441960	Infrasound	36.68	-75.22	42	EarthScope DS AELUMA	events/2013/Infrasound_Event_12026538
1370616100	2013-06-07T14:41:40	AELUMA event 1370616100	Infrasound	31.68	-80.67	36	EarthScope DS AELUMA	events/2013/Infrasound_Event_12027001
1370697560	2013-06-08T13:19:20	AELUMA event 1370697560	Infrasound	31.9	-80.83	102	EarthScope DS AELUMA	events/2013/Infrasound_Event_12027463
1370719960	2013-06-08T19:32:40	AELUMA event 1370719960	Infrasound	32.23	-81.17	48	EarthScope DS AELUMA	events/2013/Infrasound_Event_12027924
1370952750	2013-06-11T12:12:30	AELUMA event 1370952750	Infrasound	31.92	-80.03	48	EarthScope DS AELUMA	events/2013/Infrasound_Event_12028379
1371000060	2013-06-12T01:21:00	AELUMA event 1371000060	Infrasound	34.23	-76.38	121	EarthScope DS AELUMA	events/2013/Infrasound_Event_12028831
1371043110	2013-06-12T13:18:30	AELUMA event 1371043110	Infrasound	30.58	-80.92	47	EarthScope DS AELUMA	events/2013/Infrasound_Event_12029283
1371046000	2013-06-12T14:06:40	AELUMA event 1371046000	Infrasound	36.53	-75.98	57	EarthScope DS AELUMA	events/2013/Infrasound_Event_12029735
1371048320	2013-06-12T14:45:20	AELUMA event 1371048320	Infrasound	37.07	-75.82	84	EarthScope DS AELUMA	events/2013/Infrasound_Event_12030187
1371048950	2013-06-12T14:55:50	AELUMA event 1371048950	Infrasound	37.55	-76.32	48	EarthScope DS AELUMA	events/2013/Infrasound_Event_12030639
1371054590	2013-06-12T16:29:50	AELUMA event 1371054590	Infrasound	35.97	-75.6	53	EarthScope DS AELUMA	events/2013/Infrasound_Event_12031091
1371055330	2013-06-12T16:42:10	AELUMA event 1371055330	Infrasound	32.35	-79.42	24	EarthScope DS AELUMA	events/2013/Infrasound_Event_12031543
1371090190	2013-06-13T02:23:10	AELUMA event 1371090190	Infrasound	33.88	-78.43	32	EarthScope DS AELUMA	events/2013/Infrasound_Event_12031994
1371249150	2013-06-14T22:32:30	AELUMA event 1371249150	Infrasound	37.12	-78.27	68	EarthScope DS AELUMA	events/2013/Infrasound_Event_12032439
1371262580	2013-06-15T02:16:20	AELUMA event 1371262580	Infrasound	36.93	-77.83	39	EarthScope DS AELUMA	events/2013/Infrasound_Event_12032885
1371303480	2013-06-15T13:38:00	AELUMA event 1371303480	Infrasound	37.12	-76.5	35	EarthScope DS AELUMA	events/2013/Infrasound_Event_12033331
1371306150	2013-06-15T14:22:30	AELUMA event 1371306150	Infrasound	36.87	-76.98	47	EarthScope DS AELUMA	events/2013/Infrasound_Event_12033777
1371308240	2013-06-15T14:57:20	AELUMA event 1371308240	Infrasound	36.87	-75.88	34	EarthScope DS AELUMA	events/2013/Infrasound_Event_12034223
1371341740	2013-06-16T00:15:40	AELUMA event 1371341740	Infrasound	37.02	-77.98	51	EarthScope DS AELUMA	events/2013/Infrasound_Event_12034667
1371496830	2013-06-17T19:20:30	AELUMA event 1371496830	Infrasound	36.3	-75.6	44	EarthScope DS AELUMA	events/2013/Infrasound_Event_12035108
1371569430	2013-06-18T15:30:30	AELUMA event 1371569430	Infrasound	37.92	-73.73	51	EarthScope DS AELUMA	events/2013/Infrasound_Event_12035548
1371570850	2013-06-18T15:54:10	AELUMA event 1371570850	Infrasound	36.53	-74.73	30	EarthScope DS AELUMA	events/2013/Infrasound_Event_12035988
1371573650	2013-06-18T16:40:50	AELUMA event 1371573650	Infrasound	37.87	-74.32	30	EarthScope DS AELUMA	events/2013/Infrasound_Event_12036428
1371653770	2013-06-19T14:56:10	AELUMA event 1371653770	Infrasound	37.58	-76.37	86	EarthScope DS AELUMA	events/2013/Infrasound_Event_12036868
1371661570	2013-06-19T17:06:10	AELUMA event 1371661570	Infrasound	36.35	-75.63	28	EarthScope DS AELUMA	events/2013/Infrasound_Event_12037308
1371668900	2013-06-19T19:08:20	AELUMA event 1371668900	Infrasound	36.07	-75.95	46	EarthScope DS AELUMA	events/2013/Infrasound_Event_12037748
1371674660	2013-06-19T20:44:20	AELUMA event 1371674660	Infrasound	40.27	-73.67	43	EarthScope DS AELUMA	events/2013/Infrasound_Event_12038188
1371677350	2013-06-19T21:29:10	AELUMA event 1371677350	Infrasound	35.87	-75.78	45	EarthScope DS AELUMA	events/2013/Infrasound_Event_12038628
1371691130	2013-06-20T01:18:50	AELUMA event 1371691130	Infrasound	36.78	-75.42	38	EarthScope DS AELUMA	events/2013/Infrasound_Event_12039068
1371691880	2013-06-20T01:31:20	AELUMA event 1371691880	Infrasound	36.73	-77.8	124	EarthScope DS AELUMA	events/2013/Infrasound_Event_12039508
1371693960	2013-06-20T02:06:00	AELUMA event 1371693960	Infrasound	40.58	-72.13	90	EarthScope DS AELUMA	events/2013/Infrasound_Event_12039948
1371694980	2013-06-20T02:23:00	AELUMA event 1371694980	Infrasound	40.18	-75.12	138	EarthScope DS AELUMA	events/2013/Infrasound_Event_12040388
1371735480	2013-06-20T13:38:00	AELUMA event 1371735480	Infrasound	38.63	-75.35	31	EarthScope DS AELUMA	events/2013/Infrasound_Event_12040828
1371740490	2013-06-20T15:01:30	AELUMA event 1371740490	Infrasound	37.97	-75.5	130	EarthScope DS AELUMA	events/2013/Infrasound_Event_12041268
1371745700	2013-06-20T16:28:20	AELUMA event 1371745700	Infrasound	37.73	-74.9	82	EarthScope DS AELUMA	events/2013/Infrasound_Event_12041708
1371746650	2013-06-20T16:44:10	AELUMA event 1371746650	Infrasound	36.05	-75.38	32	EarthScope DS AELUMA	events/2013/Infrasound_Event_12042148
1371755310	2013-06-20T19:08:30	AELUMA event 1371755310	Infrasound	36.5	-76.2	36	EarthScope DS AELUMA	events/2013/Infrasound_Event_12042588
1371761340	2013-06-20T20:49:00	AELUMA event 1371761340	Infrasound	37.72	-76.08	91	EarthScope DS AELUMA	events/2013/Infrasound_Event_12043028
1371761980	2013-06-20T20:59:40	AELUMA event 1371761980	Infrasound	37.73	-75.75	115	EarthScope DS AELUMA	events/2013/Infrasound_Event_12043468
1371767570	2013-06-20T22:32:50	AELUMA event 1371767570	Infrasound	36.73	-76.07	110	EarthScope DS AELUMA	events/2013/Infrasound_Event_12043908
1371772080	2013-06-20T23:48:00	AELUMA event 1371772080	Infrasound	36.77	-77.65	99	EarthScope DS AELUMA	events/2013/Infrasound_Event_12044349
1371789640	2013-06-21T04:40:40	AELUMA event 1371789640	Infrasound	37.07	-77.5	41	EarthScope DS AELUMA	events/2013/Infrasound_Event_12044790
1371859430	2013-06-22T00:03:50	AELUMA event 1371859430	Infrasound	34.68	-77.82	40	EarthScope DS AELUMA	events/2013/Infrasound_Event_12045232
1372083450	2013-06-24T14:17:30	AELUMA event 1372083450	Infrasound	36.68	-75.27	52	EarthScope DS AELUMA	events/2013/Infrasound_Event_12045674
1372085760	2013-06-24T14:56:00	AELUMA event 1372085760	Infrasound	37.58	-74.9	77	EarthScope DS AELUMA	events/2013/Infrasound_Event_12046116
1372087090	2013-06-24T15:18:10	AELUMA event 1372087090	Infrasound	37.87	-75.68	79	EarthScope DS AELUMA	events/2013/Infrasound_Event_12046558
1372106450	2013-06-24T20:40:50	AELUMA event 1372106450	Infrasound	35.92	-75.62	84	EarthScope DS AELUMA	events/2013/Infrasound_Event_12047000
1372127420	2013-06-25T02:30:20	AELUMA event 1372127420	Infrasound	37.15	-75.95	106	EarthScope DS AELUMA	events/2013/Infrasound_Event_12047442
1372164670	2013-06-25T12:51:10	AELUMA event 1372164670	Infrasound	35.98	-75.03	42	EarthScope DS AELUMA	events/2013/Infrasound_Event_12047884
1372170950	2013-06-25T14:35:50	AELUMA event 1372170950	Infrasound	35.78	-75.93	68	EarthScope DS AELUMA	events/2013/Infrasound_Event_12048326
1372176070	2013-06-25T16:01:10	AELUMA event 1372176070	Infrasound	36.85	-76.78	48	EarthScope DS AELUMA	events/2013/Infrasound_Event_12048768
1372177920	2013-06-25T16:32:00	AELUMA event 1372177920	Infrasound	36.6	-78.02	46	EarthScope DS AELUMA	events/2013/Infrasound_Event_12049210
1372179910	2013-06-25T17:05:10	AELUMA event 1372179910	Infrasound	37.83	-75.85	86	EarthScope DS AELUMA	events/2013/Infrasound_Event_12049652
1372184720	2013-06-25T18:25:20	AELUMA event 1372184720	Infrasound	37.63	-75.23	86	EarthScope DS AELUMA	events/2013/Infrasound_Event_12050094
1372193110	2013-06-25T20:45:10	AELUMA event 1372193110	Infrasound	36.58	-75.5	53	EarthScope DS AELUMA	events/2013/Infrasound_Event_12050536
1372257120	2013-06-26T14:32:00	AELUMA event 1372257120	Infrasound	36.28	-75.37	48	EarthScope DS AELUMA	events/2013/Infrasound_Event_12050979
1372260190	2013-06-26T15:23:10	AELUMA event 1372260190	Infrasound	34.97	-77.42	40	EarthScope DS AELUMA	events/2013/Infrasound_Event_12051422
1372309970	2013-06-27T05:12:50	AELUMA event 1372309970	Infrasound	35.18	-79.12	81	EarthScope DS AELUMA	events/2013/Infrasound_Event_12051865
1372342310	2013-06-27T14:11:50	AELUMA event 1372342310	Infrasound	37.72	-76.48	52	EarthScope DS AELUMA	events/2013/Infrasound_Event_12052308
1372391980	2013-06-28T03:59:40	AELUMA event 1372391980	Infrasound	36.58	-79.07	56	EarthScope DS AELUMA	events/2013/Infrasound_Event_12052751
1372423950	2013-06-28T12:52:30	AELUMA event 1372423950	Infrasound	36.3	-76.32	34	EarthScope DS AELUMA	events/2013/Infrasound_Event_12053194
1372427280	2013-06-28T13:48:00	AELUMA event 1372427280	Infrasound	36.58	-74.83	64	EarthScope DS AELUMA	events/2013/Infrasound_Event_12053637
1372700270	2013-07-01T17:37:50	AELUMA event 1372700270	Infrasound	37.92	-74.73	51	EarthScope DS AELUMA	events/2013/Infrasound_Event_12054081
1372769830	2013-07-02T12:57:10	AELUMA event 1372769830	Infrasound	38.35	-74.83	70	EarthScope DS AELUMA	events/2013/Infrasound_Event_12054526
1372780720	2013-07-02T15:58:40	AELUMA event 1372780720	Infrasound	35.63	-76.45	32	EarthScope DS AELUMA	events/2013/Infrasound_Event_12054971
1372806350	2013-07-02T23:05:50	AELUMA event 1372806350	Infrasound	35.05	-77.13	56	EarthScope DS AELUMA	events/2013/Infrasound_Event_12055417
1372816410	2013-07-03T01:53:30	AELUMA event 1372816410	Infrasound	35.37	-77.57	86	EarthScope DS AELUMA	events/2013/Infrasound_Event_12055863
1372855180	2013-07-03T12:39:40	AELUMA event 1372855180	Infrasound	36.33	-76.48	95	EarthScope DS AELUMA	events/2013/Infrasound_Event_12056309
1372857200	2013-07-03T13:13:20	AELUMA event 1372857200	Infrasound	37.4	-76.43	66	EarthScope DS AELUMA	events/2013/Infrasound_Event_12056755
1372863610	2013-07-03T15:00:10	AELUMA event 1372863610	Infrasound	36.87	-75.13	51	EarthScope DS AELUMA	events/2013/Infrasound_Event_12057201
1372872340	2013-07-03T17:25:40	AELUMA event 1372872340	Infrasound	36.62	-75.45	41	EarthScope DS AELUMA	events/2013/Infrasound_Event_12057647
1373289120	2013-07-08T13:12:00	AELUMA event 1373289120	Infrasound	38.1	-74.77	126	EarthScope DS AELUMA	events/2013/Infrasound_Event_12058094
1373293700	2013-07-08T14:28:20	AELUMA event 1373293700	Infrasound	31.7	-80.33	74	EarthScope DS AELUMA	events/2013/Infrasound_Event_12058541
1373294310	2013-07-08T14:38:30	AELUMA event 1373294310	Infrasound	30.87	-79.55	35	EarthScope DS AELUMA	events/2013/Infrasound_Event_12058988
1373296870	2013-07-08T15:21:10	AELUMA event 1373296870	Infrasound	33.68	-78.73	66	EarthScope DS AELUMA	events/2013/Infrasound_Event_12059435
1373302320	2013-07-08T16:52:00	AELUMA event 1373302320	Infrasound	36.12	-77.12	48	EarthScope DS AELUMA	events/2013/Infrasound_Event_12059882
1373304750	2013-07-08T17:32:30	AELUMA event 1373304750	Infrasound	35.2	-76.5	40	EarthScope DS AELUMA	events/2013/Infrasound_Event_12060329
1373307910	2013-07-08T18:25:10	AELUMA event 1373307910	Infrasound	37.0	-76.77	63	EarthScope DS AELUMA	events/2013/Infrasound_Event_12060776
1373311020	2013-07-08T19:17:00	AELUMA event 1373311020	Infrasound	36.82	-77.83	57	EarthScope DS AELUMA	events/2013/Infrasound_Event_12061223
1373378800	2013-07-09T14:06:40	AELUMA event 1373378800	Infrasound	35.48	-75.88	28	EarthScope DS AELUMA	events/2013/Infrasound_Event_12061670
1373461890	2013-07-10T13:11:30	AELUMA event 1373461890	Infrasound	36.92	-76.37	56	EarthScope DS AELUMA	events/2013/Infrasound_Event_12062117
1373462090	2013-07-10T13:14:50	AELUMA event 1373462090	Infrasound	37.68	-75.43	155	EarthScope DS AELUMA	events/2013/Infrasound_Event_12062564
1373463260	2013-07-10T13:34:20	AELUMA event 1373463260	Infrasound	37.83	-76.92	39	EarthScope DS AELUMA	events/2013/Infrasound_Event_12063011
1373467330	2013-07-10T14:42:10	AELUMA event 1373467330	Infrasound	40.32	-72.12	73	EarthScope DS AELUMA	events/2013/Infrasound_Event_12063458
1373471630	2013-07-10T15:53:50	AELUMA event 1373471630	Infrasound	38.97	-75.12	33	EarthScope DS AELUMA	events/2013/Infrasound_Event_12063905
1373482340	2013-07-10T18:52:20	AELUMA event 1373482340	Infrasound	37.92	-74.35	30	EarthScope DS AELUMA	events/2013/Infrasound_Event_12064352
1373506500	2013-07-11T01:35:00	AELUMA event 1373506500	Infrasound	36.83	-75.05	128	EarthScope DS AELUMA	events/2013/Infrasound_Event_12064799
1373551620	2013-07-11T14:07:00	AELUMA event 1373551620	Infrasound	37.78	-74.48	101	EarthScope DS AELUMA	events/2013/Infrasound_Event_12065246
1373552550	2013-07-11T14:22:30	AELUMA event 1373552550	Infrasound	34.87	-77.1	53	EarthScope DS AELUMA	events/2013/Infrasound_Event_12065693
1373554210	2013-07-11T14:50:10	AELUMA event 1373554210	Infrasound	39.25	-73.8	39	EarthScope DS AELUMA	events/2013/Infrasound_Event_12066140
1373555640	2013-07-11T15:14:00	AELUMA event 1373555640	Infrasound	35.65	-78.65	45	EarthScope DS AELUMA	events/2013/Infrasound_Event_12066587
1373563520	2013-07-11T17:25:20	AELUMA event 1373563520	Infrasound	32.68	-79.55	52	EarthScope DS AELUMA	events/2013/Infrasound_Event_12067034
1373583100	2013-07-11T22:51:40	AELUMA event 1373583100	Infrasound	34.78	-78.9	36	EarthScope DS AELUMA	events/2013/Infrasound_Event_12067481
1373634540	2013-07-12T13:09:00	AELUMA event 1373634540	Infrasound	35.78	-75.9	59	EarthScope DS AELUMA	events/2013/Infrasound_Event_12067928
1373635500	2013-07-12T13:25:00	AELUMA event 1373635500	Infrasound	36.58	-75.75	45	EarthScope DS AELUMA	events/2013/Infrasound_Event_12068375
1373642040	2013-07-12T15:14:00	AELUMA event 1373642040	Infrasound	31.5	-80.33	43	EarthScope DS AELUMA	events/2013/Infrasound_Event_12068822
1373689010	2013-07-13T04:16:50	AELUMA event 1373689010	Infrasound	35.83	-80.98	89	EarthScope DS AELUMA	events/2013/Infrasound_Event_12069269
1373723580	2013-07-13T13:53:00	AELUMA event 1373723580	Infrasound	37.83	-74.37	67	EarthScope DS AELUMA	events/2013/Infrasound_Event_12069716
1373726600	2013-07-13T14:43:20	AELUMA event 1373726600	Infrasound	37.63	-74.65	73	EarthScope DS AELUMA	events/2013/Infrasound_Event_12070163
1373743890	2013-07-13T19:31:30	AELUMA event 1373743890	Infrasound	38.05	-74.53	133	EarthScope DS AELUMA	events/2013/Infrasound_Event_12070609
1373859670	2013-07-15T03:41:10	AELUMA event 1373859670	Infrasound	36.58	-76.73	79	EarthScope DS AELUMA	events/2013/Infrasound_Event_12071046
1373902870	2013-07-15T15:41:10	AELUMA event 1373902870	Infrasound	36.77	-75.68	94	EarthScope DS AELUMA	events/2013/Infrasound_Event_12071482
1373904350	2013-07-15T16:05:50	AELUMA event 1373904350	Infrasound	37.27	-76.25	65	EarthScope DS AELUMA	events/2013/Infrasound_Event_12071918
1373906930	2013-07-15T16:48:50	AELUMA event 1373906930	Infrasound	36.07	-75.7	124	EarthScope DS AELUMA	events/2013/Infrasound_Event_12072354
1373914790	2013-07-15T18:59:50	AELUMA event 1373914790	Infrasound	37.02	-75.27	129	EarthScope DS AELUMA	events/2013/Infrasound_Event_12072789
1373916280	2013-07-15T19:24:40	AELUMA event 1373916280	Infrasound	37.35	-76.32	49	EarthScope DS AELUMA	events/2013/Infrasound_Event_12073224
1373920260	2013-07-15T20:31:00	AELUMA event 1373920260	Infrasound	36.2	-75.55	42	EarthScope DS AELUMA	events/2013/Infrasound_Event_12073659
1373976280	2013-07-16T12:04:40	AELUMA event 1373976280	Infrasound	32.25	-80.12	59	EarthScope DS AELUMA	events/2013/Infrasound_Event_12074094
1373977790	2013-07-16T12:29:50	AELUMA event 1373977790	Infrasound	38.02	-82.03	27	EarthScope DS AELUMA	events/2013/Infrasound_Event_12074529
1373982680	2013-07-16T13:51:20	AELUMA event 1373982680	Infrasound	37.17	-76.78	89	EarthScope DS AELUMA	events/2013/Infrasound_Event_12074964
1373983790	2013-07-16T14:09:50	AELUMA event 1373983790	Infrasound	36.63	-75.02	167	EarthScope DS AELUMA	events/2013/Infrasound_Event_12075399
1373985440	2013-07-16T14:37:20	AELUMA event 1373985440	Infrasound	33.87	-77.87	51	EarthScope DS AELUMA	events/2013/Infrasound_Event_12075832
1374002130	2013-07-16T19:15:30	AELUMA event 1374002130	Infrasound	37.53	-76.17	112	EarthScope DS AELUMA	events/2013/Infrasound_Event_12076265
1374006770	2013-07-16T20:32:50	AELUMA event 1374006770	Infrasound	37.45	-76.32	66	EarthScope DS AELUMA	events/2013/Infrasound_Event_12076697
1374015330	2013-07-16T22:55:30	AELUMA event 1374015330	Infrasound	35.88	-77.05	90	EarthScope DS AELUMA	events/2013/Infrasound_Event_12077129
1374068460	2013-07-17T13:41:00	AELUMA event 1374068460	Infrasound	28.7	-85.75	24	EarthScope DS AELUMA	events/2013/Infrasound_Event_12077561
1374070520	2013-07-17T14:15:20	AELUMA event 1374070520	Infrasound	36.35	-76.98	115	EarthScope DS AELUMA	events/2013/Infrasound_Event_12077993
1374070570	2013-07-17T14:16:10	AELUMA event 1374070570	Infrasound	37.77	-74.8	52	EarthScope DS AELUMA	events/2013/Infrasound_Event_12078425
1374071540	2013-07-17T14:32:20	AELUMA event 1374071540	Infrasound	36.48	-75.68	90	EarthScope DS AELUMA	events/2013/Infrasound_Event_12078856
1374077240	2013-07-17T16:07:20	AELUMA event 1374077240	Infrasound	36.02	-75.92	72	EarthScope DS AELUMA	events/2013/Infrasound_Event_12079286
1374085950	2013-07-17T18:32:30	AELUMA event 1374085950	Infrasound	35.68	-75.45	116	EarthScope DS AELUMA	events/2013/Infrasound_Event_12079715
1374087830	2013-07-17T19:03:50	AELUMA event 1374087830	Infrasound	38.15	-74.58	39	EarthScope DS AELUMA	events/2013/Infrasound_Event_12080144
1374088160	2013-07-17T19:09:20	AELUMA event 1374088160	Infrasound	32.07	-79.9	52	EarthScope DS AELUMA	events/2013/Infrasound_Event_12080572
1374091730	2013-07-17T20:08:50	AELUMA event 1374091730	Infrasound	38.45	-74.93	40	EarthScope DS AELUMA	events/2013/Infrasound_Event_12080999
1374094250	2013-07-17T20:50:50	AELUMA event 1374094250	Infrasound	37.92	-74.55	45	EarthScope DS AELUMA	events/2013/Infrasound_Event_12081426
1374100520	2013-07-17T22:35:20	AELUMA event 1374100520	Infrasound	36.1	-75.7	32	EarthScope DS AELUMA	events/2013/Infrasound_Event_12081853
1374116300	2013-07-18T02:58:20	AELUMA event 1374116300	Infrasound	36.72	-75.47	150	EarthScope DS AELUMA	events/2013/Infrasound_Event_12082280
1374155280	2013-07-18T13:48:00	AELUMA event 1374155280	Infrasound	40.07	-73.62	138	EarthScope DS AELUMA	events/2013/Infrasound_Event_12082707
1374156850	2013-07-18T14:14:10	AELUMA event 1374156850	Infrasound	37.87	-75.53	76	EarthScope DS AELUMA	events/2013/Infrasound_Event_12083134
1374157320	2013-07-18T14:22:00	AELUMA event 1374157320	Infrasound	38.7	-73.68	177	EarthScope DS AELUMA	events/2013/Infrasound_Event_12083561
1374158320	2013-07-18T14:38:40	AELUMA event 1374158320	Infrasound	37.53	-74.32	41	EarthScope DS AELUMA	events/2013/Infrasound_Event_12083987
1374159040	2013-07-18T14:50:40	AELUMA event 1374159040	Infrasound	37.35	-76.63	149	EarthScope DS AELUMA	events/2013/Infrasound_Event_12084413
1374161640	2013-07-18T15:34:00	AELUMA event 1374161640	Infrasound	38.95	-74.02	42	EarthScope DS AELUMA	events/2013/Infrasound_Event_12084839
1374161720	2013-07-18T15:35:20	AELUMA event 1374161720	Infrasound	30.45	-85.42	39	EarthScope DS AELUMA	events/2013/Infrasound_Event_12085265
1374170850	2013-07-18T18:07:30	AELUMA event 1374170850	Infrasound	40.12	-73.1	130	EarthScope DS AELUMA	events/2013/Infrasound_Event_12085690
1374174550	2013-07-18T19:09:10	AELUMA event 1374174550	Infrasound	37.4	-74.85	97	EarthScope DS AELUMA	events/2013/Infrasound_Event_12086115
1374185800	2013-07-18T22:16:40	AELUMA event 1374185800	Infrasound	29.15	-84.75	33	EarthScope DS AELUMA	events/2013/Infrasound_Event_12086540
1374197660	2013-07-19T01:34:20	AELUMA event 1374197660	Infrasound	33.15	-79.98	71	EarthScope DS AELUMA	events/2013/Infrasound_Event_12086965
1374198860	2013-07-19T01:54:20	AELUMA event 1374198860	Infrasound	32.3	-79.73	110	EarthScope DS AELUMA	events/2013/Infrasound_Event_12087390
1374202000	2013-07-19T02:46:40	AELUMA event 1374202000	Infrasound	36.63	-78.05	50	EarthScope DS AELUMA	events/2013/Infrasound_Event_12087815
1374239380	2013-07-19T13:09:40	AELUMA event 1374239380	Infrasound	29.45	-81.47	65	EarthScope DS AELUMA	events/2013/Infrasound_Event_12088240
1374241260	2013-07-19T13:41:00	AELUMA event 1374241260	Infrasound	40.3	-72.12	48	EarthScope DS AELUMA	events/2013/Infrasound_Event_12088665
1374242700	2013-07-19T14:05:00	AELUMA event 1374242700	Infrasound	38.83	-76.13	87	EarthScope DS AELUMA	events/2013/Infrasound_Event_12089090
1374248860	2013-07-19T15:47:40	AELUMA event 1374248860	Infrasound	31.07	-79.52	60	EarthScope DS AELUMA	events/2013/Infrasound_Event_12089515
1374249100	2013-07-19T15:51:40	AELUMA event 1374249100	Infrasound	36.35	-76.5	44	EarthScope DS AELUMA	events/2013/Infrasound_Event_12089940
1374250170	2013-07-19T16:09:30	AELUMA event 1374250170	Infrasound	37.5	-75.73	95	EarthScope DS AELUMA	events/2013/Infrasound_Event_12090364
1374253410	2013-07-19T17:03:30	AELUMA event 1374253410	Infrasound	36.43	-77.05	60	EarthScope DS AELUMA	events/2013/Infrasound_Event_12090788
1374320930	2013-07-20T11:48:50	AELUMA event 1374320930	Infrasound	37.92	-82.08	35	EarthScope DS AELUMA	events/2013/Infrasound_Event_12091212
1374399430	2013-07-21T09:37:10	AELUMA event 1374399430	Infrasound	47.83	-81.15	53	EarthScope DS AELUMA	events/2013/Infrasound_Event_12091637
1374505350	2013-07-22T15:02:30	AELUMA event 1374505350	Infrasound	35.85	-74.78	32	EarthScope DS AELUMA	events/2013/Infrasound_Event_12092060
1374523440	2013-07-22T20:04:00	AELUMA event 1374523440	Infrasound	36.92	-74.83	48	EarthScope DS AELUMA	events/2013/Infrasound_Event_12092482
1374525580	2013-07-22T20:39:40	AELUMA event 1374525580	Infrasound	37.45	-74.95	91	EarthScope DS AELUMA	events/2013/Infrasound_Event_12092904
1374590180	2013-07-23T14:36:20	AELUMA event 1374590180	Infrasound	37.87	-74.1	93	EarthScope DS AELUMA	events/2013/Infrasound_Event_12093326
1374670430	2013-07-24T12:53:50	AELUMA event 1374670430	Infrasound	31.07	-80.4	70	EarthScope DS AELUMA	events/2013/Infrasound_Event_12093747
1374675080	2013-07-24T14:11:20	AELUMA event 1374675080	Infrasound	37.27	-75.42	117	EarthScope DS AELUMA	events/2013/Infrasound_Event_12094168
1374685410	2013-07-24T17:03:30	AELUMA event 1374685410	Infrasound	35.97	-75.12	32	EarthScope DS AELUMA	events/2013/Infrasound_Event_12094589
1374686430	2013-07-24T17:20:30	AELUMA event 1374686430	Infrasound	36.53	-74.78	58	EarthScope DS AELUMA	events/2013/Infrasound_Event_12095010
1374695070	2013-07-24T19:44:30	AELUMA event 1374695070	Infrasound	35.82	-75.68	55	EarthScope DS AELUMA	events/2013/Infrasound_Event_12095431
1374707720	2013-07-24T23:15:20	AELUMA event 1374707720	Infrasound	36.35	-74.88	61	EarthScope DS AELUMA	events/2013/Infrasound_Event_12095853
1374804900	2013-07-26T02:15:00	AELUMA event 1374804900	Infrasound	37.05	-76.37	60	EarthScope DS AELUMA	events/2013/Infrasound_Event_12096275
1374842530	2013-07-26T12:42:10	AELUMA event 1374842530	Infrasound	36.55	-75.6	114	EarthScope DS AELUMA	events/2013/Infrasound_Event_12096697
1374851850	2013-07-26T15:17:30	AELUMA event 1374851850	Infrasound	36.4	-75.4	48	EarthScope DS AELUMA	events/2013/Infrasound_Event_12097118
1374854580	2013-07-26T16:03:00	AELUMA event 1374854580	Infrasound	36.32	-75.18	51	EarthScope DS AELUMA	events/2013/Infrasound_Event_12097539
1374855170	2013-07-26T16:12:50	AELUMA event 1374855170	Infrasound	36.45	-75.65	107	EarthScope DS AELUMA	events/2013/Infrasound_Event_12097960
1374858240	2013-07-26T17:04:00	AELUMA event 1374858240	Infrasound	37.77	-75.57	31	EarthScope DS AELUMA	events/2013/Infrasound_Event_12098381
1374864850	2013-07-26T18:54:10	AELUMA event 1374864850	Infrasound	36.48	-74.92	55	EarthScope DS AELUMA	events/2013/Infrasound_Event_12098801
1375103160	2013-07-29T13:06:00	AELUMA event 1375103160	Infrasound	29.3	-80.45	39	EarthScope DS AELUMA	events/2013/Infrasound_Event_12099223
1375108400	2013-07-29T14:33:20	AELUMA event 1375108400	Infrasound	28.75	-85.78	44	EarthScope DS AELUMA	events/2013/Infrasound_Event_12099645
1375111250	2013-07-29T15:20:50	AELUMA event 1375111250	Infrasound	32.12	-79.98	65	EarthScope DS AELUMA	events/2013/Infrasound_Event_12100066
1375121220	2013-07-29T18:07:00	AELUMA event 1375121220	Infrasound	37.87	-74.93	44	EarthScope DS AELUMA	events/2013/Infrasound_Event_12100487
1375189760	2013-07-30T13:09:20	AELUMA event 1375189760	Infrasound	31.35	-80.68	104	EarthScope DS AELUMA	events/2013/Infrasound_Event_12100910
1375191700	2013-07-30T13:41:40	AELUMA event 1375191700	Infrasound	38.03	-74.78	207	EarthScope DS AELUMA	events/2013/Infrasound_Event_12101333
1375191750	2013-07-30T13:42:30	AELUMA event 1375191750	Infrasound	35.68	-75.93	94	EarthScope DS AELUMA	events/2013/Infrasound_Event_12101756
1375200240	2013-07-30T16:04:00	AELUMA event 1375200240	Infrasound	39.18	-73.85	60	EarthScope DS AELUMA	events/2013/Infrasound_Event_12102179
1375206530	2013-07-30T17:48:50	AELUMA event 1375206530	Infrasound	36.32	-75.53	110	EarthScope DS AELUMA	events/2013/Infrasound_Event_12102602
1375209000	2013-07-30T18:30:00	AELUMA event 1375209000	Infrasound	31.97	-80.18	96	EarthScope DS AELUMA	events/2013/Infrasound_Event_12103025
1375213950	2013-07-30T19:52:30	AELUMA event 1375213950	Infrasound	36.0	-75.53	146	EarthScope DS AELUMA	events/2013/Infrasound_Event_12103448
1375217590	2013-07-30T20:53:10	AELUMA event 1375217590	Infrasound	36.68	-75.98	147	EarthScope DS AELUMA	events/2013/Infrasound_Event_12103871
1375232020	2013-07-31T00:53:40	AELUMA event 1375232020	Infrasound	36.78	-76.55	126	EarthScope DS AELUMA	events/2013/Infrasound_Event_12104295
1375233530	2013-07-31T01:18:50	AELUMA event 1375233530	Infrasound	29.27	-84.8	41	EarthScope DS AELUMA	events/2013/Infrasound_Event_12104719
1375237150	2013-07-31T02:19:10	AELUMA event 1375237150	Infrasound	38.25	-74.88	120	EarthScope DS AELUMA	events/2013/Infrasound_Event_12105143
1375276970	2013-07-31T13:22:50	AELUMA event 1375276970	Infrasound	31.88	-80.2	55	EarthScope DS AELUMA	events/2013/Infrasound_Event_12105567
1375277500	2013-07-31T13:31:40	AELUMA event 1375277500	Infrasound	31.35	-80.83	42	EarthScope DS AELUMA	events/2013/Infrasound_Event_12105991
1375278290	2013-07-31T13:44:50	AELUMA event 1375278290	Infrasound	40.2	-72.5	82	EarthScope DS AELUMA	events/2013/Infrasound_Event_12106415
1375278690	2013-07-31T13:51:30	AELUMA event 1375278690	Infrasound	37.92	-75.1	44	EarthScope DS AELUMA	events/2013/Infrasound_Event_12106839
1375279260	2013-07-31T14:01:00	AELUMA event 1375279260	Infrasound	40.22	-72.8	121	EarthScope DS AELUMA	events/2013/Infrasound_Event_12107263
1375279690	2013-07-31T14:08:10	AELUMA event 1375279690	Infrasound	37.17	-76.17	111	EarthScope DS AELUMA	events/2013/Infrasound_Event_12107687
1375281740	2013-07-31T14:42:20	AELUMA event 1375281740	Infrasound	36.02	-74.73	37	EarthScope DS AELUMA	events/2013/Infrasound_Event_12108110
1375283020	2013-07-31T15:03:40	AELUMA event 1375283020	Infrasound	40.95	-74.6	41	EarthScope DS AELUMA	events/2013/Infrasound_Event_12108533
1375293480	2013-07-31T17:58:00	AELUMA event 1375293480	Infrasound	36.82	-74.48	90	EarthScope DS AELUMA	events/2013/Infrasound_Event_12108955
1375308520	2013-07-31T22:08:40	AELUMA event 1375308520	Infrasound	36.43	-75.15	44	EarthScope DS AELUMA	events/2013/Infrasound_Event_12109377
1375311100	2013-07-31T22:51:40	AELUMA event 1375311100	Infrasound	35.63	-76.45	63	EarthScope DS AELUMA	events/2013/Infrasound_Event_12109799
1375312360	2013-07-31T23:12:40	AELUMA event 1375312360	Infrasound	35.58	-76.45	40	EarthScope DS AELUMA	events/2013/Infrasound_Event_12110222
1375318160	2013-08-01T00:49:20	AELUMA event 1375318160	Infrasound	38.92	-73.45	74	EarthScope DS AELUMA	events/2013/Infrasound_Event_12110645
1375322680	2013-08-01T02:04:40	AELUMA event 1375322680	Infrasound	28.45	-84.6	47	EarthScope DS AELUMA	events/2013/Infrasound_Event_12111068
1375322780	2013-08-01T02:06:20	AELUMA event 1375322780	Infrasound	38.92	-74.02	105	EarthScope DS AELUMA	events/2013/Infrasound_Event_12111491
1375323970	2013-08-01T02:26:10	AELUMA event 1375323970	Infrasound	39.33	-73.58	128	EarthScope DS AELUMA	events/2013/Infrasound_Event_12111914
1375363250	2013-08-01T13:20:50	AELUMA event 1375363250	Infrasound	33.25	-78.92	37	EarthScope DS AELUMA	events/2013/Infrasound_Event_12112337
1375408830	2013-08-02T02:00:30	AELUMA event 1375408830	Infrasound	28.9	-84.75	50	EarthScope DS AELUMA	events/2013/Infrasound_Event_12112760
1375410780	2013-08-02T02:33:00	AELUMA event 1375410780	Infrasound	29.4	-84.73	42	EarthScope DS AELUMA	events/2013/Infrasound_Event_12113183
1375450930	2013-08-02T13:42:10	AELUMA event 1375450930	Infrasound	36.77	-75.73	48	EarthScope DS AELUMA	events/2013/Infrasound_Event_12113606
1375451570	2013-08-02T13:52:50	AELUMA event 1375451570	Infrasound	35.68	-75.93	109	EarthScope DS AELUMA	events/2013/Infrasound_Event_12114029
1375451790	2013-08-02T13:56:30	AELUMA event 1375451790	Infrasound	40.68	-72.17	61	EarthScope DS AELUMA	events/2013/Infrasound_Event_12114452
1375458440	2013-08-02T15:47:20	AELUMA event 1375458440	Infrasound	36.02	-75.83	60	EarthScope DS AELUMA	events/2013/Infrasound_Event_12114875
1375463780	2013-08-02T17:16:20	AELUMA event 1375463780	Infrasound	37.35	-76.17	36	EarthScope DS AELUMA	events/2013/Infrasound_Event_12115298
1375476560	2013-08-02T20:49:20	AELUMA event 1375476560	Infrasound	37.87	-81.6	33	EarthScope DS AELUMA	events/2013/Infrasound_Event_12115721
1375710820	2013-08-05T13:53:40	AELUMA event 1375710820	Infrasound	37.35	-75.13	90	EarthScope DS AELUMA	events/2013/Infrasound_Event_12116145
1375713590	2013-08-05T14:39:50	AELUMA event 1375713590	Infrasound	37.87	-74.73	163	EarthScope DS AELUMA	events/2013/Infrasound_Event_12116569
1375723830	2013-08-05T17:30:30	AELUMA event 1375723830	Infrasound	36.53	-75.25	82	EarthScope DS AELUMA	events/2013/Infrasound_Event_12116992
1375724950	2013-08-05T17:49:10	AELUMA event 1375724950	Infrasound	36.55	-74.73	82	EarthScope DS AELUMA	events/2013/Infrasound_Event_12117415
1375730040	2013-08-05T19:14:00	AELUMA event 1375730040	Infrasound	36.62	-74.8	96	EarthScope DS AELUMA	events/2013/Infrasound_Event_12117838
1375734890	2013-08-05T20:34:50	AELUMA event 1375734890	Infrasound	37.5	-74.5	123	EarthScope DS AELUMA	events/2013/Infrasound_Event_12118261
1375751400	2013-08-06T01:10:00	AELUMA event 1375751400	Infrasound	32.25	-80.27	39	EarthScope DS AELUMA	events/2013/Infrasound_Event_12118686
1375795120	2013-08-06T13:18:40	AELUMA event 1375795120	Infrasound	29.92	-80.27	50	EarthScope DS AELUMA	events/2013/Infrasound_Event_12119111
1375799400	2013-08-06T14:30:00	AELUMA event 1375799400	Infrasound	43.95	-82.95	92	EarthScope DS AELUMA	events/2013/Infrasound_Event_12119536
1375837080	2013-08-07T00:58:00	AELUMA event 1375837080	Infrasound	31.07	-80.17	49	EarthScope DS AELUMA	events/2013/Infrasound_Event_12119962
1375837490	2013-08-07T01:04:50	AELUMA event 1375837490	Infrasound	30.8	-79.45	43	EarthScope DS AELUMA	events/2013/Infrasound_Event_12120388
1375838690	2013-08-07T01:24:50	AELUMA event 1375838690	Infrasound	31.35	-79.22	57	EarthScope DS AELUMA	events/2013/Infrasound_Event_12120814
1375884320	2013-08-07T14:05:20	AELUMA event 1375884320	Infrasound	37.07	-75.45	35	EarthScope DS AELUMA	events/2013/Infrasound_Event_12121240
1375921860	2013-08-08T00:31:00	AELUMA event 1375921860	Infrasound	28.45	-80.47	70	EarthScope DS AELUMA	events/2013/Infrasound_Event_12121666
1375968530	2013-08-08T13:28:50	AELUMA event 1375968530	Infrasound	37.15	-75.85	51	EarthScope DS AELUMA	events/2013/Infrasound_Event_12122092
1375969100	2013-08-08T13:38:20	AELUMA event 1375969100	Infrasound	37.25	-75.55	121	EarthScope DS AELUMA	events/2013/Infrasound_Event_12122518
1375973030	2013-08-08T14:43:50	AELUMA event 1375973030	Infrasound	36.35	-74.63	54	EarthScope DS AELUMA	events/2013/Infrasound_Event_12122944
1375975180	2013-08-08T15:19:40	AELUMA event 1375975180	Infrasound	35.2	-78.9	58	EarthScope DS AELUMA	events/2013/Infrasound_Event_12123370
1375975930	2013-08-08T15:32:10	AELUMA event 1375975930	Infrasound	36.83	-76.6	68	EarthScope DS AELUMA	events/2013/Infrasound_Event_12123796
1376010930	2013-08-09T01:15:30	AELUMA event 1376010930	Infrasound	31.15	-80.63	50	EarthScope DS AELUMA	events/2013/Infrasound_Event_12124223
1376011050	2013-08-09T01:17:30	AELUMA event 1376011050	Infrasound	36.73	-76.75	60	EarthScope DS AELUMA	events/2013/Infrasound_Event_12124650
1376054810	2013-08-09T13:26:50	AELUMA event 1376054810	Infrasound	38.55	-75.35	64	EarthScope DS AELUMA	events/2013/Infrasound_Event_12125077
1376056170	2013-08-09T13:49:30	AELUMA event 1376056170	Infrasound	36.5	-77.15	72	EarthScope DS AELUMA	events/2013/Infrasound_Event_12125504
1376066630	2013-08-09T16:43:50	AELUMA event 1376066630	Infrasound	35.02	-78.83	33	EarthScope DS AELUMA	events/2013/Infrasound_Event_12125930
1376095210	2013-08-10T00:40:10	AELUMA event 1376095210	Infrasound	31.97	-80.75	79	EarthScope DS AELUMA	events/2013/Infrasound_Event_12126356
1376096960	2013-08-10T01:09:20	AELUMA event 1376096960	Infrasound	31.3	-80.5	107	EarthScope DS AELUMA	events/2013/Infrasound_Event_12126782
1376132560	2013-08-10T11:02:40	AELUMA event 1376132560	Infrasound	37.97	-81.37	41	EarthScope DS AELUMA	events/2013/Infrasound_Event_12127208
1376143740	2013-08-10T14:09:00	AELUMA event 1376143740	Infrasound	37.97	-75.73	135	EarthScope DS AELUMA	events/2013/Infrasound_Event_12127634
1376145420	2013-08-10T14:37:00	AELUMA event 1376145420	Infrasound	36.73	-77.72	37	EarthScope DS AELUMA	events/2013/Infrasound_Event_12128060
1376160770	2013-08-10T18:52:50	AELUMA event 1376160770	Infrasound	37.58	-75.32	65	EarthScope DS AELUMA	events/2013/Infrasound_Event_12128484
1376315340	2013-08-12T13:49:00	AELUMA event 1376315340	Infrasound	35.97	-76.23	81	EarthScope DS AELUMA	events/2013/Infrasound_Event_12128907
1376315640	2013-08-12T13:54:00	AELUMA event 1376315640	Infrasound	37.7	-74.88	112	EarthScope DS AELUMA	events/2013/Infrasound_Event_12129330
1376329150	2013-08-12T17:39:10	AELUMA event 1376329150	Infrasound	36.63	-74.88	57	EarthScope DS AELUMA	events/2013/Infrasound_Event_12129751
1376332090	2013-08-12T18:28:10	AELUMA event 1376332090	Infrasound	36.12	-74.2	57	EarthScope DS AELUMA	events/2013/Infrasound_Event_12130172
1376333730	2013-08-12T18:55:30	AELUMA event 1376333730	Infrasound	36.88	-75.22	40	EarthScope DS AELUMA	events/2013/Infrasound_Event_12130592
1376335250	2013-08-12T19:20:50	AELUMA event 1376335250	Infrasound	35.98	-74.28	34	EarthScope DS AELUMA	events/2013/Infrasound_Event_12131012
1376338960	2013-08-12T20:22:40	AELUMA event 1376338960	Infrasound	38.02	-75.03	94	EarthScope DS AELUMA	events/2013/Infrasound_Event_12131432
1376348970	2013-08-12T23:09:30	AELUMA event 1376348970	Infrasound	34.02	-76.42	36	EarthScope DS AELUMA	events/2013/Infrasound_Event_12131851
1376350330	2013-08-12T23:32:10	AELUMA event 1376350330	Infrasound	33.9	-76.63	57	EarthScope DS AELUMA	events/2013/Infrasound_Event_12132270
1376356890	2013-08-13T01:21:30	AELUMA event 1376356890	Infrasound	31.67	-80.52	114	EarthScope DS AELUMA	events/2013/Infrasound_Event_12132689
1376359470	2013-08-13T02:04:30	AELUMA event 1376359470	Infrasound	31.88	-79.85	77	EarthScope DS AELUMA	events/2013/Infrasound_Event_12133108
1376400960	2013-08-13T13:36:00	AELUMA event 1376400960	Infrasound	37.82	-75.03	114	EarthScope DS AELUMA	events/2013/Infrasound_Event_12133527
1376402970	2013-08-13T14:09:30	AELUMA event 1376402970	Infrasound	36.15	-75.55	55	EarthScope DS AELUMA	events/2013/Infrasound_Event_12133946
1376403720	2013-08-13T14:22:00	AELUMA event 1376403720	Infrasound	38.02	-73.98	77	EarthScope DS AELUMA	events/2013/Infrasound_Event_12134365
1376405970	2013-08-13T14:59:30	AELUMA event 1376405970	Infrasound	37.73	-73.8	49	EarthScope DS AELUMA	events/2013/Infrasound_Event_12134784
1376503760	2013-08-14T18:09:20	AELUMA event 1376503760	Infrasound	37.05	-76.78	33	EarthScope DS AELUMA	events/2013/Infrasound_Event_12135201
1376504100	2013-08-14T18:15:00	AELUMA event 1376504100	Infrasound	37.73	-75.63	83	EarthScope DS AELUMA	events/2013/Infrasound_Event_12135618
1376519890	2013-08-14T22:38:10	AELUMA event 1376519890	Infrasound	35.1	-76.22	61	EarthScope DS AELUMA	events/2013/Infrasound_Event_12136035
1376573310	2013-08-15T13:28:30	AELUMA event 1376573310	Infrasound	37.92	-74.27	63	EarthScope DS AELUMA	events/2013/Infrasound_Event_12136452
1376577160	2013-08-15T14:32:40	AELUMA event 1376577160	Infrasound	36.55	-74.97	54	EarthScope DS AELUMA	events/2013/Infrasound_Event_12136869
1376588890	2013-08-15T17:48:10	AELUMA event 1376588890	Infrasound	40.02	-73.17	46	EarthScope DS AELUMA	events/2013/Infrasound_Event_12137286
1376623790	2013-08-16T03:29:50	AELUMA event 1376623790	Infrasound	36.45	-76.17	58	EarthScope DS AELUMA	events/2013/Infrasound_Event_12137704
1376658170	2013-08-16T13:02:50	AELUMA event 1376658170	Infrasound	40.4	-78.55	54	EarthScope DS AELUMA	events/2013/Infrasound_Event_12138122
1376662990	2013-08-16T14:23:10	AELUMA event 1376662990	Infrasound	37.82	-74.95	143	EarthScope DS AELUMA	events/2013/Infrasound_Event_12138540
1376666030	2013-08-16T15:13:50	AELUMA event 1376666030	Infrasound	38.25	-74.32	65	EarthScope DS AELUMA	events/2013/Infrasound_Event_12138957
1376672160	2013-08-16T16:56:00	AELUMA event 1376672160	Infrasound	36.58	-75.65	45	EarthScope DS AELUMA	events/2013/Infrasound_Event_12139374
1376777720	2013-08-17T22:15:20	AELUMA event 1376777720	Infrasound	34.77	-79.75	46	EarthScope DS AELUMA	events/2013/Infrasound_Event_12139790
1376920740	2013-08-19T13:59:00	AELUMA event 1376920740	Infrasound	37.55	-75.38	71	EarthScope DS AELUMA	events/2013/Infrasound_Event_12140208
1376922480	2013-08-19T14:28:00	AELUMA event 1376922480	Infrasound	35.42	-76.38	89	EarthScope DS AELUMA	events/2013/Infrasound_Event_12140626
1376925680	2013-08-19T15:21:20	AELUMA event 1376925680	Infrasound	34.82	-77.6	88	EarthScope DS AELUMA	events/2013/Infrasound_Event_12141044
1376927390	2013-08-19T15:49:50	AELUMA event 1376927390	Infrasound	38.03	-74.55	120	EarthScope DS AELUMA	events/2013/Infrasound_Event_12141462
1376934410	2013-08-19T17:46:50	AELUMA event 1376934410	Infrasound	36.3	-75.35	59	EarthScope DS AELUMA	events/2013/Infrasound_Event_12141880
1376935490	2013-08-19T18:04:50	AELUMA event 1376935490	Infrasound	37.78	-73.85	30	EarthScope DS AELUMA	events/2013/Infrasound_Event_12142298
1376969350	2013-08-20T03:29:10	AELUMA event 1376969350	Infrasound	36.78	-76.55	46	EarthScope DS AELUMA	events/2013/Infrasound_Event_12142716
1377007000	2013-08-20T13:56:40	AELUMA event 1377007000	Infrasound	36.83	-76.07	160	EarthScope DS AELUMA	events/2013/Infrasound_Event_12143134
1377011180	2013-08-20T15:06:20	AELUMA event 1377011180	Infrasound	38.5	-75.02	68	EarthScope DS AELUMA	events/2013/Infrasound_Event_12143552
1377015990	2013-08-20T16:26:30	AELUMA event 1377015990	Infrasound	39.1	-73.1	36	EarthScope DS AELUMA	events/2013/Infrasound_Event_12143970
1377039140	2013-08-20T22:52:20	AELUMA event 1377039140	Infrasound	36.48	-78.73	61	EarthScope DS AELUMA	events/2013/Infrasound_Event_12144388
1377040130	2013-08-20T23:08:50	AELUMA event 1377040130	Infrasound	33.77	-76.93	65	EarthScope DS AELUMA	events/2013/Infrasound_Event_12144808
1377041470	2013-08-20T23:31:10	AELUMA event 1377041470	Infrasound	34.73	-77.83	58	EarthScope DS AELUMA	events/2013/Infrasound_Event_12145228
1377045150	2013-08-21T00:32:30	AELUMA event 1377045150	Infrasound	36.38	-76.32	94	EarthScope DS AELUMA	events/2013/Infrasound_Event_12145648
1377048570	2013-08-21T01:29:30	AELUMA event 1377048570	Infrasound	36.77	-76.05	109	EarthScope DS AELUMA	events/2013/Infrasound_Event_12146068
1377089740	2013-08-21T12:55:40	AELUMA event 1377089740	Infrasound	35.58	-76.65	85	EarthScope DS AELUMA	events/2013/Infrasound_Event_12146488
1377091710	2013-08-21T13:28:30	AELUMA event 1377091710	Infrasound	37.4	-75.58	103	EarthScope DS AELUMA	events/2013/Infrasound_Event_12146908
1377095870	2013-08-21T14:37:50	AELUMA event 1377095870	Infrasound	36.55	-75.32	53	EarthScope DS AELUMA	events/2013/Infrasound_Event_12147328
1377098610	2013-08-21T15:23:30	AELUMA event 1377098610	Infrasound	35.67	-78.23	40	EarthScope DS AELUMA	events/2013/Infrasound_Event_12147748
1377101480	2013-08-21T16:11:20	AELUMA event 1377101480	Infrasound	34.4	-77.52	44	EarthScope DS AELUMA	events/2013/Infrasound_Event_12148168
1377107870	2013-08-21T17:57:50	AELUMA event 1377107870	Infrasound	40.25	-72.35	91	EarthScope DS AELUMA	events/2013/Infrasound_Event_12148588
1377109300	2013-08-21T18:21:40	AELUMA event 1377109300	Infrasound	38.4	-74.92	40	EarthScope DS AELUMA	events/2013/Infrasound_Event_12149008
1377124960	2013-08-21T22:42:40	AELUMA event 1377124960	Infrasound	35.43	-76.7	48	EarthScope DS AELUMA	events/2013/Infrasound_Event_12149428
1377175670	2013-08-22T12:47:50	AELUMA event 1377175670	Infrasound	36.53	-77.3	53	EarthScope DS AELUMA	events/2013/Infrasound_Event_12149849
1377176430	2013-08-22T13:00:30	AELUMA event 1377176430	Infrasound	36.4	-74.4	46	EarthScope DS AELUMA	events/2013/Infrasound_Event_12150270
1377176740	2013-08-22T13:05:40	AELUMA event 1377176740	Infrasound	36.33	-76.4	53	EarthScope DS AELUMA	events/2013/Infrasound_Event_12150691
1377178930	2013-08-22T13:42:10	AELUMA event 1377178930	Infrasound	36.2	-74.88	65	EarthScope DS AELUMA	events/2013/Infrasound_Event_12151112
1377179560	2013-08-22T13:52:40	AELUMA event 1377179560	Infrasound	38.03	-74.95	157	EarthScope DS AELUMA	events/2013/Infrasound_Event_12151533
1377179600	2013-08-22T13:53:20	AELUMA event 1377179600	Infrasound	31.3	-79.45	37	EarthScope DS AELUMA	events/2013/Infrasound_Event_12151954
1377181020	2013-08-22T14:17:00	AELUMA event 1377181020	Infrasound	35.28	-78.1	32	EarthScope DS AELUMA	events/2013/Infrasound_Event_12152375
1377195080	2013-08-22T18:11:20	AELUMA event 1377195080	Infrasound	37.97	-75.53	30	EarthScope DS AELUMA	events/2013/Infrasound_Event_12152796
1377205800	2013-08-22T21:10:00	AELUMA event 1377205800	Infrasound	36.05	-75.12	127	EarthScope DS AELUMA	events/2013/Infrasound_Event_12153217
1377215910	2013-08-22T23:58:30	AELUMA event 1377215910	Infrasound	36.48	-76.17	58	EarthScope DS AELUMA	events/2013/Infrasound_Event_12153638
1377259430	2013-08-23T12:03:50	AELUMA event 1377259430	Infrasound	37.1	-75.5	31	EarthScope DS AELUMA	events/2013/Infrasound_Event_12154059
1377262910	2013-08-23T13:01:50	AELUMA event 1377262910	Infrasound	36.07	-76.37	111	EarthScope DS AELUMA	events/2013/Infrasound_Event_12154480
1377265870	2013-08-23T13:51:10	AELUMA event 1377265870	Infrasound	31.5	-80.57	55	EarthScope DS AELUMA	events/2013/Infrasound_Event_12154901
1377266710	2013-08-23T14:05:10	AELUMA event 1377266710	Infrasound	35.65	-79.03	63	EarthScope DS AELUMA	events/2013/Infrasound_Event_12155322
1377451550	2013-08-25T17:25:50	AELUMA event 1377451550	Infrasound	36.83	-76.7	47	EarthScope DS AELUMA	events/2013/Infrasound_Event_12155743
1377524400	2013-08-26T13:40:00	AELUMA event 1377524400	Infrasound	37.3	-75.33	133	EarthScope DS AELUMA	events/2013/Infrasound_Event_12156165
1377525450	2013-08-26T13:57:30	AELUMA event 1377525450	Infrasound	36.43	-75.58	77	EarthScope DS AELUMA	events/2013/Infrasound_Event_12156587
1377527470	2013-08-26T14:31:10	AELUMA event 1377527470	Infrasound	36.68	-75.63	91	EarthScope DS AELUMA	events/2013/Infrasound_Event_12157009
1377528370	2013-08-26T14:46:10	AELUMA event 1377528370	Infrasound	37.3	-74.85	78	EarthScope DS AELUMA	events/2013/Infrasound_Event_12157431
1377529260	2013-08-26T15:01:00	AELUMA event 1377529260	Infrasound	37.72	-74.58	94	EarthScope DS AELUMA	events/2013/Infrasound_Event_12157853
1377534130	2013-08-26T16:22:10	AELUMA event 1377534130	Infrasound	36.78	-75.6	50	EarthScope DS AELUMA	events/2013/Infrasound_Event_12158275
1377535440	2013-08-26T16:44:00	AELUMA event 1377535440	Infrasound	36.5	-74.15	84	EarthScope DS AELUMA	events/2013/Infrasound_Event_12158697
1377537050	2013-08-26T17:10:50	AELUMA event 1377537050	Infrasound	36.4	-74.4	55	EarthScope DS AELUMA	events/2013/Infrasound_Event_12159118
1377538540	2013-08-26T17:35:40	AELUMA event 1377538540	Infrasound	36.3	-75.38	36	EarthScope DS AELUMA	events/2013/Infrasound_Event_12159539
1377541590	2013-08-26T18:26:30	AELUMA event 1377541590	Infrasound	37.48	-76.68	53	EarthScope DS AELUMA	events/2013/Infrasound_Event_12159960
1377555200	2013-08-26T22:13:20	AELUMA event 1377555200	Infrasound	34.78	-75.73	46	EarthScope DS AELUMA	events/2013/Infrasound_Event_12160380
1377614250	2013-08-27T14:37:30	AELUMA event 1377614250	Infrasound	36.58	-76.68	48	EarthScope DS AELUMA	events/2013/Infrasound_Event_12160801
1377618410	2013-08-27T15:46:50	AELUMA event 1377618410	Infrasound	36.53	-75.12	52	EarthScope DS AELUMA	events/2013/Infrasound_Event_12161222
1377626030	2013-08-27T17:53:50	AELUMA event 1377626030	Infrasound	30.57	-80.12	44	EarthScope DS AELUMA	events/2013/Infrasound_Event_12161643
1377627890	2013-08-27T18:24:50	AELUMA event 1377627890	Infrasound	36.65	-75.75	50	EarthScope DS AELUMA	events/2013/Infrasound_Event_12162064
1377634410	2013-08-27T20:13:30	AELUMA event 1377634410	Infrasound	36.02	-75.5	39	EarthScope DS AELUMA	events/2013/Infrasound_Event_12162484
1377637280	2013-08-27T21:01:20	AELUMA event 1377637280	Infrasound	36.58	-75.93	45	EarthScope DS AELUMA	events/2013/Infrasound_Event_12162904
1377652180	2013-08-28T01:09:40	AELUMA event 1377652180	Infrasound	36.4	-76.35	63	EarthScope DS AELUMA	events/2013/Infrasound_Event_12163324
1377695690	2013-08-28T13:14:50	AELUMA event 1377695690	Infrasound	30.15	-80.32	31	EarthScope DS AELUMA	events/2013/Infrasound_Event_12163744
1377698560	2013-08-28T14:02:40	AELUMA event 1377698560	Infrasound	37.45	-75.63	88	EarthScope DS AELUMA	events/2013/Infrasound_Event_12164164
1377699720	2013-08-28T14:22:00	AELUMA event 1377699720	Infrasound	36.98	-75.95	43	EarthScope DS AELUMA	events/2013/Infrasound_Event_12164584
1377700510	2013-08-28T14:35:10	AELUMA event 1377700510	Infrasound	35.73	-75.0	59	EarthScope DS AELUMA	events/2013/Infrasound_Event_12165004
1377702060	2013-08-28T15:01:00	AELUMA event 1377702060	Infrasound	39.97	-72.02	37	EarthScope DS AELUMA	events/2013/Infrasound_Event_12165424
1377707100	2013-08-28T16:25:00	AELUMA event 1377707100	Infrasound	36.63	-75.73	59	EarthScope DS AELUMA	events/2013/Infrasound_Event_12165844
1377708000	2013-08-28T16:40:00	AELUMA event 1377708000	Infrasound	36.73	-75.65	39	EarthScope DS AELUMA	events/2013/Infrasound_Event_12166264
1377711970	2013-08-28T17:46:10	AELUMA event 1377711970	Infrasound	30.82	-80.6	48	EarthScope DS AELUMA	events/2013/Infrasound_Event_12166684
1377713270	2013-08-28T18:07:50	AELUMA event 1377713270	Infrasound	31.43	-80.68	51	EarthScope DS AELUMA	events/2013/Infrasound_Event_12167104
1377783160	2013-08-29T13:32:40	AELUMA event 1377783160	Infrasound	35.68	-74.4	40	EarthScope DS AELUMA	events/2013/Infrasound_Event_12167525
1377790990	2013-08-29T15:43:10	AELUMA event 1377790990	Infrasound	36.72	-75.05	47	EarthScope DS AELUMA	events/2013/Infrasound_Event_12167945
1377798460	2013-08-29T17:47:40	AELUMA event 1377798460	Infrasound	36.38	-74.87	49	EarthScope DS AELUMA	events/2013/Infrasound_Event_12168365
1377873620	2013-08-30T14:40:20	AELUMA event 1377873620	Infrasound	40.07	-76.27	40	EarthScope DS AELUMA	events/2013/Infrasound_Event_12168784
1377874210	2013-08-30T14:50:10	AELUMA event 1377874210	Infrasound	40.43	-72.5	53	EarthScope DS AELUMA	events/2013/Infrasound_Event_12169203
1378220260	2013-09-03T14:57:40	AELUMA event 1378220260	Infrasound	31.35	-81.28	27	EarthScope DS AELUMA	events/2013/Infrasound_Event_12169624
1378220490	2013-09-03T15:01:30	AELUMA event 1378220490	Infrasound	37.4	-76.22	55	EarthScope DS AELUMA	events/2013/Infrasound_Event_12170045
1378255820	2013-09-04T00:50:20	AELUMA event 1378255820	Infrasound	32.87	-76.5	25	EarthScope DS AELUMA	events/2013/Infrasound_Event_12170467
1378301780	2013-09-04T13:36:20	AELUMA event 1378301780	Infrasound	36.35	-77.1	55	EarthScope DS AELUMA	events/2013/Infrasound_Event_12170889
1378302430	2013-09-04T13:47:10	AELUMA event 1378302430	Infrasound	37.53	-75.62	135	EarthScope DS AELUMA	events/2013/Infrasound_Event_12171311
1378303920	2013-09-04T14:12:00	AELUMA event 1378303920	Infrasound	37.82	-75.65	62	EarthScope DS AELUMA	events/2013/Infrasound_Event_12171733
1378325820	2013-09-04T20:17:00	AELUMA event 1378325820	Infrasound	38.2	-73.75	75	EarthScope DS AELUMA	events/2013/Infrasound_Event_12172155
1378326780	2013-09-04T20:33:00	AELUMA event 1378326780	Infrasound	37.1	-76.78	95	EarthScope DS AELUMA	events/2013/Infrasound_Event_12172577
1378331730	2013-09-04T21:55:30	AELUMA event 1378331730	Infrasound	36.77	-75.33	103	EarthScope DS AELUMA	events/2013/Infrasound_Event_12172999
1378333200	2013-09-04T22:20:00	AELUMA event 1378333200	Infrasound	36.68	-75.93	61	EarthScope DS AELUMA	events/2013/Infrasound_Event_12173421
1378333740	2013-09-04T22:29:00	AELUMA event 1378333740	Infrasound	36.68	-75.58	63	EarthScope DS AELUMA	events/2013/Infrasound_Event_12173843
1378334220	2013-09-04T22:37:00	AELUMA event 1378334220	Infrasound	29.7	-85.28	83	EarthScope DS AELUMA	events/2013/Infrasound_Event_12174265
1378334870	2013-09-04T22:47:50	AELUMA event 1378334870	Infrasound	35.97	-75.78	70	EarthScope DS AELUMA	events/2013/Infrasound_Event_12174687
1378344690	2013-09-05T01:31:30	AELUMA event 1378344690	Infrasound	29.85	-84.9	88	EarthScope DS AELUMA	events/2013/Infrasound_Event_12175110
1378348440	2013-09-05T02:34:00	AELUMA event 1378348440	Infrasound	39.3	-74.23	95	EarthScope DS AELUMA	events/2013/Infrasound_Event_12175533
1378388640	2013-09-05T13:44:00	AELUMA event 1378388640	Infrasound	37.6	-73.82	51	EarthScope DS AELUMA	events/2013/Infrasound_Event_12175956
1378389310	2013-09-05T13:55:10	AELUMA event 1378389310	Infrasound	37.17	-76.48	117	EarthScope DS AELUMA	events/2013/Infrasound_Event_12176379
1378392580	2013-09-05T14:49:40	AELUMA event 1378392580	Infrasound	35.73	-76.97	58	EarthScope DS AELUMA	events/2013/Infrasound_Event_12176802
1378393910	2013-09-05T15:11:50	AELUMA event 1378393910	Infrasound	36.35	-77.42	62	EarthScope DS AELUMA	events/2013/Infrasound_Event_12177225
1378395300	2013-09-05T15:35:00	AELUMA event 1378395300	Infrasound	36.63	-77.65	46	EarthScope DS AELUMA	events/2013/Infrasound_Event_12177648
1378396330	2013-09-05T15:52:10	AELUMA event 1378396330	Infrasound	36.98	-76.9	60	EarthScope DS AELUMA	events/2013/Infrasound_Event_12178071
1378397530	2013-09-05T16:12:10	AELUMA event 1378397530	Infrasound	35.77	-75.15	89	EarthScope DS AELUMA	events/2013/Infrasound_Event_12178494
1378405630	2013-09-05T18:27:10	AELUMA event 1378405630	Infrasound	35.82	-76.17	37	EarthScope DS AELUMA	events/2013/Infrasound_Event_12178917
1378409610	2013-09-05T19:33:30	AELUMA event 1378409610	Infrasound	35.77	-75.73	37	EarthScope DS AELUMA	events/2013/Infrasound_Event_12179340
1378416720	2013-09-05T21:32:00	AELUMA event 1378416720	Infrasound	36.43	-76.15	45	EarthScope DS AELUMA	events/2013/Infrasound_Event_12179763
1378420480	2013-09-05T22:34:40	AELUMA event 1378420480	Infrasound	35.2	-75.5	62	EarthScope DS AELUMA	events/2013/Infrasound_Event_12180186
1378421840	2013-09-05T22:57:20	AELUMA event 1378421840	Infrasound	34.2	-77.22	39	EarthScope DS AELUMA	events/2013/Infrasound_Event_12180609
1378422520	2013-09-05T23:08:40	AELUMA event 1378422520	Infrasound	36.58	-87.6	24	EarthScope DS AELUMA	events/2013/Infrasound_Event_12181034
1378427260	2013-09-06T00:27:40	AELUMA event 1378427260	Infrasound	34.82	-75.75	78	EarthScope DS AELUMA	events/2013/Infrasound_Event_12181459
1378433800	2013-09-06T02:16:40	AELUMA event 1378433800	Infrasound	31.1	-86.18	33	EarthScope DS AELUMA	events/2013/Infrasound_Event_12181884
1378434510	2013-09-06T02:28:30	AELUMA event 1378434510	Infrasound	29.53	-85.18	81	EarthScope DS AELUMA	events/2013/Infrasound_Event_12182309
1378474770	2013-09-06T13:39:30	AELUMA event 1378474770	Infrasound	37.63	-74.5	62	EarthScope DS AELUMA	events/2013/Infrasound_Event_12182734
1378480260	2013-09-06T15:11:00	AELUMA event 1378480260	Infrasound	38.0	-74.1	55	EarthScope DS AELUMA	events/2013/Infrasound_Event_12183159
1378504030	2013-09-06T21:47:10	AELUMA event 1378504030	Infrasound	36.5	-76.32	35	EarthScope DS AELUMA	events/2013/Infrasound_Event_12183584
1378524480	2013-09-07T03:27:00	LADEE Moon Mission, Wallops, Virginia	Rocket launch	37.85	-75.47	137	Michael Hedlin	events/2013/Infrasound_Event_12673886
1378524480	2013-09-07T03:28:00	AELUMA event 1378524480	Infrasound	37.63	-75.17	51	EarthScope DS AELUMA	events/2013/Infrasound_Event_12184012
1378555020	2013-09-07T11:57:00	AELUMA event 1378555020	Infrasound	38.12	-81.88	50	EarthScope DS AELUMA	events/2013/Infrasound_Event_12184440
1378593760	2013-09-07T22:42:40	AELUMA event 1378593760	Infrasound	37.78	-81.83	63	EarthScope DS AELUMA	events/2013/Infrasound_Event_12184868
1378598000	2013-09-07T23:53:20	AELUMA event 1378598000	Infrasound	38.97	-87.17	46	EarthScope DS AELUMA	events/2013/Infrasound_Event_12185298
1378759910	2013-09-09T20:51:50	AELUMA event 1378759910	Infrasound	36.63	-76.75	54	EarthScope DS AELUMA	events/2013/Infrasound_Event_12185728
1378801080	2013-09-10T01:18:00	Meteor, Woodstock, Alabama	Bolide	33.2	-87.15	99	EarthScope DS TAIRED	events/2013/Infrasound_Event_12674318
1378777080	2013-09-10T01:38:00	AELUMA event 1378777080	Infrasound	32.48	-80.42	64	EarthScope DS AELUMA	events/2013/Infrasound_Event_12186160
1378819440	2013-09-10T13:24:00	AELUMA event 1378819440	Infrasound	37.92	-74.35	88	EarthScope DS AELUMA	events/2013/Infrasound_Event_12186592
1378828840	2013-09-10T16:00:40	AELUMA event 1378828840	Infrasound	35.78	-74.62	34	EarthScope DS AELUMA	events/2013/Infrasound_Event_12187024
1378844230	2013-09-10T20:17:10	AELUMA event 1378844230	Infrasound	37.78	-74.9	62	EarthScope DS AELUMA	events/2013/Infrasound_Event_12187456
1378854260	2013-09-10T23:04:20	AELUMA event 1378854260	Infrasound	36.77	-75.58	61	EarthScope DS AELUMA	events/2013/Infrasound_Event_12187889
1378858400	2013-09-11T00:13:20	AELUMA event 1378858400	Infrasound	38.68	-75.97	82	EarthScope DS AELUMA	events/2013/Infrasound_Event_12188322
1378858620	2013-09-11T00:17:00	AELUMA event 1378858620	Infrasound	39.3	-74.07	56	EarthScope DS AELUMA	events/2013/Infrasound_Event_12188755
1378859840	2013-09-11T00:37:20	AELUMA event 1378859840	Infrasound	31.98	-80.23	33	EarthScope DS AELUMA	events/2013/Infrasound_Event_12189188
1378859980	2013-09-11T00:39:40	AELUMA event 1378859980	Infrasound	30.8	-80.5	65	EarthScope DS AELUMA	events/2013/Infrasound_Event_12189621
1378869300	2013-09-11T03:15:00	AELUMA event 1378869300	Infrasound	36.78	-89.32	40	EarthScope DS AELUMA	events/2013/Infrasound_Event_12190054
1378882220	2013-09-11T06:50:20	AELUMA event 1378882220	Infrasound	38.5	-87.73	26	EarthScope DS AELUMA	events/2013/Infrasound_Event_12190487
1378903230	2013-09-11T12:40:30	AELUMA event 1378903230	Infrasound	37.07	-76.78	56	EarthScope DS AELUMA	events/2013/Infrasound_Event_12190920
1378906650	2013-09-11T13:37:30	AELUMA event 1378906650	Infrasound	36.12	-76.35	73	EarthScope DS AELUMA	events/2013/Infrasound_Event_12191353
1378908110	2013-09-11T14:01:50	AELUMA event 1378908110	Infrasound	37.5	-76.18	110	EarthScope DS AELUMA	events/2013/Infrasound_Event_12191786
1378911060	2013-09-11T14:51:00	AELUMA event 1378911060	Infrasound	37.4	-75.6	40	EarthScope DS AELUMA	events/2013/Infrasound_Event_12192219
1378928110	2013-09-11T19:35:10	AELUMA event 1378928110	Infrasound	34.72	-76.45	38	EarthScope DS AELUMA	events/2013/Infrasound_Event_12192652
1378947410	2013-09-12T00:56:50	AELUMA event 1378947410	Infrasound	34.58	-77.42	59	EarthScope DS AELUMA	events/2013/Infrasound_Event_12193088
1378953910	2013-09-12T02:45:10	AELUMA event 1378953910	Infrasound	33.38	-78.23	87	EarthScope DS AELUMA	events/2013/Infrasound_Event_12193524
1378991140	2013-09-12T13:05:40	AELUMA event 1378991140	Infrasound	31.33	-80.78	91	EarthScope DS AELUMA	events/2013/Infrasound_Event_12193960
1379019960	2013-09-12T21:06:00	AELUMA event 1379019960	Infrasound	34.92	-75.58	51	EarthScope DS AELUMA	events/2013/Infrasound_Event_12194396
1379028780	2013-09-12T23:33:00	AELUMA event 1379028780	Infrasound	40.4	-72.17	41	EarthScope DS AELUMA	events/2013/Infrasound_Event_12194833
1379035020	2013-09-13T01:17:00	AELUMA event 1379035020	Infrasound	33.92	-77.35	52	EarthScope DS AELUMA	events/2013/Infrasound_Event_12195270
1379119300	2013-09-14T00:41:40	AELUMA event 1379119300	Infrasound	34.73	-76.37	72	EarthScope DS AELUMA	events/2013/Infrasound_Event_12195708
1379120840	2013-09-14T01:07:20	AELUMA event 1379120840	Infrasound	34.92	-77.07	113	EarthScope DS AELUMA	events/2013/Infrasound_Event_12196146
1379173210	2013-09-14T15:40:10	AELUMA event 1379173210	Infrasound	37.97	-75.62	56	EarthScope DS AELUMA	events/2013/Infrasound_Event_12196584
1379284490	2013-09-15T22:34:50	AELUMA event 1379284490	Infrasound	34.53	-74.98	68	EarthScope DS AELUMA	events/2013/Infrasound_Event_12197023
1379339540	2013-09-16T13:52:20	AELUMA event 1379339540	Infrasound	29.08	-84.1	66	EarthScope DS AELUMA	events/2013/Infrasound_Event_12197463
1379358120	2013-09-16T19:02:00	AELUMA event 1379358120	Infrasound	31.63	-84.23	35	EarthScope DS AELUMA	events/2013/Infrasound_Event_12197903
1379377850	2013-09-17T00:30:50	AELUMA event 1379377850	Infrasound	35.53	-75.55	28	EarthScope DS AELUMA	events/2013/Infrasound_Event_12198345
1379478300	2013-09-18T04:25:00	AELUMA event 1379478300	Infrasound	36.35	-75.22	62	EarthScope DS AELUMA	events/2013/Infrasound_Event_12198791
1379492430	2013-09-18T08:10:00	Atlas V launch, Florida	Rocket launch	28.58	-80.58	144	EarthScope DS TAIRED	events/2013/Infrasound_Event_12674764
1379492430	2013-09-18T08:20:30	AELUMA event 1379492430	Infrasound	29.82	-80.22	67	EarthScope DS AELUMA	events/2013/Infrasound_Event_12199237
1379493780	2013-09-18T08:43:00	AELUMA event 1379493780	Infrasound	33.47	-78.57	99	EarthScope DS AELUMA	events/2013/Infrasound_Event_12199683
1379541480	2013-09-18T14:58:00	Cygnus launch, Wallops, Virginia	Rocket launch	37.85	-75.47	150	EarthScope DS TAIRED	events/2013/Infrasound_Event_12675210
1379536500	2013-09-18T20:35:00	AELUMA event 1379536500	Infrasound	31.53	-83.48	42	EarthScope DS AELUMA	events/2013/Infrasound_Event_12200129
1379539380	2013-09-18T21:23:00	AELUMA event 1379539380	Infrasound	34.4	-75.93	37	EarthScope DS AELUMA	events/2013/Infrasound_Event_12200575
1379540660	2013-09-18T21:44:20	AELUMA event 1379540660	Infrasound	34.55	-76.62	36	EarthScope DS AELUMA	events/2013/Infrasound_Event_12201021
1379546450	2013-09-18T23:20:50	AELUMA event 1379546450	Infrasound	37.77	-81.95	27	EarthScope DS AELUMA	events/2013/Infrasound_Event_12201469
1379627020	2013-09-19T21:43:40	AELUMA event 1379627020	Infrasound	36.53	-75.07	76	EarthScope DS AELUMA	events/2013/Infrasound_Event_12201917
1379628470	2013-09-19T22:07:50	AELUMA event 1379628470	Infrasound	34.63	-76.7	59	EarthScope DS AELUMA	events/2013/Infrasound_Event_12202365
1379630800	2013-09-19T22:46:40	AELUMA event 1379630800	Infrasound	36.45	-75.65	76	EarthScope DS AELUMA	events/2013/Infrasound_Event_12202813
1379632180	2013-09-19T23:09:40	AELUMA event 1379632180	Infrasound	40.35	-71.07	93	EarthScope DS AELUMA	events/2013/Infrasound_Event_12203265
1379633100	2013-09-19T23:25:00	AELUMA event 1379633100	Infrasound	39.98	-71.33	155	EarthScope DS AELUMA	events/2013/Infrasound_Event_12203717
1379634160	2013-09-19T23:42:40	AELUMA event 1379634160	Infrasound	41.08	-71.9	50	EarthScope DS AELUMA	events/2013/Infrasound_Event_12204169
1379640190	2013-09-20T01:23:10	AELUMA event 1379640190	Infrasound	36.2	-77.28	57	EarthScope DS AELUMA	events/2013/Infrasound_Event_12204621
1379681890	2013-09-20T12:58:10	AELUMA event 1379681890	Infrasound	32.87	-78.65	57	EarthScope DS AELUMA	events/2013/Infrasound_Event_12205073
1379694960	2013-09-20T16:36:00	AELUMA event 1379694960	Infrasound	35.55	-73.92	34	EarthScope DS AELUMA	events/2013/Infrasound_Event_12205525
1379702900	2013-09-20T18:48:20	AELUMA event 1379702900	Infrasound	34.3	-75.27	58	EarthScope DS AELUMA	events/2013/Infrasound_Event_12205977
1379704880	2013-09-20T19:21:20	AELUMA event 1379704880	Infrasound	34.73	-75.6	55	EarthScope DS AELUMA	events/2013/Infrasound_Event_12206429
1379845900	2013-09-22T10:31:40	AELUMA event 1379845900	Infrasound	33.48	-83.08	56	EarthScope DS AELUMA	events/2013/Infrasound_Event_12206884
1379969220	2013-09-23T20:47:00	AELUMA event 1379969220	Infrasound	36.07	-76.27	35	EarthScope DS AELUMA	events/2013/Infrasound_Event_12207341
1379971800	2013-09-23T21:30:00	AELUMA event 1379971800	Infrasound	37.92	-74.03	45	EarthScope DS AELUMA	events/2013/Infrasound_Event_12207798
1379971910	2013-09-23T21:31:50	AELUMA event 1379971910	Infrasound	33.77	-86.85	47	EarthScope DS AELUMA	events/2013/Infrasound_Event_12208255
1379974710	2013-09-23T22:18:30	AELUMA event 1379974710	Infrasound	37.58	-75.03	78	EarthScope DS AELUMA	events/2013/Infrasound_Event_12208712
1379976530	2013-09-23T22:48:50	AELUMA event 1379976530	Infrasound	39.82	-75.6	30	EarthScope DS AELUMA	events/2013/Infrasound_Event_12209169
1379980930	2013-09-24T00:02:10	AELUMA event 1379980930	Infrasound	37.87	-85.75	52	EarthScope DS AELUMA	events/2013/Infrasound_Event_12209628
1379985270	2013-09-24T01:14:30	AELUMA event 1379985270	Infrasound	37.87	-85.78	46	EarthScope DS AELUMA	events/2013/Infrasound_Event_12210087
1380028440	2013-09-24T13:14:00	AELUMA event 1380028440	Infrasound	35.47	-74.9	34	EarthScope DS AELUMA	events/2013/Infrasound_Event_12210546
1380031860	2013-09-24T14:11:00	AELUMA event 1380031860	Infrasound	37.53	-74.12	41	EarthScope DS AELUMA	events/2013/Infrasound_Event_12211005
1380044240	2013-09-24T17:37:20	AELUMA event 1380044240	Infrasound	36.4	-75.88	40	EarthScope DS AELUMA	events/2013/Infrasound_Event_12211464
1380047530	2013-09-24T18:32:10	AELUMA event 1380047530	Infrasound	32.87	-80.22	53	EarthScope DS AELUMA	events/2013/Infrasound_Event_12211923
1380059210	2013-09-24T21:46:50	AELUMA event 1380059210	Infrasound	39.97	-74.52	35	EarthScope DS AELUMA	events/2013/Infrasound_Event_12212382
1380061720	2013-09-24T22:28:40	AELUMA event 1380061720	Infrasound	36.35	-75.27	60	EarthScope DS AELUMA	events/2013/Infrasound_Event_12212841
1380108280	2013-09-25T11:24:40	AELUMA event 1380108280	Infrasound	41.5	-83.98	41	EarthScope DS AELUMA	events/2013/Infrasound_Event_12213302
1380114630	2013-09-25T13:10:30	AELUMA event 1380114630	Infrasound	32.48	-78.97	48	EarthScope DS AELUMA	events/2013/Infrasound_Event_12213763
1380115780	2013-09-25T13:29:40	AELUMA event 1380115780	Infrasound	36.63	-74.68	42	EarthScope DS AELUMA	events/2013/Infrasound_Event_12214224
1380116950	2013-09-25T13:49:10	AELUMA event 1380116950	Infrasound	35.1	-75.75	50	EarthScope DS AELUMA	events/2013/Infrasound_Event_12214685
1380117690	2013-09-25T14:01:30	AELUMA event 1380117690	Infrasound	37.87	-74.55	95	EarthScope DS AELUMA	events/2013/Infrasound_Event_12215146
1380123000	2013-09-25T15:30:00	AELUMA event 1380123000	Infrasound	29.67	-85.57	49	EarthScope DS AELUMA	events/2013/Infrasound_Event_12215607
1380157460	2013-09-26T01:04:20	AELUMA event 1380157460	Infrasound	30.37	-87.43	51	EarthScope DS AELUMA	events/2013/Infrasound_Event_12216070
1380158520	2013-09-26T01:22:00	AELUMA event 1380158520	Infrasound	32.32	-85.53	130	EarthScope DS AELUMA	events/2013/Infrasound_Event_12216533
1380245130	2013-09-27T01:25:30	AELUMA event 1380245130	Infrasound	35.48	-77.47	38	EarthScope DS AELUMA	events/2013/Infrasound_Event_12216999
1380331680	2013-09-28T01:28:00	AELUMA event 1380331680	Infrasound	34.5	-87.8	23	EarthScope DS AELUMA	events/2013/Infrasound_Event_12217466
1380339240	2013-09-28T03:30:00	Fireball in Midwest US, Ohio	Bolide	40.0	-83.0	102	Catherine de Groot-Hedlin	events/2013/Infrasound_Event_12675677
1380339240	2013-09-28T03:34:00	AELUMA event 1380339240	Infrasound	39.83	-83.08	103	EarthScope DS AELUMA	events/2013/Infrasound_Event_12217933
1380487020	2013-09-29T20:37:00	AELUMA event 1380487020	Infrasound	38.1	-74.55	26	EarthScope DS AELUMA	events/2013/Infrasound_Event_12218400
1380553480	2013-09-30T15:04:40	AELUMA event 1380553480	Infrasound	30.78	-85.78	32	EarthScope DS AELUMA	events/2013/Infrasound_Event_12218867
1380583180	2013-09-30T23:19:40	AELUMA event 1380583180	Infrasound	34.82	-77.55	48	EarthScope DS AELUMA	events/2013/Infrasound_Event_12219334
1380585070	2013-09-30T23:51:10	AELUMA event 1380585070	Infrasound	39.57	-74.87	49	EarthScope DS AELUMA	events/2013/Infrasound_Event_12219801
1380636750	2013-10-01T14:12:30	AELUMA event 1380636750	Infrasound	37.15	-74.57	44	EarthScope DS AELUMA	events/2013/Infrasound_Event_12220268
1380722930	2013-10-02T14:08:50	AELUMA event 1380722930	Infrasound	33.0	-78.47	24	EarthScope DS AELUMA	events/2013/Infrasound_Event_12220735
1380813150	2013-10-03T15:12:30	AELUMA event 1380813150	Infrasound	34.02	-75.98	44	EarthScope DS AELUMA	events/2013/Infrasound_Event_12221202
1380831410	2013-10-03T20:16:50	AELUMA event 1380831410	Infrasound	37.35	-75.93	44	EarthScope DS AELUMA	events/2013/Infrasound_Event_12221669
1380839550	2013-10-03T22:32:30	AELUMA event 1380839550	Infrasound	38.07	-87.95	69	EarthScope DS AELUMA	events/2013/Infrasound_Event_12222136
1380902790	2013-10-04T16:06:30	AELUMA event 1380902790	Infrasound	29.1	-84.13	44	EarthScope DS AELUMA	events/2013/Infrasound_Event_12222603
1380922750	2013-10-04T21:39:10	AELUMA event 1380922750	Infrasound	33.78	-86.68	40	EarthScope DS AELUMA	events/2013/Infrasound_Event_12223070
1380981980	2013-10-05T14:06:20	AELUMA event 1380981980	Infrasound	37.78	-74.12	89	EarthScope DS AELUMA	events/2013/Infrasound_Event_12223537
1381185480	2013-10-07T22:38:00	AELUMA event 1381185480	Infrasound	35.7	-89.17	36	EarthScope DS AELUMA	events/2013/Infrasound_Event_12224004
1381186660	2013-10-07T22:57:40	AELUMA event 1381186660	Infrasound	36.78	-89.32	28	EarthScope DS AELUMA	events/2013/Infrasound_Event_12224471
1381186780	2013-10-07T22:59:40	AELUMA event 1381186780	Infrasound	33.23	-88.03	33	EarthScope DS AELUMA	events/2013/Infrasound_Event_12224938
1381187400	2013-10-07T23:10:00	AELUMA event 1381187400	Infrasound	35.05	-89.42	31	EarthScope DS AELUMA	events/2013/Infrasound_Event_12225406
1381270470	2013-10-08T22:14:30	AELUMA event 1381270470	Infrasound	37.33	-89.1	51	EarthScope DS AELUMA	events/2013/Infrasound_Event_12225874
1381271370	2013-10-08T22:29:30	AELUMA event 1381271370	Infrasound	37.25	-89.08	58	EarthScope DS AELUMA	events/2013/Infrasound_Event_12226342
1381272320	2013-10-08T22:45:20	AELUMA event 1381272320	Infrasound	36.53	-89.17	59	EarthScope DS AELUMA	events/2013/Infrasound_Event_12226810
1381273390	2013-10-08T23:03:10	AELUMA event 1381273390	Infrasound	42.48	-85.6	28	EarthScope DS AELUMA	events/2013/Infrasound_Event_12227279
1381355450	2013-10-09T21:50:50	AELUMA event 1381355450	Infrasound	33.05	-82.72	49	EarthScope DS AELUMA	events/2013/Infrasound_Event_12227748
1381360290	2013-10-09T23:11:30	AELUMA event 1381360290	Infrasound	33.98	-86.88	68	EarthScope DS AELUMA	events/2013/Infrasound_Event_12228217
1381417920	2013-10-10T15:12:00	AELUMA event 1381417920	Infrasound	39.1	-82.72	41	EarthScope DS AELUMA	events/2013/Infrasound_Event_12228686
1381440860	2013-10-10T21:34:20	AELUMA event 1381440860	Infrasound	38.97	-87.28	54	EarthScope DS AELUMA	events/2013/Infrasound_Event_12229155
1381443400	2013-10-10T22:16:40	AELUMA event 1381443400	Infrasound	38.2	-87.27	29	EarthScope DS AELUMA	events/2013/Infrasound_Event_12229624
1381521470	2013-10-11T19:57:50	AELUMA event 1381521470	Infrasound	32.4	-84.18	49	EarthScope DS AELUMA	events/2013/Infrasound_Event_12230093
1381526700	2013-10-11T21:25:00	AELUMA event 1381526700	Infrasound	33.87	-86.65	38	EarthScope DS AELUMA	events/2013/Infrasound_Event_12230562
1381527950	2013-10-11T21:45:50	AELUMA event 1381527950	Infrasound	34.63	-89.37	43	EarthScope DS AELUMA	events/2013/Infrasound_Event_12231031
1381529090	2013-10-11T22:04:50	AELUMA event 1381529090	Infrasound	33.22	-88.03	53	EarthScope DS AELUMA	events/2013/Infrasound_Event_12231500
1381530850	2013-10-11T22:34:10	AELUMA event 1381530850	Infrasound	42.15	-86.13	38	EarthScope DS AELUMA	events/2013/Infrasound_Event_12231969
1381538610	2013-10-12T00:43:30	AELUMA event 1381538610	Infrasound	33.5	-84.32	59	EarthScope DS AELUMA	events/2013/Infrasound_Event_12232438
1381609240	2013-10-12T20:20:40	AELUMA event 1381609240	Infrasound	38.35	-87.17	40	EarthScope DS AELUMA	events/2013/Infrasound_Event_12232907
1381613170	2013-10-12T21:26:10	AELUMA event 1381613170	Infrasound	39.07	-87.08	29	EarthScope DS AELUMA	events/2013/Infrasound_Event_12233376
1381698970	2013-10-13T21:16:10	AELUMA event 1381698970	Infrasound	38.95	-87.25	63	EarthScope DS AELUMA	events/2013/Infrasound_Event_12233845
1381783080	2013-10-14T20:38:00	AELUMA event 1381783080	Infrasound	37.05	-82.48	33	EarthScope DS AELUMA	events/2013/Infrasound_Event_12234314
1381843190	2013-10-15T13:19:50	AELUMA event 1381843190	Infrasound	31.3	-85.18	33	EarthScope DS AELUMA	events/2013/Infrasound_Event_12234783
1381846380	2013-10-15T14:13:00	AELUMA event 1381846380	Infrasound	35.03	-81.43	41	EarthScope DS AELUMA	events/2013/Infrasound_Event_12235252
1381870190	2013-10-15T20:49:50	AELUMA event 1381870190	Infrasound	40.53	-73.27	33	EarthScope DS AELUMA	events/2013/Infrasound_Event_12235721
1381873680	2013-10-15T21:48:00	AELUMA event 1381873680	Infrasound	30.08	-83.52	93	EarthScope DS AELUMA	events/2013/Infrasound_Event_12236190
1381877590	2013-10-15T22:53:10	AELUMA event 1381877590	Infrasound	33.58	-87.35	45	EarthScope DS AELUMA	events/2013/Infrasound_Event_12236659
1381879630	2013-10-15T23:27:10	AELUMA event 1381879630	Infrasound	40.25	-79.52	36	EarthScope DS AELUMA	events/2013/Infrasound_Event_12237128
1381934450	2013-10-16T14:40:50	AELUMA event 1381934450	Infrasound	32.65	-80.37	46	EarthScope DS AELUMA	events/2013/Infrasound_Event_12237597
1381935960	2013-10-16T15:06:00	AELUMA event 1381935960	Infrasound	28.63	-84.02	88	EarthScope DS AELUMA	events/2013/Infrasound_Event_12238066
1381936200	2013-10-16T15:10:00	AELUMA event 1381936200	Infrasound	30.6	-83.13	100	EarthScope DS AELUMA	events/2013/Infrasound_Event_12238535
1381951360	2013-10-16T19:22:40	AELUMA event 1381951360	Infrasound	34.73	-77.65	40	EarthScope DS AELUMA	events/2013/Infrasound_Event_12239004
1381951650	2013-10-16T19:27:30	AELUMA event 1381951650	Infrasound	33.25	-78.32	30	EarthScope DS AELUMA	events/2013/Infrasound_Event_12239473
1381953240	2013-10-16T19:54:00	AELUMA event 1381953240	Infrasound	32.0	-85.77	57	EarthScope DS AELUMA	events/2013/Infrasound_Event_12239942
1381953630	2013-10-16T20:00:30	AELUMA event 1381953630	Infrasound	38.3	-74.17	42	EarthScope DS AELUMA	events/2013/Infrasound_Event_12240411
1381955520	2013-10-16T20:32:00	AELUMA event 1381955520	Infrasound	32.15	-83.55	59	EarthScope DS AELUMA	events/2013/Infrasound_Event_12240880
1381956260	2013-10-16T20:44:20	AELUMA event 1381956260	Infrasound	39.05	-74.18	34	EarthScope DS AELUMA	events/2013/Infrasound_Event_12241349
1381959010	2013-10-16T21:30:10	AELUMA event 1381959010	Infrasound	38.95	-74.23	40	EarthScope DS AELUMA	events/2013/Infrasound_Event_12241818
1381959430	2013-10-16T21:37:10	AELUMA event 1381959430	Infrasound	37.4	-82.18	29	EarthScope DS AELUMA	events/2013/Infrasound_Event_12242287
1382017320	2013-10-17T13:42:00	AELUMA event 1382017320	Infrasound	33.03	-79.23	86	EarthScope DS AELUMA	events/2013/Infrasound_Event_12242756
1382019390	2013-10-17T14:16:30	AELUMA event 1382019390	Infrasound	39.4	-84.2	40	EarthScope DS AELUMA	events/2013/Infrasound_Event_12243225
1382045840	2013-10-17T21:37:20	AELUMA event 1382045840	Infrasound	28.48	-84.03	46	EarthScope DS AELUMA	events/2013/Infrasound_Event_12243694
1382047660	2013-10-17T22:07:40	AELUMA event 1382047660	Infrasound	30.85	-83.37	111	EarthScope DS AELUMA	events/2013/Infrasound_Event_12244163
1382056290	2013-10-18T00:31:30	AELUMA event 1382056290	Infrasound	44.45	-77.58	27	EarthScope DS AELUMA	events/2013/Infrasound_Event_12244632
1382057940	2013-10-18T00:59:00	AELUMA event 1382057940	Infrasound	43.83	-76.35	32	EarthScope DS AELUMA	events/2013/Infrasound_Event_12245101
1382108890	2013-10-18T15:08:10	AELUMA event 1382108890	Infrasound	30.28	-83.55	72	EarthScope DS AELUMA	events/2013/Infrasound_Event_12245570
1382109700	2013-10-18T15:21:40	AELUMA event 1382109700	Infrasound	30.35	-82.8	50	EarthScope DS AELUMA	events/2013/Infrasound_Event_12246039
1382110770	2013-10-18T15:39:30	AELUMA event 1382110770	Infrasound	30.28	-83.5	56	EarthScope DS AELUMA	events/2013/Infrasound_Event_12246508
1382126100	2013-10-18T19:55:00	AELUMA event 1382126100	Infrasound	30.07	-83.28	112	EarthScope DS AELUMA	events/2013/Infrasound_Event_12246977
1382128510	2013-10-18T20:35:10	AELUMA event 1382128510	Infrasound	31.48	-86.42	68	EarthScope DS AELUMA	events/2013/Infrasound_Event_12247446
1382133800	2013-10-18T22:03:20	AELUMA event 1382133800	Infrasound	33.68	-87.17	73	EarthScope DS AELUMA	events/2013/Infrasound_Event_12247915
1382136180	2013-10-18T22:43:00	AELUMA event 1382136180	Infrasound	37.02	-82.55	31	EarthScope DS AELUMA	events/2013/Infrasound_Event_12248384
1382363920	2013-10-21T13:58:40	AELUMA event 1382363920	Infrasound	32.35	-79.5	75	EarthScope DS AELUMA	events/2013/Infrasound_Event_12248853
1382365740	2013-10-21T14:29:00	AELUMA event 1382365740	Infrasound	33.63	-77.88	27	EarthScope DS AELUMA	events/2013/Infrasound_Event_12249322
1382379740	2013-10-21T18:22:20	AELUMA event 1382379740	Infrasound	30.88	-79.75	45	EarthScope DS AELUMA	events/2013/Infrasound_Event_12249791
1382445130	2013-10-22T12:32:10	AELUMA event 1382445130	Infrasound	39.02	-86.95	44	EarthScope DS AELUMA	events/2013/Infrasound_Event_12250260
1382448640	2013-10-22T13:30:40	AELUMA event 1382448640	Infrasound	29.87	-80.47	32	EarthScope DS AELUMA	events/2013/Infrasound_Event_12250729
1382453600	2013-10-22T14:53:20	AELUMA event 1382453600	Infrasound	30.57	-86.62	76	EarthScope DS AELUMA	events/2013/Infrasound_Event_12251198
1382454340	2013-10-22T15:05:40	AELUMA event 1382454340	Infrasound	32.25	-87.2	48	EarthScope DS AELUMA	events/2013/Infrasound_Event_12251667
1382469050	2013-10-22T19:10:50	AELUMA event 1382469050	Infrasound	31.73	-79.95	38	EarthScope DS AELUMA	events/2013/Infrasound_Event_12252136
1382472310	2013-10-22T20:05:10	AELUMA event 1382472310	Infrasound	30.08	-84.47	57	EarthScope DS AELUMA	events/2013/Infrasound_Event_12252605
1382474970	2013-10-22T20:49:30	AELUMA event 1382474970	Infrasound	30.77	-83.88	105	EarthScope DS AELUMA	events/2013/Infrasound_Event_12253074
1382537620	2013-10-23T14:13:40	AELUMA event 1382537620	Infrasound	34.57	-78.98	46	EarthScope DS AELUMA	events/2013/Infrasound_Event_12253543
1382556740	2013-10-23T19:32:20	AELUMA event 1382556740	Infrasound	37.85	-74.45	43	EarthScope DS AELUMA	events/2013/Infrasound_Event_12254012
1382645220	2013-10-24T20:07:00	AELUMA event 1382645220	Infrasound	31.02	-83.67	31	EarthScope DS AELUMA	events/2013/Infrasound_Event_12254481
1382735160	2013-10-25T21:06:00	AELUMA event 1382735160	Infrasound	37.68	-86.47	47	EarthScope DS AELUMA	events/2013/Infrasound_Event_12254950
1382737080	2013-10-25T21:38:00	AELUMA event 1382737080	Infrasound	33.87	-86.13	58	EarthScope DS AELUMA	events/2013/Infrasound_Event_12255419
1382741550	2013-10-25T22:52:30	AELUMA event 1382741550	Infrasound	35.88	-89.27	32	EarthScope DS AELUMA	events/2013/Infrasound_Event_12255888
1382741720	2013-10-25T22:55:20	AELUMA event 1382741720	Infrasound	37.98	-88.55	43	EarthScope DS AELUMA	events/2013/Infrasound_Event_12256357
1382973770	2013-10-28T15:22:50	AELUMA event 1382973770	Infrasound	29.73	-82.68	98	EarthScope DS AELUMA	events/2013/Infrasound_Event_12256826
1382976580	2013-10-28T16:09:40	AELUMA event 1382976580	Infrasound	31.02	-83.38	58	EarthScope DS AELUMA	events/2013/Infrasound_Event_12257295
1382978370	2013-10-28T16:39:30	AELUMA event 1382978370	Infrasound	32.45	-83.7	36	EarthScope DS AELUMA	events/2013/Infrasound_Event_12257764
1382985600	2013-10-28T18:40:00	AELUMA event 1382985600	Infrasound	30.72	-83.65	76	EarthScope DS AELUMA	events/2013/Infrasound_Event_12258233
1382991910	2013-10-28T20:25:10	AELUMA event 1382991910	Infrasound	34.88	-77.58	45	EarthScope DS AELUMA	events/2013/Infrasound_Event_12258702
1382992250	2013-10-28T20:30:50	AELUMA event 1382992250	Infrasound	29.85	-83.67	109	EarthScope DS AELUMA	events/2013/Infrasound_Event_12259171
1382993270	2013-10-28T20:47:50	AELUMA event 1382993270	Infrasound	29.42	-84.83	63	EarthScope DS AELUMA	events/2013/Infrasound_Event_12259640
1382993590	2013-10-28T20:53:10	AELUMA event 1382993590	Infrasound	32.97	-81.85	111	EarthScope DS AELUMA	events/2013/Infrasound_Event_12260109
1382994960	2013-10-28T21:16:00	AELUMA event 1382994960	Infrasound	33.27	-82.08	84	EarthScope DS AELUMA	events/2013/Infrasound_Event_12260578
1382995920	2013-10-28T21:32:00	AELUMA event 1382995920	Infrasound	38.87	-86.73	51	EarthScope DS AELUMA	events/2013/Infrasound_Event_12261047
1383054530	2013-10-29T13:48:50	AELUMA event 1383054530	Infrasound	30.62	-83.65	41	EarthScope DS AELUMA	events/2013/Infrasound_Event_12261516
1383057250	2013-10-29T14:34:10	AELUMA event 1383057250	Infrasound	38.92	-82.5	36	EarthScope DS AELUMA	events/2013/Infrasound_Event_12261985
1383058960	2013-10-29T15:02:40	AELUMA event 1383058960	Infrasound	29.45	-83.7	57	EarthScope DS AELUMA	events/2013/Infrasound_Event_12262454
1383060330	2013-10-29T15:25:30	AELUMA event 1383060330	Infrasound	32.58	-80.83	72	EarthScope DS AELUMA	events/2013/Infrasound_Event_12262923
1383065680	2013-10-29T16:54:40	AELUMA event 1383065680	Infrasound	33.38	-84.98	29	EarthScope DS AELUMA	events/2013/Infrasound_Event_12263392
1383073140	2013-10-29T18:59:00	AELUMA event 1383073140	Infrasound	29.65	-83.47	44	EarthScope DS AELUMA	events/2013/Infrasound_Event_12263861
1383074340	2013-10-29T19:19:00	AELUMA event 1383074340	Infrasound	32.17	-81.48	163	EarthScope DS AELUMA	events/2013/Infrasound_Event_12264330
1383074460	2013-10-29T19:21:00	AELUMA event 1383074460	Infrasound	30.27	-83.37	78	EarthScope DS AELUMA	events/2013/Infrasound_Event_12264799
1383075840	2013-10-29T19:44:00	AELUMA event 1383075840	Infrasound	33.22	-81.23	125	EarthScope DS AELUMA	events/2013/Infrasound_Event_12265268
1383080180	2013-10-29T20:56:20	AELUMA event 1383080180	Infrasound	28.48	-84.73	86	EarthScope DS AELUMA	events/2013/Infrasound_Event_12265737
1383081330	2013-10-29T21:15:30	AELUMA event 1383081330	Infrasound	31.2	-82.85	242	EarthScope DS AELUMA	events/2013/Infrasound_Event_12266206
1383082560	2013-10-29T21:36:00	AELUMA event 1383082560	Infrasound	39.17	-73.57	58	EarthScope DS AELUMA	events/2013/Infrasound_Event_12266675
1383084780	2013-10-29T22:13:00	AELUMA event 1383084780	Infrasound	39.12	-72.67	31	EarthScope DS AELUMA	events/2013/Infrasound_Event_12267144
1383142640	2013-10-30T14:17:20	AELUMA event 1383142640	Infrasound	32.87	-79.03	65	EarthScope DS AELUMA	events/2013/Infrasound_Event_12267613
1383143470	2013-10-30T14:31:10	AELUMA event 1383143470	Infrasound	30.6	-86.05	48	EarthScope DS AELUMA	events/2013/Infrasound_Event_12268082
1383144910	2013-10-30T14:55:10	AELUMA event 1383144910	Infrasound	30.53	-83.42	69	EarthScope DS AELUMA	events/2013/Infrasound_Event_12268551
1383161380	2013-10-30T19:29:40	AELUMA event 1383161380	Infrasound	32.13	-81.48	53	EarthScope DS AELUMA	events/2013/Infrasound_Event_12269020
1383162390	2013-10-30T19:46:30	AELUMA event 1383162390	Infrasound	30.28	-83.65	58	EarthScope DS AELUMA	events/2013/Infrasound_Event_12269489
1383163560	2013-10-30T20:06:00	AELUMA event 1383163560	Infrasound	32.65	-81.72	109	EarthScope DS AELUMA	events/2013/Infrasound_Event_12269958
1383167650	2013-10-30T21:14:10	AELUMA event 1383167650	Infrasound	37.63	-80.93	36	EarthScope DS AELUMA	events/2013/Infrasound_Event_12270427
1383168620	2013-10-30T21:30:20	AELUMA event 1383168620	Infrasound	39.25	-73.7	33	EarthScope DS AELUMA	events/2013/Infrasound_Event_12270896
1383168810	2013-10-30T21:33:30	AELUMA event 1383168810	Infrasound	37.82	-74.32	83	EarthScope DS AELUMA	events/2013/Infrasound_Event_12271365
1383171330	2013-10-30T22:15:30	AELUMA event 1383171330	Infrasound	38.07	-86.5	78	EarthScope DS AELUMA	events/2013/Infrasound_Event_12271834
1383226580	2013-10-31T13:36:20	AELUMA event 1383226580	Infrasound	32.05	-79.67	76	EarthScope DS AELUMA	events/2013/Infrasound_Event_12272303
1383229300	2013-10-31T14:21:40	AELUMA event 1383229300	Infrasound	30.58	-83.15	57	EarthScope DS AELUMA	events/2013/Infrasound_Event_12272772
1383597760	2013-11-04T20:42:40	AELUMA event 1383597760	Infrasound	32.92	-82.32	48	EarthScope DS AELUMA	events/2013/Infrasound_Event_12273241
1383599840	2013-11-04T21:17:20	AELUMA event 1383599840	Infrasound	37.33	-78.62	88	EarthScope DS AELUMA	events/2013/Infrasound_Event_12273710
1383600970	2013-11-04T21:36:10	AELUMA event 1383600970	Infrasound	34.58	-80.17	73	EarthScope DS AELUMA	events/2013/Infrasound_Event_12274179
1383601680	2013-11-04T21:48:00	AELUMA event 1383601680	Infrasound	31.42	-83.2	54	EarthScope DS AELUMA	events/2013/Infrasound_Event_12274648
1383627800	2013-11-05T05:03:20	AELUMA event 1383627800	Infrasound	35.82	-88.32	29	EarthScope DS AELUMA	events/2013/Infrasound_Event_12275118
1383665950	2013-11-05T15:39:10	AELUMA event 1383665950	Infrasound	30.98	-86.22	49	EarthScope DS AELUMA	events/2013/Infrasound_Event_12275588
1383670160	2013-11-05T16:49:20	AELUMA event 1383670160	Infrasound	33.12	-81.52	59	EarthScope DS AELUMA	events/2013/Infrasound_Event_12276058
1383697590	2013-11-06T00:26:30	AELUMA event 1383697590	Infrasound	32.15	-84.57	71	EarthScope DS AELUMA	events/2013/Infrasound_Event_12276528
1383747180	2013-11-06T14:13:00	AELUMA event 1383747180	Infrasound	30.38	-80.57	29	EarthScope DS AELUMA	events/2013/Infrasound_Event_12276998
1383774310	2013-11-06T21:45:10	AELUMA event 1383774310	Infrasound	30.53	-83.32	98	EarthScope DS AELUMA	events/2013/Infrasound_Event_12277468
1383789700	2013-11-07T02:01:40	AELUMA event 1383789700	Infrasound	31.82	-85.23	33	EarthScope DS AELUMA	events/2013/Infrasound_Event_12277938
1383836460	2013-11-07T15:01:00	AELUMA event 1383836460	Infrasound	30.02	-87.18	36	EarthScope DS AELUMA	events/2013/Infrasound_Event_12278408
1383841560	2013-11-07T16:26:00	AELUMA event 1383841560	Infrasound	30.02	-83.75	39	EarthScope DS AELUMA	events/2013/Infrasound_Event_12278878
1383861350	2013-11-07T21:55:50	AELUMA event 1383861350	Infrasound	38.55	-86.05	41	EarthScope DS AELUMA	events/2013/Infrasound_Event_12279348
1383862640	2013-11-07T22:17:20	AELUMA event 1383862640	Infrasound	38.92	-87.12	30	EarthScope DS AELUMA	events/2013/Infrasound_Event_12279818
1383880560	2013-11-08T03:16:00	AELUMA event 1383880560	Infrasound	35.92	-88.67	43	EarthScope DS AELUMA	events/2013/Infrasound_Event_12280288
1383893580	2013-11-08T06:53:00	AELUMA event 1383893580	Infrasound	34.2	-89.23	29	EarthScope DS AELUMA	events/2013/Infrasound_Event_12280758
1383894860	2013-11-08T07:14:20	AELUMA event 1383894860	Infrasound	35.13	-89.32	44	EarthScope DS AELUMA	events/2013/Infrasound_Event_12281228
1383947130	2013-11-08T21:45:30	AELUMA event 1383947130	Infrasound	33.67	-86.72	59	EarthScope DS AELUMA	events/2013/Infrasound_Event_12281698
1383949400	2013-11-08T22:23:20	AELUMA event 1383949400	Infrasound	38.53	-87.03	55	EarthScope DS AELUMA	events/2013/Infrasound_Event_12282168
1383950770	2013-11-08T22:46:10	AELUMA event 1383950770	Infrasound	33.68	-86.22	47	EarthScope DS AELUMA	events/2013/Infrasound_Event_12282638
1383968760	2013-11-09T03:46:00	AELUMA event 1383968760	Infrasound	36.53	-89.32	42	EarthScope DS AELUMA	events/2013/Infrasound_Event_12283108
1384051180	2013-11-10T02:39:40	AELUMA event 1384051180	Infrasound	35.4	-80.65	22	EarthScope DS AELUMA	events/2013/Infrasound_Event_12283578
1384202820	2013-11-11T20:47:00	AELUMA event 1384202820	Infrasound	37.67	-84.4	29	EarthScope DS AELUMA	events/2013/Infrasound_Event_12284046
1384203960	2013-11-11T21:06:00	AELUMA event 1384203960	Infrasound	38.53	-84.33	32	EarthScope DS AELUMA	events/2013/Infrasound_Event_12284514
1384207300	2013-11-11T22:01:40	AELUMA event 1384207300	Infrasound	33.78	-87.37	94	EarthScope DS AELUMA	events/2013/Infrasound_Event_12284982
1384380770	2013-11-13T22:12:50	AELUMA event 1384380770	Infrasound	37.97	-81.4	47	EarthScope DS AELUMA	events/2013/Infrasound_Event_12285443
1384381060	2013-11-13T22:17:40	AELUMA event 1384381060	Infrasound	38.97	-87.17	39	EarthScope DS AELUMA	events/2013/Infrasound_Event_12285904
1384386900	2013-11-13T23:55:00	AELUMA event 1384386900	Infrasound	31.78	-79.65	99	EarthScope DS AELUMA	events/2013/Infrasound_Event_12286365
1384387320	2013-11-14T00:02:00	AELUMA event 1384387320	Infrasound	32.5	-79.57	98	EarthScope DS AELUMA	events/2013/Infrasound_Event_12286826
1384388320	2013-11-14T00:18:40	AELUMA event 1384388320	Infrasound	33.48	-78.6	56	EarthScope DS AELUMA	events/2013/Infrasound_Event_12287287
1384390370	2013-11-14T00:52:50	AELUMA event 1384390370	Infrasound	30.17	-80.38	78	EarthScope DS AELUMA	events/2013/Infrasound_Event_12287748
1384390810	2013-11-14T01:00:10	AELUMA event 1384390810	Infrasound	32.53	-79.58	102	EarthScope DS AELUMA	events/2013/Infrasound_Event_12288209
1384444000	2013-11-14T15:46:40	AELUMA event 1384444000	Infrasound	30.68	-85.75	38	EarthScope DS AELUMA	events/2013/Infrasound_Event_12288670
1384456310	2013-11-14T19:11:50	AELUMA event 1384456310	Infrasound	32.45	-83.1	41	EarthScope DS AELUMA	events/2013/Infrasound_Event_12289130
1384462100	2013-11-14T20:48:20	AELUMA event 1384462100	Infrasound	31.15	-84.17	86	EarthScope DS AELUMA	events/2013/Infrasound_Event_12289590
1384462980	2013-11-14T21:03:00	AELUMA event 1384462980	Infrasound	31.23	-85.02	97	EarthScope DS AELUMA	events/2013/Infrasound_Event_12290050
1384474570	2013-11-15T00:16:10	AELUMA event 1384474570	Infrasound	32.57	-79.88	118	EarthScope DS AELUMA	events/2013/Infrasound_Event_12290510
1384475050	2013-11-15T00:24:10	AELUMA event 1384475050	Infrasound	30.7	-83.23	113	EarthScope DS AELUMA	events/2013/Infrasound_Event_12290970
1384475540	2013-11-15T00:32:20	AELUMA event 1384475540	Infrasound	32.87	-79.32	95	EarthScope DS AELUMA	events/2013/Infrasound_Event_12291430
1384477960	2013-11-15T01:12:40	AELUMA event 1384477960	Infrasound	30.33	-84.08	129	EarthScope DS AELUMA	events/2013/Infrasound_Event_12291890
1384478410	2013-11-15T01:20:10	AELUMA event 1384478410	Infrasound	33.03	-79.88	78	EarthScope DS AELUMA	events/2013/Infrasound_Event_12292350
1384533260	2013-11-15T16:34:20	AELUMA event 1384533260	Infrasound	29.48	-82.92	63	EarthScope DS AELUMA	events/2013/Infrasound_Event_12292810
1384543940	2013-11-15T19:32:20	AELUMA event 1384543940	Infrasound	39.72	-73.4	41	EarthScope DS AELUMA	events/2013/Infrasound_Event_12293270
1384544450	2013-11-15T19:40:50	AELUMA event 1384544450	Infrasound	33.35	-78.8	93	EarthScope DS AELUMA	events/2013/Infrasound_Event_12293730
1384622420	2013-11-16T17:20:20	AELUMA event 1384622420	Infrasound	32.3	-79.98	64	EarthScope DS AELUMA	events/2013/Infrasound_Event_12294189
1384623480	2013-11-16T17:38:00	AELUMA event 1384623480	Infrasound	32.95	-79.07	35	EarthScope DS AELUMA	events/2013/Infrasound_Event_12294648
1384624070	2013-11-16T17:47:50	AELUMA event 1384624070	Infrasound	32.82	-79.18	88	EarthScope DS AELUMA	events/2013/Infrasound_Event_12295107
1384630890	2013-11-16T19:41:30	AELUMA event 1384630890	Infrasound	40.88	-72.03	32	EarthScope DS AELUMA	events/2013/Infrasound_Event_12295566
1384633650	2013-11-16T20:27:30	AELUMA event 1384633650	Infrasound	32.1	-79.83	120	EarthScope DS AELUMA	events/2013/Infrasound_Event_12296024
1384637150	2013-11-16T21:25:50	AELUMA event 1384637150	Infrasound	39.87	-74.22	51	EarthScope DS AELUMA	events/2013/Infrasound_Event_12296482
1384646590	2013-11-17T00:03:10	AELUMA event 1384646590	Infrasound	32.52	-79.7	78	EarthScope DS AELUMA	events/2013/Infrasound_Event_12296940
1384647970	2013-11-17T00:26:10	AELUMA event 1384647970	Infrasound	32.53	-79.78	136	EarthScope DS AELUMA	events/2013/Infrasound_Event_12297398
1384650050	2013-11-17T01:00:50	AELUMA event 1384650050	Infrasound	40.15	-73.83	52	EarthScope DS AELUMA	events/2013/Infrasound_Event_12297856
1384723590	2013-11-17T21:26:30	AELUMA event 1384723590	Infrasound	32.75	-79.42	48	EarthScope DS AELUMA	events/2013/Infrasound_Event_12298313
1384828080	2013-11-18T18:28:00	Atlas 5/MAVEN launch, Florida	Rocket launch	28.58	-80.58	135	EarthScope DS TAIRED	events/2013/Infrasound_Event_12676134
1384819820	2013-11-19T00:10:20	AELUMA event 1384819820	Infrasound	33.22	-78.27	28	EarthScope DS AELUMA	events/2013/Infrasound_Event_12298770
1384821140	2013-11-19T00:32:20	AELUMA event 1384821140	Infrasound	30.48	-83.3	69	EarthScope DS AELUMA	events/2013/Infrasound_Event_12299227
1384902240	2013-11-19T23:04:00	AELUMA event 1384902240	Infrasound	34.2	-75.5	38	EarthScope DS AELUMA	events/2013/Infrasound_Event_12299684
1384910410	2013-11-20T01:20:10	AELUMA event 1384910410	Infrasound	33.53	-78.73	72	EarthScope DS AELUMA	events/2013/Infrasound_Event_12300141
1384911030	2013-11-20T01:30:30	AELUMA event 1384911030	Infrasound	32.35	-86.13	101	EarthScope DS AELUMA	events/2013/Infrasound_Event_12300598
1384911390	2013-11-20T01:36:30	AELUMA event 1384911390	Infrasound	33.6	-78.95	39	EarthScope DS AELUMA	events/2013/Infrasound_Event_12301055
1384911660	2013-11-20T01:41:00	AELUMA event 1384911660	Infrasound	30.9	-86.58	155	EarthScope DS AELUMA	events/2013/Infrasound_Event_12301512
1384912680	2013-11-20T01:58:00	AELUMA event 1384912680	Infrasound	30.62	-86.4	84	EarthScope DS AELUMA	events/2013/Infrasound_Event_12301969
1384978500	2013-11-20T20:15:00	AELUMA event 1384978500	Infrasound	38.97	-75.97	47	EarthScope DS AELUMA	events/2013/Infrasound_Event_12302425
1384979770	2013-11-20T20:36:10	AELUMA event 1384979770	Infrasound	39.67	-73.88	71	EarthScope DS AELUMA	events/2013/Infrasound_Event_12302881
1384985850	2013-11-20T22:17:30	AELUMA event 1384985850	Infrasound	39.07	-87.2	63	EarthScope DS AELUMA	events/2013/Infrasound_Event_12303337
1384988230	2013-11-20T22:57:10	AELUMA event 1384988230	Infrasound	40.52	-69.87	49	EarthScope DS AELUMA	events/2013/Infrasound_Event_12303793
1384992870	2013-11-21T00:14:30	AELUMA event 1384992870	Infrasound	33.43	-78.78	90	EarthScope DS AELUMA	events/2013/Infrasound_Event_12304249
1384993390	2013-11-21T00:23:10	AELUMA event 1384993390	Infrasound	32.93	-79.62	115	EarthScope DS AELUMA	events/2013/Infrasound_Event_12304705
1384995430	2013-11-21T00:57:10	AELUMA event 1384995430	Infrasound	32.75	-86.17	91	EarthScope DS AELUMA	events/2013/Infrasound_Event_12305161
1384996370	2013-11-21T01:12:50	AELUMA event 1384996370	Infrasound	39.4	-74.8	51	EarthScope DS AELUMA	events/2013/Infrasound_Event_12305617
1384998840	2013-11-21T01:54:00	AELUMA event 1384998840	Infrasound	33.7	-83.78	121	EarthScope DS AELUMA	events/2013/Infrasound_Event_12306073
1385003790	2013-11-21T03:16:30	AELUMA event 1385003790	Infrasound	39.0	-74.87	35	EarthScope DS AELUMA	events/2013/Infrasound_Event_12306529
1385062500	2013-11-21T19:35:00	AELUMA event 1385062500	Infrasound	32.93	-79.57	97	EarthScope DS AELUMA	events/2013/Infrasound_Event_12306985
1385067350	2013-11-21T20:55:50	AELUMA event 1385067350	Infrasound	32.15	-83.7	40	EarthScope DS AELUMA	events/2013/Infrasound_Event_12307441
1385069920	2013-11-21T21:38:40	AELUMA event 1385069920	Infrasound	36.97	-82.5	34	EarthScope DS AELUMA	events/2013/Infrasound_Event_12307897
1385074140	2013-11-21T22:49:00	AELUMA event 1385074140	Infrasound	40.2	-70.57	26	EarthScope DS AELUMA	events/2013/Infrasound_Event_12308353
1385083600	2013-11-22T01:26:40	AELUMA event 1385083600	Infrasound	30.3	-86.83	50	EarthScope DS AELUMA	events/2013/Infrasound_Event_12308809
1385085080	2013-11-22T01:51:20	AELUMA event 1385085080	Infrasound	32.73	-83.37	58	EarthScope DS AELUMA	events/2013/Infrasound_Event_12309265
1385151760	2013-11-22T20:22:40	AELUMA event 1385151760	Infrasound	39.93	-74.6	44	EarthScope DS AELUMA	events/2013/Infrasound_Event_12309721
1385152260	2013-11-22T20:31:00	AELUMA event 1385152260	Infrasound	39.47	-74.73	46	EarthScope DS AELUMA	events/2013/Infrasound_Event_12310177
1385153470	2013-11-22T20:51:10	AELUMA event 1385153470	Infrasound	40.08	-74.57	36	EarthScope DS AELUMA	events/2013/Infrasound_Event_12310633
1385331520	2013-11-24T22:18:40	AELUMA event 1385331520	Infrasound	38.92	-87.1	77	EarthScope DS AELUMA	events/2013/Infrasound_Event_12311088
1385415500	2013-11-25T21:38:20	AELUMA event 1385415500	Infrasound	32.42	-82.95	80	EarthScope DS AELUMA	events/2013/Infrasound_Event_12311543
1385419020	2013-11-25T22:37:00	AELUMA event 1385419020	Infrasound	34.05	-75.68	35	EarthScope DS AELUMA	events/2013/Infrasound_Event_12311998
1385476510	2013-11-26T14:35:10	AELUMA event 1385476510	Infrasound	37.92	-73.22	40	EarthScope DS AELUMA	events/2013/Infrasound_Event_12312453
1385478230	2013-11-26T15:03:50	AELUMA event 1385478230	Infrasound	37.43	-73.17	62	EarthScope DS AELUMA	events/2013/Infrasound_Event_12312908
1385482700	2013-11-26T16:18:20	AELUMA event 1385482700	Infrasound	33.58	-78.85	50	EarthScope DS AELUMA	events/2013/Infrasound_Event_12313363
1385497850	2013-11-26T20:30:50	AELUMA event 1385497850	Infrasound	39.38	-73.13	39	EarthScope DS AELUMA	events/2013/Infrasound_Event_12313818
1385513330	2013-11-27T00:48:50	AELUMA event 1385513330	Infrasound	45.25	-74.25	33	EarthScope DS AELUMA	events/2013/Infrasound_Event_12314273
1385513330	2013-11-27T00:49:15	Meteor, Montreal Canada	Bolide	45.0	-74.2	131	Wayne Edwards, NRC	events/2013/Infrasound_Event_12677771
1385706150	2013-11-29T06:22:30	AELUMA event 1385706150	Infrasound	40.53	-88.32	60	EarthScope DS AELUMA	events/2013/Infrasound_Event_12314728
1385706320	2013-11-29T06:25:20	AELUMA event 1385706320	Infrasound	38.78	-87.2	139	EarthScope DS AELUMA	events/2013/Infrasound_Event_12315183
1385706400	2013-11-29T06:26:40	AELUMA event 1385706400	Infrasound	37.22	-87.72	110	EarthScope DS AELUMA	events/2013/Infrasound_Event_12315638
1385760730	2013-11-29T21:32:10	AELUMA event 1385760730	Infrasound	42.97	-80.83	36	EarthScope DS AELUMA	events/2013/Infrasound_Event_12316089
1385849940	2013-11-30T22:19:00	AELUMA event 1385849940	Infrasound	39.03	-86.8	60	EarthScope DS AELUMA	events/2013/Infrasound_Event_12316534
1385933880	2013-12-01T21:38:00	AELUMA event 1385933880	Infrasound	38.32	-86.82	141	EarthScope DS AELUMA	events/2013/Infrasound_Event_12316979
1385935700	2013-12-01T22:08:20	AELUMA event 1385935700	Infrasound	38.93	-86.7	72	EarthScope DS AELUMA	events/2013/Infrasound_Event_12317424
1386001740	2013-12-02T16:29:00	AELUMA event 1386001740	Infrasound	38.1	-74.03	28	EarthScope DS AELUMA	events/2013/Infrasound_Event_12317869
1386003000	2013-12-02T16:50:00	AELUMA event 1386003000	Infrasound	38.0	-72.83	69	EarthScope DS AELUMA	events/2013/Infrasound_Event_12318314
1386017640	2013-12-02T20:54:00	AELUMA event 1386017640	Infrasound	40.2	-81.18	58	EarthScope DS AELUMA	events/2013/Infrasound_Event_12318759
1386017920	2013-12-02T20:58:40	AELUMA event 1386017920	Infrasound	36.85	-83.08	40	EarthScope DS AELUMA	events/2013/Infrasound_Event_12319204
1386021760	2013-12-02T22:02:40	AELUMA event 1386021760	Infrasound	37.35	-82.03	39	EarthScope DS AELUMA	events/2013/Infrasound_Event_12319649
1386022880	2013-12-02T22:21:20	AELUMA event 1386022880	Infrasound	38.78	-86.42	82	EarthScope DS AELUMA	events/2013/Infrasound_Event_12320094
1386024610	2013-12-02T22:50:10	AELUMA event 1386024610	Infrasound	37.63	-73.17	65	EarthScope DS AELUMA	events/2013/Infrasound_Event_12320539
1386030900	2013-12-03T00:35:00	AELUMA event 1386030900	Infrasound	37.97	-72.83	60	EarthScope DS AELUMA	events/2013/Infrasound_Event_12320984
1386031940	2013-12-03T00:52:20	AELUMA event 1386031940	Infrasound	37.77	-73.02	60	EarthScope DS AELUMA	events/2013/Infrasound_Event_12321429
1386047290	2013-12-03T05:08:10	AELUMA event 1386047290	Infrasound	30.82	-86.83	56	EarthScope DS AELUMA	events/2013/Infrasound_Event_12321874
1386079980	2013-12-03T14:13:00	AELUMA event 1386079980	Infrasound	33.83	-76.12	99	EarthScope DS AELUMA	events/2013/Infrasound_Event_12322319
1386081370	2013-12-03T14:36:10	AELUMA event 1386081370	Infrasound	35.82	-76.35	41	EarthScope DS AELUMA	events/2013/Infrasound_Event_12322764
1386084000	2013-12-03T15:20:00	AELUMA event 1386084000	Infrasound	35.32	-76.27	82	EarthScope DS AELUMA	events/2013/Infrasound_Event_12323209
1386085290	2013-12-03T15:41:30	AELUMA event 1386085290	Infrasound	39.1	-83.15	86	EarthScope DS AELUMA	events/2013/Infrasound_Event_12323654
1386102070	2013-12-03T20:21:10	AELUMA event 1386102070	Infrasound	40.4	-72.95	43	EarthScope DS AELUMA	events/2013/Infrasound_Event_12324099
1386105540	2013-12-03T21:19:00	AELUMA event 1386105540	Infrasound	38.25	-74.17	81	EarthScope DS AELUMA	events/2013/Infrasound_Event_12324544
1386105670	2013-12-03T21:21:10	AELUMA event 1386105670	Infrasound	37.97	-81.85	40	EarthScope DS AELUMA	events/2013/Infrasound_Event_12324989
1386108090	2013-12-03T22:01:30	AELUMA event 1386108090	Infrasound	38.17	-80.27	37	EarthScope DS AELUMA	events/2013/Infrasound_Event_12325434
1386111770	2013-12-03T23:02:50	AELUMA event 1386111770	Infrasound	38.15	-72.82	71	EarthScope DS AELUMA	events/2013/Infrasound_Event_12325879
1386111920	2013-12-03T23:05:20	AELUMA event 1386111920	Infrasound	32.28	-78.6	57	EarthScope DS AELUMA	events/2013/Infrasound_Event_12326324
1386114470	2013-12-03T23:47:50	AELUMA event 1386114470	Infrasound	38.52	-75.67	65	EarthScope DS AELUMA	events/2013/Infrasound_Event_12326769
1386116900	2013-12-04T00:28:20	AELUMA event 1386116900	Infrasound	38.23	-74.25	51	EarthScope DS AELUMA	events/2013/Infrasound_Event_12327214
1386166200	2013-12-04T14:10:00	AELUMA event 1386166200	Infrasound	35.47	-76.4	59	EarthScope DS AELUMA	events/2013/Infrasound_Event_12327659
1386187880	2013-12-04T20:11:20	AELUMA event 1386187880	Infrasound	32.3	-83.42	82	EarthScope DS AELUMA	events/2013/Infrasound_Event_12328104
1386190420	2013-12-04T20:53:40	AELUMA event 1386190420	Infrasound	30.2	-85.18	36	EarthScope DS AELUMA	events/2013/Infrasound_Event_12328549
1386191290	2013-12-04T21:08:10	AELUMA event 1386191290	Infrasound	37.2	-81.12	49	EarthScope DS AELUMA	events/2013/Infrasound_Event_12328994
1386198080	2013-12-04T23:01:20	AELUMA event 1386198080	Infrasound	37.87	-72.93	41	EarthScope DS AELUMA	events/2013/Infrasound_Event_12329439
1386205680	2013-12-05T01:08:00	AELUMA event 1386205680	Infrasound	37.25	-74.7	33	EarthScope DS AELUMA	events/2013/Infrasound_Event_12329884
1386451860	2013-12-07T21:31:00	AELUMA event 1386451860	Infrasound	38.5	-87.07	42	EarthScope DS AELUMA	events/2013/Infrasound_Event_12330329
1386454770	2013-12-07T22:19:30	AELUMA event 1386454770	Infrasound	38.72	-87.13	40	EarthScope DS AELUMA	events/2013/Infrasound_Event_12330774
1386617660	2013-12-09T19:34:20	AELUMA event 1386617660	Infrasound	31.55	-82.9	53	EarthScope DS AELUMA	events/2013/Infrasound_Event_12331219
1386776130	2013-12-11T15:35:30	AELUMA event 1386776130	Infrasound	31.97	-85.75	42	EarthScope DS AELUMA	events/2013/Infrasound_Event_12331663
1386790770	2013-12-11T19:39:30	AELUMA event 1386790770	Infrasound	32.35	-83.75	40	EarthScope DS AELUMA	events/2013/Infrasound_Event_12332106
1386795180	2013-12-11T20:53:00	AELUMA event 1386795180	Infrasound	33.45	-82.73	24	EarthScope DS AELUMA	events/2013/Infrasound_Event_12332549
1386796440	2013-12-11T21:14:00	AELUMA event 1386796440	Infrasound	33.03	-78.52	60	EarthScope DS AELUMA	events/2013/Infrasound_Event_12332992
1386799740	2013-12-11T22:09:00	AELUMA event 1386799740	Infrasound	33.78	-86.93	37	EarthScope DS AELUMA	events/2013/Infrasound_Event_12333435
1386884100	2013-12-12T21:35:00	AELUMA event 1386884100	Infrasound	31.17	-82.35	58	EarthScope DS AELUMA	events/2013/Infrasound_Event_12333876
1386884740	2013-12-12T21:45:40	AELUMA event 1386884740	Infrasound	31.0	-82.65	106	EarthScope DS AELUMA	events/2013/Infrasound_Event_12334317
1386886500	2013-12-12T22:15:00	AELUMA event 1386886500	Infrasound	30.88	-82.45	29	EarthScope DS AELUMA	events/2013/Infrasound_Event_12334758
1386907990	2013-12-13T04:13:10	AELUMA event 1386907990	Infrasound	33.43	-87.47	22	EarthScope DS AELUMA	events/2013/Infrasound_Event_12335199
1386945730	2013-12-13T14:42:10	AELUMA event 1386945730	Infrasound	30.28	-83.72	48	EarthScope DS AELUMA	events/2013/Infrasound_Event_12335640
1386946710	2013-12-13T14:58:30	AELUMA event 1386946710	Infrasound	29.8	-85.07	42	EarthScope DS AELUMA	events/2013/Infrasound_Event_12336081
1386952000	2013-12-13T16:26:40	AELUMA event 1386952000	Infrasound	29.77	-83.28	53	EarthScope DS AELUMA	events/2013/Infrasound_Event_12336522
1386963950	2013-12-13T19:45:50	AELUMA event 1386963950	Infrasound	31.38	-83.8	85	EarthScope DS AELUMA	events/2013/Infrasound_Event_12336963
1386968260	2013-12-13T20:57:40	AELUMA event 1386968260	Infrasound	38.3	-82.72	31	EarthScope DS AELUMA	events/2013/Infrasound_Event_12337404
1386973560	2013-12-13T22:26:00	AELUMA event 1386973560	Infrasound	33.87	-87.12	53	EarthScope DS AELUMA	events/2013/Infrasound_Event_12337845
1387203810	2013-12-16T14:23:30	AELUMA event 1387203810	Infrasound	30.48	-83.33	56	EarthScope DS AELUMA	events/2013/Infrasound_Event_12338285
1387225910	2013-12-16T20:31:50	AELUMA event 1387225910	Infrasound	33.02	-82.63	47	EarthScope DS AELUMA	events/2013/Infrasound_Event_12338724
1387228890	2013-12-16T21:21:30	AELUMA event 1387228890	Infrasound	35.82	-76.55	36	EarthScope DS AELUMA	events/2013/Infrasound_Event_12339163
1387229390	2013-12-16T21:29:50	AELUMA event 1387229390	Infrasound	37.25	-82.67	32	EarthScope DS AELUMA	events/2013/Infrasound_Event_12339602
1387229800	2013-12-16T21:36:40	AELUMA event 1387229800	Infrasound	31.05	-82.2	107	EarthScope DS AELUMA	events/2013/Infrasound_Event_12340041
1387234070	2013-12-16T22:47:50	AELUMA event 1387234070	Infrasound	34.25	-80.52	33	EarthScope DS AELUMA	events/2013/Infrasound_Event_12340480
1387292420	2013-12-17T15:00:20	AELUMA event 1387292420	Infrasound	32.3	-83.65	35	EarthScope DS AELUMA	events/2013/Infrasound_Event_12340919
1387309970	2013-12-17T19:52:50	AELUMA event 1387309970	Infrasound	38.52	-73.28	38	EarthScope DS AELUMA	events/2013/Infrasound_Event_12341357
1387375850	2013-12-18T14:10:50	AELUMA event 1387375850	Infrasound	40.2	-74.08	38	EarthScope DS AELUMA	events/2013/Infrasound_Event_12341795
1387376310	2013-12-18T14:18:30	AELUMA event 1387376310	Infrasound	39.85	-72.85	47	EarthScope DS AELUMA	events/2013/Infrasound_Event_12342233
1387379880	2013-12-18T15:18:00	AELUMA event 1387379880	Infrasound	39.98	-73.42	63	EarthScope DS AELUMA	events/2013/Infrasound_Event_12342671
1387396600	2013-12-18T19:56:40	AELUMA event 1387396600	Infrasound	40.38	-73.57	39	EarthScope DS AELUMA	events/2013/Infrasound_Event_12343109
1387400500	2013-12-18T21:01:40	AELUMA event 1387400500	Infrasound	40.0	-73.07	27	EarthScope DS AELUMA	events/2013/Infrasound_Event_12343547
1387403410	2013-12-18T21:50:10	AELUMA event 1387403410	Infrasound	33.78	-86.75	37	EarthScope DS AELUMA	events/2013/Infrasound_Event_12343985
1387404410	2013-12-18T22:06:50	AELUMA event 1387404410	Infrasound	33.93	-86.9	78	EarthScope DS AELUMA	events/2013/Infrasound_Event_12344423
1387404670	2013-12-18T22:11:10	AELUMA event 1387404670	Infrasound	33.6	-81.12	57	EarthScope DS AELUMA	events/2013/Infrasound_Event_12344861
1387407300	2013-12-18T22:55:00	AELUMA event 1387407300	Infrasound	35.05	-88.52	39	EarthScope DS AELUMA	events/2013/Infrasound_Event_12345299
1387407830	2013-12-18T23:03:50	AELUMA event 1387407830	Infrasound	37.53	-74.58	58	EarthScope DS AELUMA	events/2013/Infrasound_Event_12345737
1387411530	2013-12-19T00:05:30	AELUMA event 1387411530	Infrasound	39.25	-73.17	59	EarthScope DS AELUMA	events/2013/Infrasound_Event_12346175
1387411670	2013-12-19T00:07:50	AELUMA event 1387411670	Infrasound	31.18	-84.57	64	EarthScope DS AELUMA	events/2013/Infrasound_Event_12346613
1387461690	2013-12-19T14:01:30	AELUMA event 1387461690	Infrasound	31.1	-83.28	64	EarthScope DS AELUMA	events/2013/Infrasound_Event_12347051
1387486530	2013-12-19T20:55:30	AELUMA event 1387486530	Infrasound	37.23	-79.27	60	EarthScope DS AELUMA	events/2013/Infrasound_Event_12347479
1387490270	2013-12-19T21:57:50	AELUMA event 1387490270	Infrasound	37.75	-86.07	50	EarthScope DS AELUMA	events/2013/Infrasound_Event_12347907
1387491720	2013-12-19T22:22:00	AELUMA event 1387491720	Infrasound	37.67	-82.55	28	EarthScope DS AELUMA	events/2013/Infrasound_Event_12348335
1387493400	2013-12-19T22:50:00	AELUMA event 1387493400	Infrasound	31.4	-83.75	69	EarthScope DS AELUMA	events/2013/Infrasound_Event_12348763
1387496620	2013-12-19T23:43:40	AELUMA event 1387496620	Infrasound	31.73	-85.23	47	EarthScope DS AELUMA	events/2013/Infrasound_Event_12349191
1387499170	2013-12-20T00:26:10	AELUMA event 1387499170	Infrasound	38.92	-72.7	32	EarthScope DS AELUMA	events/2013/Infrasound_Event_12349619
1387499230	2013-12-20T00:27:10	AELUMA event 1387499230	Infrasound	37.25	-76.03	42	EarthScope DS AELUMA	events/2013/Infrasound_Event_12350047
1387575620	2013-12-20T21:40:20	AELUMA event 1387575620	Infrasound	33.97	-86.98	28	EarthScope DS AELUMA	events/2013/Infrasound_Event_12350474
1388087960	2013-12-26T19:59:20	AELUMA event 1388087960	Infrasound	32.45	-84.12	72	EarthScope DS AELUMA	events/2013/Infrasound_Event_12350898
1388093600	2013-12-26T21:33:20	AELUMA event 1388093600	Infrasound	37.12	-82.6	38	EarthScope DS AELUMA	events/2013/Infrasound_Event_12351322
1388094370	2013-12-26T21:46:10	AELUMA event 1388094370	Infrasound	33.78	-87.23	23	EarthScope DS AELUMA	events/2013/Infrasound_Event_12351746
1388182720	2013-12-27T22:18:40	AELUMA event 1388182720	Infrasound	38.92	-86.6	38	EarthScope DS AELUMA	events/2013/Infrasound_Event_12352170
1388429440	2013-12-30T18:50:40	AELUMA event 1388429440	Infrasound	33.92	-76.93	46	EarthScope DS AELUMA	events/2013/Infrasound_Event_12352594
1388438380	2013-12-30T21:19:40	AELUMA event 1388438380	Infrasound	34.0	-84.7	44	EarthScope DS AELUMA	events/2013/Infrasound_Event_12353018
1388439350	2013-12-30T21:35:50	AELUMA event 1388439350	Infrasound	34.58	-84.5	78	EarthScope DS AELUMA	events/2013/Infrasound_Event_12353442
1389127210	2014-01-07T20:40:10	AELUMA event 1389127210	Infrasound	31.28	-85.72	40	EarthScope DS AELUMA	events/2014/Infrasound_Event_12353866
1389127800	2014-01-07T20:50:00	AELUMA event 1389127800	Infrasound	31.38	-85.85	62	EarthScope DS AELUMA	events/2014/Infrasound_Event_12354290
1389133980	2014-01-07T22:33:00	AELUMA event 1389133980	Infrasound	33.68	-86.88	30	EarthScope DS AELUMA	events/2014/Infrasound_Event_12354714
1389151640	2014-01-08T03:27:20	AELUMA event 1389151640	Infrasound	32.67	-78.02	56	EarthScope DS AELUMA	events/2014/Infrasound_Event_12355138
1389192550	2014-01-08T14:49:10	AELUMA event 1389192550	Infrasound	30.25	-85.0	44	EarthScope DS AELUMA	events/2014/Infrasound_Event_12355562
1389194580	2014-01-08T15:23:00	AELUMA event 1389194580	Infrasound	31.72	-83.65	78	EarthScope DS AELUMA	events/2014/Infrasound_Event_12355986
1389195060	2014-01-08T15:31:00	AELUMA event 1389195060	Infrasound	36.75	-74.67	24	EarthScope DS AELUMA	events/2014/Infrasound_Event_12356410
1389200620	2014-01-08T17:03:40	AELUMA event 1389200620	Infrasound	38.43	-73.9	32	EarthScope DS AELUMA	events/2014/Infrasound_Event_12356834
1389212100	2014-01-08T20:15:00	AELUMA event 1389212100	Infrasound	31.35	-85.72	63	EarthScope DS AELUMA	events/2014/Infrasound_Event_12357258
1389213810	2014-01-08T20:43:30	AELUMA event 1389213810	Infrasound	32.48	-84.08	71	EarthScope DS AELUMA	events/2014/Infrasound_Event_12357682
1389214310	2014-01-08T20:51:50	AELUMA event 1389214310	Infrasound	31.4	-83.73	52	EarthScope DS AELUMA	events/2014/Infrasound_Event_12358106
1389214950	2014-01-08T21:02:30	AELUMA event 1389214950	Infrasound	39.05	-72.7	39	EarthScope DS AELUMA	events/2014/Infrasound_Event_12358530
1389216790	2014-01-08T21:33:10	AELUMA event 1389216790	Infrasound	39.05	-72.65	26	EarthScope DS AELUMA	events/2014/Infrasound_Event_12358954
1389218830	2014-01-08T22:07:10	AELUMA event 1389218830	Infrasound	35.48	-76.47	79	EarthScope DS AELUMA	events/2014/Infrasound_Event_12359378
1389281250	2014-01-09T15:27:30	AELUMA event 1389281250	Infrasound	31.73	-86.57	44	EarthScope DS AELUMA	events/2014/Infrasound_Event_12359802
1389297960	2014-01-09T20:06:00	AELUMA event 1389297960	Infrasound	38.98	-72.67	36	EarthScope DS AELUMA	events/2014/Infrasound_Event_12360226
1389298420	2014-01-09T20:13:40	AELUMA event 1389298420	Infrasound	37.82	-74.2	58	EarthScope DS AELUMA	events/2014/Infrasound_Event_12360650
1389298730	2014-01-09T20:18:50	AELUMA event 1389298730	Infrasound	32.1	-85.03	67	EarthScope DS AELUMA	events/2014/Infrasound_Event_12361074
1389364530	2014-01-10T14:35:30	AELUMA event 1389364530	Infrasound	36.92	-73.93	88	EarthScope DS AELUMA	events/2014/Infrasound_Event_12361498
1389380310	2014-01-10T18:58:30	AELUMA event 1389380310	Infrasound	36.63	-73.73	30	EarthScope DS AELUMA	events/2014/Infrasound_Event_12361922
1389643900	2014-01-13T20:11:40	AELUMA event 1389643900	Infrasound	29.48	-84.05	41	EarthScope DS AELUMA	events/2014/Infrasound_Event_12362346
1389657430	2014-01-13T23:57:10	AELUMA event 1389657430	Infrasound	39.07	-73.42	56	EarthScope DS AELUMA	events/2014/Infrasound_Event_12362770
1389657850	2014-01-14T00:04:10	AELUMA event 1389657850	Infrasound	38.07	-73.75	36	EarthScope DS AELUMA	events/2014/Infrasound_Event_12363194
1389739800	2014-01-14T22:50:00	AELUMA event 1389739800	Infrasound	29.88	-82.93	58	EarthScope DS AELUMA	events/2014/Infrasound_Event_12363618
1389743960	2014-01-14T23:59:20	AELUMA event 1389743960	Infrasound	34.4	-74.93	60	EarthScope DS AELUMA	events/2014/Infrasound_Event_12364042
1389743970	2014-01-14T23:59:30	AELUMA event 1389743970	Infrasound	38.58	-73.32	115	EarthScope DS AELUMA	events/2014/Infrasound_Event_12364466
1389776780	2014-01-15T09:06:20	AELUMA event 1389776780	Infrasound	37.78	-74.73	37	EarthScope DS AELUMA	events/2014/Infrasound_Event_12364890
1389795350	2014-01-15T14:15:50	AELUMA event 1389795350	Infrasound	30.92	-79.6	47	EarthScope DS AELUMA	events/2014/Infrasound_Event_12365314
1389801170	2014-01-15T15:52:50	AELUMA event 1389801170	Infrasound	31.15	-82.32	51	EarthScope DS AELUMA	events/2014/Infrasound_Event_12365738
1389807840	2014-01-15T17:44:00	AELUMA event 1389807840	Infrasound	33.23	-78.52	41	EarthScope DS AELUMA	events/2014/Infrasound_Event_12366162
1389815840	2014-01-15T19:57:20	AELUMA event 1389815840	Infrasound	40.15	-72.57	32	EarthScope DS AELUMA	events/2014/Infrasound_Event_12366586
1389816660	2014-01-15T20:11:00	AELUMA event 1389816660	Infrasound	36.55	-74.93	26	EarthScope DS AELUMA	events/2014/Infrasound_Event_12367010
1389822230	2014-01-15T21:43:50	AELUMA event 1389822230	Infrasound	33.3	-80.7	31	EarthScope DS AELUMA	events/2014/Infrasound_Event_12367434
1389829800	2014-01-15T23:50:00	AELUMA event 1389829800	Infrasound	38.5	-74.05	80	EarthScope DS AELUMA	events/2014/Infrasound_Event_12367858
1389889040	2014-01-16T16:17:20	AELUMA event 1389889040	Infrasound	31.4	-83.18	38	EarthScope DS AELUMA	events/2014/Infrasound_Event_12368282
1389904800	2014-01-16T20:40:00	AELUMA event 1389904800	Infrasound	36.5	-74.22	117	EarthScope DS AELUMA	events/2014/Infrasound_Event_12368706
1389905660	2014-01-16T20:54:20	AELUMA event 1389905660	Infrasound	36.62	-80.28	35	EarthScope DS AELUMA	events/2014/Infrasound_Event_12369130
1389907350	2014-01-16T21:22:30	AELUMA event 1389907350	Infrasound	33.97	-81.03	29	EarthScope DS AELUMA	events/2014/Infrasound_Event_12369554
1389909930	2014-01-16T22:05:30	AELUMA event 1389909930	Infrasound	37.78	-81.13	59	EarthScope DS AELUMA	events/2014/Infrasound_Event_12369978
1389911740	2014-01-16T22:35:40	AELUMA event 1389911740	Infrasound	30.02	-81.88	69	EarthScope DS AELUMA	events/2014/Infrasound_Event_12370402
1389915780	2014-01-16T23:43:00	AELUMA event 1389915780	Infrasound	36.57	-74.68	120	EarthScope DS AELUMA	events/2014/Infrasound_Event_12370826
1389916910	2014-01-17T00:01:50	AELUMA event 1389916910	Infrasound	39.75	-73.45	69	EarthScope DS AELUMA	events/2014/Infrasound_Event_12371250
1389917660	2014-01-17T00:14:20	AELUMA event 1389917660	Infrasound	37.87	-73.4	129	EarthScope DS AELUMA	events/2014/Infrasound_Event_12371674
1390020030	2014-01-18T04:40:30	AELUMA event 1390020030	Infrasound	36.02	-74.73	49	EarthScope DS AELUMA	events/2014/Infrasound_Event_12372098
1390431450	2014-01-22T22:57:30	AELUMA event 1390431450	Infrasound	31.48	-84.83	82	EarthScope DS AELUMA	events/2014/Infrasound_Event_12372522
1390609170	2014-01-25T00:19:30	AELUMA event 1390609170	Infrasound	31.48	-79.65	40	EarthScope DS AELUMA	events/2014/Infrasound_Event_12372945
1390868510	2014-01-28T00:21:50	AELUMA event 1390868510	Infrasound	31.25	-79.98	29	EarthScope DS AELUMA	events/2014/Infrasound_Event_12373367
1390869290	2014-01-28T00:34:50	AELUMA event 1390869290	Infrasound	31.22	-79.83	26	EarthScope DS AELUMA	events/2014/Infrasound_Event_12373789
1390948560	2014-01-28T22:36:00	AELUMA event 1390948560	Infrasound	38.05	-87.33	25	EarthScope DS AELUMA	events/2014/Infrasound_Event_12374210
1390958300	2014-01-29T01:18:20	AELUMA event 1390958300	Infrasound	38.07	-83.08	51	EarthScope DS AELUMA	events/2014/Infrasound_Event_12374631
1391026980	2014-01-29T20:23:00	AELUMA event 1391026980	Infrasound	31.63	-78.98	40	EarthScope DS AELUMA	events/2014/Infrasound_Event_12375051
1391118560	2014-01-30T21:49:20	AELUMA event 1391118560	Infrasound	33.35	-80.17	35	EarthScope DS AELUMA	events/2014/Infrasound_Event_12375470
1391120330	2014-01-30T22:18:50	AELUMA event 1391120330	Infrasound	33.62	-79.32	32	EarthScope DS AELUMA	events/2014/Infrasound_Event_12375889
1391126470	2014-01-31T00:01:10	AELUMA event 1391126470	Infrasound	31.8	-79.65	133	EarthScope DS AELUMA	events/2014/Infrasound_Event_12376308
1391127680	2014-01-31T00:21:20	AELUMA event 1391127680	Infrasound	32.43	-79.42	91	EarthScope DS AELUMA	events/2014/Infrasound_Event_12376727
1391137050	2014-01-31T02:57:30	AELUMA event 1391137050	Infrasound	30.85	-86.05	121	EarthScope DS AELUMA	events/2014/Infrasound_Event_12377146
1391193430	2014-01-31T18:37:10	AELUMA event 1391193430	Infrasound	32.3	-79.32	42	EarthScope DS AELUMA	events/2014/Infrasound_Event_12377565
1391204650	2014-01-31T21:44:10	AELUMA event 1391204650	Infrasound	38.17	-81.4	46	EarthScope DS AELUMA	events/2014/Infrasound_Event_12377984
1391205180	2014-01-31T21:53:00	AELUMA event 1391205180	Infrasound	33.15	-79.22	93	EarthScope DS AELUMA	events/2014/Infrasound_Event_12378403
1391217820	2014-02-01T01:23:40	AELUMA event 1391217820	Infrasound	31.27	-86.52	61	EarthScope DS AELUMA	events/2014/Infrasound_Event_12378822
1391218520	2014-02-01T01:35:20	AELUMA event 1391218520	Infrasound	32.82	-84.93	250	EarthScope DS AELUMA	events/2014/Infrasound_Event_12379241
1391456560	2014-02-03T19:42:40	AELUMA event 1391456560	Infrasound	33.55	-80.08	66	EarthScope DS AELUMA	events/2014/Infrasound_Event_12379660
1391459640	2014-02-03T20:34:00	AELUMA event 1391459640	Infrasound	40.37	-72.77	33	EarthScope DS AELUMA	events/2014/Infrasound_Event_12380079
1391521810	2014-02-04T13:50:10	AELUMA event 1391521810	Infrasound	35.95	-74.68	65	EarthScope DS AELUMA	events/2014/Infrasound_Event_12380498
1391523420	2014-02-04T14:17:00	AELUMA event 1391523420	Infrasound	39.53	-73.95	94	EarthScope DS AELUMA	events/2014/Infrasound_Event_12380917
1391528500	2014-02-04T15:41:40	AELUMA event 1391528500	Infrasound	37.15	-76.12	35	EarthScope DS AELUMA	events/2014/Infrasound_Event_12381336
1391537190	2014-02-04T18:06:30	AELUMA event 1391537190	Infrasound	36.53	-76.2	112	EarthScope DS AELUMA	events/2014/Infrasound_Event_12381755
1391541230	2014-02-04T19:13:50	AELUMA event 1391541230	Infrasound	38.55	-73.92	71	EarthScope DS AELUMA	events/2014/Infrasound_Event_12382174
1391542820	2014-02-04T19:40:20	AELUMA event 1391542820	Infrasound	38.53	-74.28	78	EarthScope DS AELUMA	events/2014/Infrasound_Event_12382593
1391544430	2014-02-04T20:07:10	AELUMA event 1391544430	Infrasound	36.8	-76.52	79	EarthScope DS AELUMA	events/2014/Infrasound_Event_12383012
1391545190	2014-02-04T20:19:50	AELUMA event 1391545190	Infrasound	36.77	-77.03	117	EarthScope DS AELUMA	events/2014/Infrasound_Event_12383431
1391547300	2014-02-04T20:55:00	AELUMA event 1391547300	Infrasound	39.35	-73.52	29	EarthScope DS AELUMA	events/2014/Infrasound_Event_12383850
1391548900	2014-02-04T21:21:40	AELUMA event 1391548900	Infrasound	36.63	-74.37	35	EarthScope DS AELUMA	events/2014/Infrasound_Event_12384269
1391697190	2014-02-06T14:33:10	AELUMA event 1391697190	Infrasound	39.48	-73.55	72	EarthScope DS AELUMA	events/2014/Infrasound_Event_12384686
1391697630	2014-02-06T14:40:30	AELUMA event 1391697630	Infrasound	31.58	-79.57	71	EarthScope DS AELUMA	events/2014/Infrasound_Event_12385103
1391698670	2014-02-06T14:57:50	AELUMA event 1391698670	Infrasound	32.15	-79.17	75	EarthScope DS AELUMA	events/2014/Infrasound_Event_12385520
1391699660	2014-02-06T15:14:20	AELUMA event 1391699660	Infrasound	32.2	-79.65	80	EarthScope DS AELUMA	events/2014/Infrasound_Event_12385937
1391700240	2014-02-06T15:24:00	AELUMA event 1391700240	Infrasound	39.43	-72.17	48	EarthScope DS AELUMA	events/2014/Infrasound_Event_12386354
1391705440	2014-02-06T16:50:40	AELUMA event 1391705440	Infrasound	37.97	-74.93	40	EarthScope DS AELUMA	events/2014/Infrasound_Event_12386771
1391715280	2014-02-06T19:34:40	AELUMA event 1391715280	Infrasound	31.97	-78.73	124	EarthScope DS AELUMA	events/2014/Infrasound_Event_12387188
1391717750	2014-02-06T20:15:50	AELUMA event 1391717750	Infrasound	32.15	-85.08	40	EarthScope DS AELUMA	events/2014/Infrasound_Event_12387605
1391719350	2014-02-06T20:42:30	AELUMA event 1391719350	Infrasound	38.58	-73.7	48	EarthScope DS AELUMA	events/2014/Infrasound_Event_12388022
1391721080	2014-02-06T21:11:20	AELUMA event 1391721080	Infrasound	33.12	-78.95	46	EarthScope DS AELUMA	events/2014/Infrasound_Event_12388439
1391722390	2014-02-06T21:33:10	AELUMA event 1391722390	Infrasound	36.82	-75.33	78	EarthScope DS AELUMA	events/2014/Infrasound_Event_12388856
1391738000	2014-02-07T01:53:20	AELUMA event 1391738000	Infrasound	34.63	-75.85	60	EarthScope DS AELUMA	events/2014/Infrasound_Event_12389270
1391782420	2014-02-07T14:13:40	AELUMA event 1391782420	Infrasound	36.02	-74.7	44	EarthScope DS AELUMA	events/2014/Infrasound_Event_12389684
1391783850	2014-02-07T14:37:30	AELUMA event 1391783850	Infrasound	31.55	-83.82	42	EarthScope DS AELUMA	events/2014/Infrasound_Event_12390098
1391800200	2014-02-07T19:10:00	AELUMA event 1391800200	Infrasound	31.9	-79.32	37	EarthScope DS AELUMA	events/2014/Infrasound_Event_12390511
1391803110	2014-02-07T19:58:30	AELUMA event 1391803110	Infrasound	31.0	-82.72	74	EarthScope DS AELUMA	events/2014/Infrasound_Event_12390924
1391804810	2014-02-07T20:26:50	AELUMA event 1391804810	Infrasound	31.02	-82.7	74	EarthScope DS AELUMA	events/2014/Infrasound_Event_12391337
1391810700	2014-02-07T22:05:00	AELUMA event 1391810700	Infrasound	36.63	-74.87	83	EarthScope DS AELUMA	events/2014/Infrasound_Event_12391750
1391813820	2014-02-07T22:57:00	AELUMA event 1391813820	Infrasound	36.3	-75.35	88	EarthScope DS AELUMA	events/2014/Infrasound_Event_12392163
1391874220	2014-02-08T15:43:40	AELUMA event 1391874220	Infrasound	38.27	-81.78	42	EarthScope DS AELUMA	events/2014/Infrasound_Event_12392576
1391874710	2014-02-08T15:51:50	AELUMA event 1391874710	Infrasound	32.8	-85.23	62	EarthScope DS AELUMA	events/2014/Infrasound_Event_12392989
1391876510	2014-02-08T16:21:50	AELUMA event 1391876510	Infrasound	33.45	-85.28	31	EarthScope DS AELUMA	events/2014/Infrasound_Event_12393402
1391885360	2014-02-08T18:49:20	AELUMA event 1391885360	Infrasound	33.58	-85.27	30	EarthScope DS AELUMA	events/2014/Infrasound_Event_12393815
1391891380	2014-02-08T20:29:40	AELUMA event 1391891380	Infrasound	33.58	-79.18	56	EarthScope DS AELUMA	events/2014/Infrasound_Event_12394228
1392069640	2014-02-10T22:00:40	AELUMA event 1392069640	Infrasound	36.02	-75.62	48	EarthScope DS AELUMA	events/2014/Infrasound_Event_12394637
1392071060	2014-02-10T22:24:20	AELUMA event 1392071060	Infrasound	40.58	-74.28	30	EarthScope DS AELUMA	events/2014/Infrasound_Event_12395046
1392071630	2014-02-10T22:33:50	AELUMA event 1392071630	Infrasound	36.58	-75.03	60	EarthScope DS AELUMA	events/2014/Infrasound_Event_12395455
1392127190	2014-02-11T13:59:50	AELUMA event 1392127190	Infrasound	36.25	-74.27	29	EarthScope DS AELUMA	events/2014/Infrasound_Event_12395864
1392156150	2014-02-11T22:02:30	AELUMA event 1392156150	Infrasound	48.07	-81.98	42	EarthScope DS AELUMA	events/2014/Infrasound_Event_12396273
1392156580	2014-02-11T22:09:40	AELUMA event 1392156580	Infrasound	38.17	-75.07	53	EarthScope DS AELUMA	events/2014/Infrasound_Event_12396682
1392160620	2014-02-11T23:17:00	AELUMA event 1392160620	Infrasound	40.17	-71.68	58	EarthScope DS AELUMA	events/2014/Infrasound_Event_12397091
1392166680	2014-02-12T00:58:00	AELUMA event 1392166680	Infrasound	44.48	-87.27	42	EarthScope DS AELUMA	events/2014/Infrasound_Event_12397500
1392275140	2014-02-13T07:05:40	AELUMA event 1392275140	Infrasound	37.4	-84.83	39	EarthScope DS AELUMA	events/2014/Infrasound_Event_12397908
1392407940	2014-02-14T19:59:00	AELUMA event 1392407940	Infrasound	32.17	-83.55	39	EarthScope DS AELUMA	events/2014/Infrasound_Event_12398314
1392463418	2014-02-15T03:23:38	M 4.1 WNW of Edgefield, South Carolina	Mining	33.81	-82.06	46	USGS	events/2014/Infrasound_Event_12676540
1392504500	2014-02-15T22:48:20	AELUMA event 1392504500	Infrasound	35.12	-87.33	59	EarthScope DS AELUMA	events/2014/Infrasound_Event_12398720
1392670490	2014-02-17T20:54:50	AELUMA event 1392670490	Infrasound	38.83	-79.45	27	EarthScope DS AELUMA	events/2014/Infrasound_Event_12399126
1392754490	2014-02-18T20:14:50	AELUMA event 1392754490	Infrasound	39.87	-73.58	54	EarthScope DS AELUMA	events/2014/Infrasound_Event_12399532
1392757260	2014-02-18T21:01:00	AELUMA event 1392757260	Infrasound	39.18	-75.38	55	EarthScope DS AELUMA	events/2014/Infrasound_Event_12399938
1392772880	2014-02-19T01:21:20	AELUMA event 1392772880	Infrasound	35.35	-76.47	123	EarthScope DS AELUMA	events/2014/Infrasound_Event_12400344
1392775120	2014-02-19T01:58:40	AELUMA event 1392775120	Infrasound	33.02	-83.37	164	EarthScope DS AELUMA	events/2014/Infrasound_Event_12400750
1392824590	2014-02-19T15:43:10	AELUMA event 1392824590	Infrasound	36.38	-78.18	64	EarthScope DS AELUMA	events/2014/Infrasound_Event_12401156
1392840500	2014-02-19T20:08:20	AELUMA event 1392840500	Infrasound	37.35	-76.28	34	EarthScope DS AELUMA	events/2014/Infrasound_Event_12401562
1392848550	2014-02-19T22:22:30	AELUMA event 1392848550	Infrasound	39.92	-73.65	51	EarthScope DS AELUMA	events/2014/Infrasound_Event_12401968
1392860740	2014-02-20T01:45:40	AELUMA event 1392860740	Infrasound	40.1	-72.5	33	EarthScope DS AELUMA	events/2014/Infrasound_Event_12402374
1392861260	2014-02-20T01:54:20	AELUMA event 1392861260	Infrasound	32.72	-85.18	68	EarthScope DS AELUMA	events/2014/Infrasound_Event_12402780
1392864690	2014-02-20T02:51:30	AELUMA event 1392864690	Infrasound	32.82	-86.1	58	EarthScope DS AELUMA	events/2014/Infrasound_Event_12403186
1392927450	2014-02-20T20:17:30	AELUMA event 1392927450	Infrasound	39.77	-74.93	34	EarthScope DS AELUMA	events/2014/Infrasound_Event_12403590
1392953240	2014-02-21T03:27:20	AELUMA event 1392953240	Infrasound	40.97	-72.55	28	EarthScope DS AELUMA	events/2014/Infrasound_Event_12403994
1393356400	2014-02-25T19:26:40	AELUMA event 1393356400	Infrasound	32.3	-79.37	28	EarthScope DS AELUMA	events/2014/Infrasound_Event_12404393
1393366360	2014-02-25T22:12:40	AELUMA event 1393366360	Infrasound	31.92	-81.92	58	EarthScope DS AELUMA	events/2014/Infrasound_Event_12404792
1393379230	2014-02-26T01:47:10	AELUMA event 1393379230	Infrasound	36.57	-75.42	102	EarthScope DS AELUMA	events/2014/Infrasound_Event_12405191
1393379640	2014-02-26T01:54:00	AELUMA event 1393379640	Infrasound	31.6	-82.97	50	EarthScope DS AELUMA	events/2014/Infrasound_Event_12405590
1393551230	2014-02-28T01:33:50	AELUMA event 1393551230	Infrasound	33.12	-84.33	38	EarthScope DS AELUMA	events/2014/Infrasound_Event_12405985
1393553580	2014-02-28T02:13:00	AELUMA event 1393553580	Infrasound	31.53	-82.88	79	EarthScope DS AELUMA	events/2014/Infrasound_Event_12406380
1393555120	2014-02-28T02:38:40	AELUMA event 1393555120	Infrasound	33.75	-84.02	55	EarthScope DS AELUMA	events/2014/Infrasound_Event_12406775
1393977920	2014-03-05T00:05:20	AELUMA event 1393977920	Infrasound	48.73	-69.88	37	EarthScope DS AELUMA	events/2014/Infrasound_Event_12407168
1394656200	2014-03-12T13:30:00	Manhattan explosion, New York	Explosion	40.8	-73.94	6	EarthScope DS TAIRED	events/2014/Infrasound_Event_12676930
1395535050	2014-03-22T17:37:30	Mudslide, Oso WA	Landslide	48.27	-121.92	6	EarthScope DS TAIRED	events/2014/Infrasound_Event_12677316
1396361040	2014-04-01T14:04:00	AELUMA event 1396361040	Infrasound	31.1	-80.42	51	EarthScope DS AELUMA	events/2014/Infrasound_Event_12407554
1396613530	2014-04-04T12:12:10	AELUMA event 1396613530	Infrasound	47.25	-75.97	25	EarthScope DS AELUMA	events/2014/Infrasound_Event_12407940
1397093550	2014-04-10T01:32:30	AELUMA event 1397093550	Infrasound	32.53	-83.6	43	EarthScope DS AELUMA	events/2014/Infrasound_Event_12408326
1397307110	2014-04-12T12:51:50	AELUMA event 1397307110	Infrasound	30.92	-79.78	44	EarthScope DS AELUMA	events/2014/Infrasound_Event_12408712
1397696520	2014-04-17T01:02:00	AELUMA event 1397696520	Infrasound	31.93	-80.28	121	EarthScope DS AELUMA	events/2014/Infrasound_Event_12409096
1397697530	2014-04-17T01:18:50	AELUMA event 1397697530	Infrasound	32.18	-79.98	54	EarthScope DS AELUMA	events/2014/Infrasound_Event_12409480
1397700360	2014-04-17T02:06:00	AELUMA event 1397700360	Infrasound	31.08	-80.23	69	EarthScope DS AELUMA	events/2014/Infrasound_Event_12409864
1397701660	2014-04-17T02:27:40	AELUMA event 1397701660	Infrasound	32.15	-79.98	56	EarthScope DS AELUMA	events/2014/Infrasound_Event_12410248
1397782830	2014-04-18T01:00:30	AELUMA event 1397782830	Infrasound	31.45	-80.32	40	EarthScope DS AELUMA	events/2014/Infrasound_Event_12410632
1397785900	2014-04-18T01:51:40	AELUMA event 1397785900	Infrasound	31.67	-80.17	35	EarthScope DS AELUMA	events/2014/Infrasound_Event_12411016
1397786860	2014-04-18T02:07:40	AELUMA event 1397786860	Infrasound	32.2	-79.93	56	EarthScope DS AELUMA	events/2014/Infrasound_Event_12411400
1397850080	2014-04-18T19:41:20	AELUMA event 1397850080	Infrasound	33.18	-77.5	46	EarthScope DS AELUMA	events/2014/Infrasound_Event_12411784
1398110840	2014-04-21T20:07:20	AELUMA event 1398110840	Infrasound	31.62	-82.23	35	EarthScope DS AELUMA	events/2014/Infrasound_Event_12412165
1398128830	2014-04-22T01:07:10	AELUMA event 1398128830	Infrasound	32.57	-79.9	123	EarthScope DS AELUMA	events/2014/Infrasound_Event_12412545
1398129600	2014-04-22T01:20:00	AELUMA event 1398129600	Infrasound	32.38	-79.65	37	EarthScope DS AELUMA	events/2014/Infrasound_Event_12412925
1398217360	2014-04-23T01:42:40	AELUMA event 1398217360	Infrasound	31.87	-79.98	73	EarthScope DS AELUMA	events/2014/Infrasound_Event_12413305
1398218070	2014-04-23T01:54:30	AELUMA event 1398218070	Infrasound	31.72	-79.93	56	EarthScope DS AELUMA	events/2014/Infrasound_Event_12413685
1398218850	2014-04-23T02:07:30	AELUMA event 1398218850	Infrasound	31.58	-80.45	46	EarthScope DS AELUMA	events/2014/Infrasound_Event_12414065
1398301430	2014-04-24T01:03:50	AELUMA event 1398301430	Infrasound	31.53	-80.22	51	EarthScope DS AELUMA	events/2014/Infrasound_Event_12414443
1398302240	2014-04-24T01:17:20	AELUMA event 1398302240	Infrasound	31.68	-80.12	53	EarthScope DS AELUMA	events/2014/Infrasound_Event_12414821
1398303610	2014-04-24T01:40:10	AELUMA event 1398303610	Infrasound	32.48	-83.77	36	EarthScope DS AELUMA	events/2014/Infrasound_Event_12415199
1398306710	2014-04-24T02:31:50	AELUMA event 1398306710	Infrasound	31.77	-79.97	55	EarthScope DS AELUMA	events/2014/Infrasound_Event_12415577
1398389220	2014-04-25T01:27:00	AELUMA event 1398389220	Infrasound	34.15	-78.03	33	EarthScope DS AELUMA	events/2014/Infrasound_Event_12415953
1398391270	2014-04-25T02:01:10	AELUMA event 1398391270	Infrasound	32.63	-80.08	82	EarthScope DS AELUMA	events/2014/Infrasound_Event_12416329
1398471860	2014-04-26T00:24:20	AELUMA event 1398471860	Infrasound	31.8	-79.8	16	EarthScope DS AELUMA	events/2014/Infrasound_Event_12416705
1398483570	2014-04-26T03:39:30	AELUMA event 1398483570	Infrasound	42.2	-88.27	41	EarthScope DS AELUMA	events/2014/Infrasound_Event_12417081
1399420990	2014-05-07T00:03:10	AELUMA event 1399420990	Infrasound	36.48	-74.68	66	EarthScope DS AELUMA	events/2014/Infrasound_Event_12417449
1399428370	2014-05-07T02:06:10	AELUMA event 1399428370	Infrasound	36.58	-75.45	82	EarthScope DS AELUMA	events/2014/Infrasound_Event_12417817
1399599190	2014-05-09T01:33:10	AELUMA event 1399599190	Infrasound	38.4	-74.5	35	EarthScope DS AELUMA	events/2014/Infrasound_Event_12418185
1399601040	2014-05-09T02:04:00	AELUMA event 1399601040	Infrasound	39.77	-71.27	58	EarthScope DS AELUMA	events/2014/Infrasound_Event_12418553
1399601780	2014-05-09T02:16:20	AELUMA event 1399601780	Infrasound	38.4	-74.93	53	EarthScope DS AELUMA	events/2014/Infrasound_Event_12418921
1399901960	2014-05-12T13:39:20	AELUMA event 1399901960	Infrasound	37.88	-74.57	57	EarthScope DS AELUMA	events/2014/Infrasound_Event_12419288
1399902810	2014-05-12T13:53:30	AELUMA event 1399902810	Infrasound	37.45	-74.42	32	EarthScope DS AELUMA	events/2014/Infrasound_Event_12419655
1399942050	2014-05-13T00:47:30	AELUMA event 1399942050	Infrasound	34.52	-75.02	43	EarthScope DS AELUMA	events/2014/Infrasound_Event_12420022
1399987320	2014-05-13T13:22:00	AELUMA event 1399987320	Infrasound	37.55	-73.42	58	EarthScope DS AELUMA	events/2014/Infrasound_Event_12420389
1399992860	2014-05-13T14:54:20	AELUMA event 1399992860	Infrasound	37.73	-74.55	43	EarthScope DS AELUMA	events/2014/Infrasound_Event_12420756
1399997810	2014-05-13T16:16:50	AELUMA event 1399997810	Infrasound	37.73	-74.6	27	EarthScope DS AELUMA	events/2014/Infrasound_Event_12421123
1400022410	2014-05-13T23:06:50	AELUMA event 1400022410	Infrasound	34.78	-75.25	63	EarthScope DS AELUMA	events/2014/Infrasound_Event_12421490
1400027400	2014-05-14T00:30:00	AELUMA event 1400027400	Infrasound	35.35	-76.32	54	EarthScope DS AELUMA	events/2014/Infrasound_Event_12421857
1400029980	2014-05-14T01:13:00	AELUMA event 1400029980	Infrasound	38.58	-74.77	45	EarthScope DS AELUMA	events/2014/Infrasound_Event_12422224
1400108980	2014-05-14T23:09:40	AELUMA event 1400108980	Infrasound	34.72	-75.15	31	EarthScope DS AELUMA	events/2014/Infrasound_Event_12422590
1400285900	2014-05-17T00:18:20	AELUMA event 1400285900	Infrasound	31.05	-79.75	88	EarthScope DS AELUMA	events/2014/Infrasound_Event_12422955
1400305930	2014-05-17T05:52:10	AELUMA event 1400305930	Infrasound	44.07	-74.6	55	EarthScope DS AELUMA	events/2014/Infrasound_Event_12423320
1400504660	2014-05-19T13:04:20	AELUMA event 1400504660	Infrasound	35.73	-75.62	43	EarthScope DS AELUMA	events/2014/Infrasound_Event_12423684
1400505240	2014-05-19T13:14:00	AELUMA event 1400505240	Infrasound	35.68	-74.35	55	EarthScope DS AELUMA	events/2014/Infrasound_Event_12424048
1400506980	2014-05-19T13:43:00	AELUMA event 1400506980	Infrasound	36.5	-75.67	64	EarthScope DS AELUMA	events/2014/Infrasound_Event_12424412
1400529090	2014-05-19T19:51:30	AELUMA event 1400529090	Infrasound	36.3	-74.4	42	EarthScope DS AELUMA	events/2014/Infrasound_Event_12424776
1400533720	2014-05-19T21:08:40	AELUMA event 1400533720	Infrasound	37.73	-74.65	72	EarthScope DS AELUMA	events/2014/Infrasound_Event_12425140
1400537700	2014-05-19T22:15:00	AELUMA event 1400537700	Infrasound	35.73	-74.72	42	EarthScope DS AELUMA	events/2014/Infrasound_Event_12425504
1400541470	2014-05-19T23:17:50	AELUMA event 1400541470	Infrasound	35.62	-75.12	55	EarthScope DS AELUMA	events/2014/Infrasound_Event_12425868
1400546700	2014-05-20T00:45:00	AELUMA event 1400546700	Infrasound	36.25	-74.65	90	EarthScope DS AELUMA	events/2014/Infrasound_Event_12426232
1400590900	2014-05-20T13:01:40	AELUMA event 1400590900	Infrasound	36.37	-75.67	32	EarthScope DS AELUMA	events/2014/Infrasound_Event_12426596
1400591290	2014-05-20T13:08:10	AELUMA event 1400591290	Infrasound	35.75	-73.68	54	EarthScope DS AELUMA	events/2014/Infrasound_Event_12426960
1400592820	2014-05-20T13:33:40	AELUMA event 1400592820	Infrasound	36.12	-75.03	58	EarthScope DS AELUMA	events/2014/Infrasound_Event_12427324
1400596140	2014-05-20T14:29:00	AELUMA event 1400596140	Infrasound	37.58	-73.12	32	EarthScope DS AELUMA	events/2014/Infrasound_Event_12427688
1400623900	2014-05-20T22:11:40	AELUMA event 1400623900	Infrasound	35.95	-73.82	47	EarthScope DS AELUMA	events/2014/Infrasound_Event_12428052
1400624870	2014-05-20T22:27:50	AELUMA event 1400624870	Infrasound	36.52	-74.2	58	EarthScope DS AELUMA	events/2014/Infrasound_Event_12428416
1400682500	2014-05-21T14:28:20	AELUMA event 1400682500	Infrasound	35.72	-74.68	39	EarthScope DS AELUMA	events/2014/Infrasound_Event_12428781
1400714280	2014-05-21T23:18:00	AELUMA event 1400714280	Infrasound	34.23	-75.48	28	EarthScope DS AELUMA	events/2014/Infrasound_Event_12429146
1401197650	2014-05-27T13:34:10	AELUMA event 1401197650	Infrasound	37.68	-74.58	48	EarthScope DS AELUMA	events/2014/Infrasound_Event_12429506
1401207490	2014-05-27T16:18:10	AELUMA event 1401207490	Infrasound	38.02	-74.55	33	EarthScope DS AELUMA	events/2014/Infrasound_Event_12429865
1401224060	2014-05-27T20:54:20	AELUMA event 1401224060	Infrasound	37.73	-74.27	78	EarthScope DS AELUMA	events/2014/Infrasound_Event_12430223
1401246750	2014-05-28T03:12:30	AELUMA event 1401246750	Infrasound	36.88	-75.23	40	EarthScope DS AELUMA	events/2014/Infrasound_Event_12430582
1401282820	2014-05-28T13:13:40	AELUMA event 1401282820	Infrasound	36.2	-75.07	60	EarthScope DS AELUMA	events/2014/Infrasound_Event_12430941
1401283900	2014-05-28T13:31:40	AELUMA event 1401283900	Infrasound	37.68	-75.08	44	EarthScope DS AELUMA	events/2014/Infrasound_Event_12431300
1401288970	2014-05-28T14:56:10	AELUMA event 1401288970	Infrasound	38.07	-74.48	38	EarthScope DS AELUMA	events/2014/Infrasound_Event_12431659
1401289790	2014-05-28T15:09:50	AELUMA event 1401289790	Infrasound	38.25	-74.07	51	EarthScope DS AELUMA	events/2014/Infrasound_Event_12432018
1401290840	2014-05-28T15:27:20	AELUMA event 1401290840	Infrasound	37.4	-74.95	30	EarthScope DS AELUMA	events/2014/Infrasound_Event_12432376
1401292290	2014-05-28T15:51:30	AELUMA event 1401292290	Infrasound	34.07	-76.32	37	EarthScope DS AELUMA	events/2014/Infrasound_Event_12432734
1401294700	2014-05-28T16:31:40	AELUMA event 1401294700	Infrasound	38.03	-74.67	41	EarthScope DS AELUMA	events/2014/Infrasound_Event_12433092
1401310790	2014-05-28T20:59:50	AELUMA event 1401310790	Infrasound	37.58	-73.73	45	EarthScope DS AELUMA	events/2014/Infrasound_Event_12433450
1401316690	2014-05-28T22:38:10	AELUMA event 1401316690	Infrasound	36.35	-74.55	51	EarthScope DS AELUMA	events/2014/Infrasound_Event_12433808
1401320680	2014-05-28T23:44:40	AELUMA event 1401320680	Infrasound	34.72	-75.3	83	EarthScope DS AELUMA	events/2014/Infrasound_Event_12434166
1401371860	2014-05-29T13:57:40	AELUMA event 1401371860	Infrasound	38.2	-74.0	43	EarthScope DS AELUMA	events/2014/Infrasound_Event_12434524
1401375630	2014-05-29T15:00:30	AELUMA event 1401375630	Infrasound	37.67	-74.07	48	EarthScope DS AELUMA	events/2014/Infrasound_Event_12434882
1401377450	2014-05-29T15:30:50	AELUMA event 1401377450	Infrasound	37.02	-73.92	30	EarthScope DS AELUMA	events/2014/Infrasound_Event_12435240
1401455840	2014-05-30T13:17:20	AELUMA event 1401455840	Infrasound	31.45	-80.65	33	EarthScope DS AELUMA	events/2014/Infrasound_Event_12435598
1401456780	2014-05-30T13:33:00	AELUMA event 1401456780	Infrasound	30.78	-80.6	30	EarthScope DS AELUMA	events/2014/Infrasound_Event_12435956
1401459990	2014-05-30T14:26:30	AELUMA event 1401459990	Infrasound	36.53	-74.33	30	EarthScope DS AELUMA	events/2014/Infrasound_Event_12436313
1401460800	2014-05-30T14:40:00	AELUMA event 1401460800	Infrasound	36.2	-74.52	40	EarthScope DS AELUMA	events/2014/Infrasound_Event_12436670
1401462760	2014-05-30T15:12:40	AELUMA event 1401462760	Infrasound	37.55	-74.37	74	EarthScope DS AELUMA	events/2014/Infrasound_Event_12437027
1401464960	2014-05-30T15:49:20	AELUMA event 1401464960	Infrasound	37.15	-74.4	29	EarthScope DS AELUMA	events/2014/Infrasound_Event_12437384
1401715980	2014-06-02T13:33:00	AELUMA event 1401715980	Infrasound	36.53	-74.6	49	EarthScope DS AELUMA	events/2014/Infrasound_Event_12437741
1401718710	2014-06-02T14:18:30	AELUMA event 1401718710	Infrasound	36.35	-74.55	38	EarthScope DS AELUMA	events/2014/Infrasound_Event_12438098
1401719660	2014-06-02T14:34:20	AELUMA event 1401719660	Infrasound	37.68	-74.37	81	EarthScope DS AELUMA	events/2014/Infrasound_Event_12438455
1401739780	2014-06-02T20:09:40	AELUMA event 1401739780	Infrasound	36.45	-75.3	59	EarthScope DS AELUMA	events/2014/Infrasound_Event_12438812
1401802300	2014-06-03T13:31:40	AELUMA event 1401802300	Infrasound	37.55	-73.9	53	EarthScope DS AELUMA	events/2014/Infrasound_Event_12439169
1401808960	2014-06-03T15:22:40	AELUMA event 1401808960	Infrasound	37.68	-74.02	48	EarthScope DS AELUMA	events/2014/Infrasound_Event_12439526
1401828590	2014-06-03T20:49:50	AELUMA event 1401828590	Infrasound	37.72	-74.82	57	EarthScope DS AELUMA	events/2014/Infrasound_Event_12439883
1401887150	2014-06-04T13:05:50	AELUMA event 1401887150	Infrasound	37.72	-75.23	27	EarthScope DS AELUMA	events/2014/Infrasound_Event_12440240
1401892440	2014-06-04T14:34:00	AELUMA event 1401892440	Infrasound	37.6	-74.38	45	EarthScope DS AELUMA	events/2014/Infrasound_Event_12440597
1401899650	2014-06-04T16:34:10	AELUMA event 1401899650	Infrasound	35.23	-74.78	30	EarthScope DS AELUMA	events/2014/Infrasound_Event_12440953
1401903780	2014-06-04T17:43:00	AELUMA event 1401903780	Infrasound	37.12	-75.85	39	EarthScope DS AELUMA	events/2014/Infrasound_Event_12441309
1401910280	2014-06-04T19:31:20	AELUMA event 1401910280	Infrasound	35.15	-75.0	41	EarthScope DS AELUMA	events/2014/Infrasound_Event_12441665
1401916390	2014-06-04T21:13:10	AELUMA event 1401916390	Infrasound	36.62	-75.4	36	EarthScope DS AELUMA	events/2014/Infrasound_Event_12442021
1401922380	2014-06-04T22:53:00	AELUMA event 1401922380	Infrasound	36.53	-74.4	64	EarthScope DS AELUMA	events/2014/Infrasound_Event_12442377
1401927800	2014-06-05T00:23:20	AELUMA event 1401927800	Infrasound	36.07	-75.05	35	EarthScope DS AELUMA	events/2014/Infrasound_Event_12442733
1402059070	2014-06-06T12:51:10	AELUMA event 1402059070	Infrasound	36.73	-75.28	42	EarthScope DS AELUMA	events/2014/Infrasound_Event_12443087
1402062840	2014-06-06T13:54:00	AELUMA event 1402062840	Infrasound	36.43	-75.48	52	EarthScope DS AELUMA	events/2014/Infrasound_Event_12443441
1402065770	2014-06-06T14:42:50	AELUMA event 1402065770	Infrasound	37.53	-74.22	104	EarthScope DS AELUMA	events/2014/Infrasound_Event_12443795
1402149130	2014-06-07T13:52:10	AELUMA event 1402149130	Infrasound	37.78	-74.22	107	EarthScope DS AELUMA	events/2014/Infrasound_Event_12444149
1402166070	2014-06-07T18:34:30	AELUMA event 1402166070	Infrasound	37.92	-74.7	58	EarthScope DS AELUMA	events/2014/Infrasound_Event_12444503
1402321200	2014-06-09T13:40:00	AELUMA event 1402321200	Infrasound	37.93	-74.2	57	EarthScope DS AELUMA	events/2014/Infrasound_Event_12444857
1402333140	2014-06-09T16:59:00	AELUMA event 1402333140	Infrasound	37.78	-74.65	58	EarthScope DS AELUMA	events/2014/Infrasound_Event_12445211
1402358750	2014-06-10T00:05:50	AELUMA event 1402358750	Infrasound	36.92	-75.8	50	EarthScope DS AELUMA	events/2014/Infrasound_Event_12445565
1402369050	2014-06-10T02:57:30	AELUMA event 1402369050	Infrasound	36.82	-75.55	51	EarthScope DS AELUMA	events/2014/Infrasound_Event_12445919
1402405080	2014-06-10T12:58:00	AELUMA event 1402405080	Infrasound	37.1	-75.07	52	EarthScope DS AELUMA	events/2014/Infrasound_Event_12446272
1402406800	2014-06-10T13:26:40	AELUMA event 1402406800	Infrasound	37.48	-74.17	120	EarthScope DS AELUMA	events/2014/Infrasound_Event_12446625
1402410440	2014-06-10T14:27:20	AELUMA event 1402410440	Infrasound	38.07	-73.6	86	EarthScope DS AELUMA	events/2014/Infrasound_Event_12446978
1402414080	2014-06-10T15:28:00	AELUMA event 1402414080	Infrasound	34.75	-77.5	48	EarthScope DS AELUMA	events/2014/Infrasound_Event_12447331
1402416300	2014-06-10T16:05:00	AELUMA event 1402416300	Infrasound	37.83	-74.57	86	EarthScope DS AELUMA	events/2014/Infrasound_Event_12447684
1402417370	2014-06-10T16:22:50	AELUMA event 1402417370	Infrasound	37.55	-73.27	56	EarthScope DS AELUMA	events/2014/Infrasound_Event_12448037
1402419040	2014-06-10T16:50:40	AELUMA event 1402419040	Infrasound	36.92	-74.33	35	EarthScope DS AELUMA	events/2014/Infrasound_Event_12448390
1402423360	2014-06-10T18:02:40	AELUMA event 1402423360	Infrasound	36.5	-74.98	51	EarthScope DS AELUMA	events/2014/Infrasound_Event_12448742
1402443890	2014-06-10T23:44:50	AELUMA event 1402443890	Infrasound	35.38	-77.62	64	EarthScope DS AELUMA	events/2014/Infrasound_Event_12449094
1402494080	2014-06-11T13:41:20	AELUMA event 1402494080	Infrasound	38.47	-74.92	44	EarthScope DS AELUMA	events/2014/Infrasound_Event_12449446
1402499820	2014-06-11T15:17:00	AELUMA event 1402499820	Infrasound	38.1	-73.95	34	EarthScope DS AELUMA	events/2014/Infrasound_Event_12449798
1402500830	2014-06-11T15:33:50	AELUMA event 1402500830	Infrasound	33.67	-76.88	29	EarthScope DS AELUMA	events/2014/Infrasound_Event_12450150
1402528180	2014-06-11T23:09:40	AELUMA event 1402528180	Infrasound	36.78	-75.05	30	EarthScope DS AELUMA	events/2014/Infrasound_Event_12450502
1402670510	2014-06-13T14:41:50	AELUMA event 1402670510	Infrasound	36.35	-73.98	39	EarthScope DS AELUMA	events/2014/Infrasound_Event_12450854
1402676640	2014-06-13T16:24:00	AELUMA event 1402676640	Infrasound	36.38	-75.12	50	EarthScope DS AELUMA	events/2014/Infrasound_Event_12451206
1402926790	2014-06-16T13:53:10	AELUMA event 1402926790	Infrasound	37.97	-74.3	137	EarthScope DS AELUMA	events/2014/Infrasound_Event_12451558
1402930120	2014-06-16T14:48:40	AELUMA event 1402930120	Infrasound	37.88	-74.32	73	EarthScope DS AELUMA	events/2014/Infrasound_Event_12451910
1402932470	2014-06-16T15:27:50	AELUMA event 1402932470	Infrasound	37.25	-75.07	39	EarthScope DS AELUMA	events/2014/Infrasound_Event_12452262
1402935160	2014-06-16T16:12:40	AELUMA event 1402935160	Infrasound	37.63	-75.8	44	EarthScope DS AELUMA	events/2014/Infrasound_Event_12452613
1402935870	2014-06-16T16:24:30	AELUMA event 1402935870	Infrasound	37.92	-75.08	66	EarthScope DS AELUMA	events/2014/Infrasound_Event_12452964
1402938880	2014-06-16T17:14:40	AELUMA event 1402938880	Infrasound	37.58	-75.7	35	EarthScope DS AELUMA	events/2014/Infrasound_Event_12453315
1402948880	2014-06-16T20:01:20	AELUMA event 1402948880	Infrasound	37.1	-76.73	42	EarthScope DS AELUMA	events/2014/Infrasound_Event_12453666
1402949010	2014-06-16T20:03:30	AELUMA event 1402949010	Infrasound	37.78	-74.27	85	EarthScope DS AELUMA	events/2014/Infrasound_Event_12454017
1402965990	2014-06-17T00:46:30	AELUMA event 1402965990	Infrasound	34.53	-77.9	79	EarthScope DS AELUMA	events/2014/Infrasound_Event_12454368
1402966900	2014-06-17T01:01:40	AELUMA event 1402966900	Infrasound	34.63	-76.75	44	EarthScope DS AELUMA	events/2014/Infrasound_Event_12454719
1403012290	2014-06-17T13:38:10	AELUMA event 1403012290	Infrasound	37.58	-73.97	115	EarthScope DS AELUMA	events/2014/Infrasound_Event_12455070
1403014090	2014-06-17T14:08:10	AELUMA event 1403014090	Infrasound	36.97	-73.45	50	EarthScope DS AELUMA	events/2014/Infrasound_Event_12455421
1403015820	2014-06-17T14:37:00	AELUMA event 1403015820	Infrasound	37.78	-75.47	70	EarthScope DS AELUMA	events/2014/Infrasound_Event_12455771
1403019280	2014-06-17T15:34:40	AELUMA event 1403019280	Infrasound	37.48	-75.65	51	EarthScope DS AELUMA	events/2014/Infrasound_Event_12456121
1403036980	2014-06-17T20:29:40	AELUMA event 1403036980	Infrasound	37.35	-74.57	53	EarthScope DS AELUMA	events/2014/Infrasound_Event_12456471
1403037350	2014-06-17T20:35:50	AELUMA event 1403037350	Infrasound	37.53	-73.93	41	EarthScope DS AELUMA	events/2014/Infrasound_Event_12456821
1403115350	2014-06-18T18:15:50	AELUMA event 1403115350	Infrasound	38.22	-74.8	54	EarthScope DS AELUMA	events/2014/Infrasound_Event_12457170
1403116770	2014-06-18T18:39:30	AELUMA event 1403116770	Infrasound	37.77	-74.28	67	EarthScope DS AELUMA	events/2014/Infrasound_Event_12457519
1403133620	2014-06-18T23:20:20	AELUMA event 1403133620	Infrasound	36.83	-75.42	76	EarthScope DS AELUMA	events/2014/Infrasound_Event_12457868
1403141520	2014-06-19T01:32:00	AELUMA event 1403141520	Infrasound	33.82	-77.15	78	EarthScope DS AELUMA	events/2014/Infrasound_Event_12458216
1403183930	2014-06-19T13:18:50	AELUMA event 1403183930	Infrasound	35.93	-75.37	43	EarthScope DS AELUMA	events/2014/Infrasound_Event_12458564
1403186430	2014-06-19T14:00:30	AELUMA event 1403186430	Infrasound	38.07	-74.55	94	EarthScope DS AELUMA	events/2014/Infrasound_Event_12458912
1403188290	2014-06-19T14:31:30	AELUMA event 1403188290	Infrasound	36.28	-74.6	68	EarthScope DS AELUMA	events/2014/Infrasound_Event_12459260
1403189820	2014-06-19T14:57:00	AELUMA event 1403189820	Infrasound	37.4	-73.67	38	EarthScope DS AELUMA	events/2014/Infrasound_Event_12459608
1403202080	2014-06-19T18:21:20	AELUMA event 1403202080	Infrasound	37.4	-74.55	42	EarthScope DS AELUMA	events/2014/Infrasound_Event_12459956
1403226420	2014-06-20T01:07:00	AELUMA event 1403226420	Infrasound	34.67	-76.1	30	EarthScope DS AELUMA	events/2014/Infrasound_Event_12460305
1403273780	2014-06-20T14:16:20	AELUMA event 1403273780	Infrasound	37.12	-74.62	48	EarthScope DS AELUMA	events/2014/Infrasound_Event_12460654
1403274690	2014-06-20T14:31:30	AELUMA event 1403274690	Infrasound	37.88	-74.47	39	EarthScope DS AELUMA	events/2014/Infrasound_Event_12461003
1403541730	2014-06-23T16:42:10	AELUMA event 1403541730	Infrasound	37.22	-74.82	37	EarthScope DS AELUMA	events/2014/Infrasound_Event_12461352
1403616390	2014-06-24T13:26:30	AELUMA event 1403616390	Infrasound	37.83	-74.45	54	EarthScope DS AELUMA	events/2014/Infrasound_Event_12461701
1403618070	2014-06-24T13:54:30	AELUMA event 1403618070	Infrasound	37.78	-74.45	55	EarthScope DS AELUMA	events/2014/Infrasound_Event_12462050
1403628600	2014-06-24T16:50:00	AELUMA event 1403628600	Infrasound	37.25	-75.32	35	EarthScope DS AELUMA	events/2014/Infrasound_Event_12462399
1403629720	2014-06-24T17:08:40	AELUMA event 1403629720	Infrasound	37.07	-75.45	33	EarthScope DS AELUMA	events/2014/Infrasound_Event_12462748
1403641370	2014-06-24T20:22:50	AELUMA event 1403641370	Infrasound	37.68	-74.87	52	EarthScope DS AELUMA	events/2014/Infrasound_Event_12463097
1403706570	2014-06-25T14:29:30	AELUMA event 1403706570	Infrasound	37.68	-74.37	71	EarthScope DS AELUMA	events/2014/Infrasound_Event_12463446
1403713290	2014-06-25T16:21:30	AELUMA event 1403713290	Infrasound	37.45	-74.07	36	EarthScope DS AELUMA	events/2014/Infrasound_Event_12463795
1403721570	2014-06-25T18:39:30	AELUMA event 1403721570	Infrasound	37.77	-73.83	26	EarthScope DS AELUMA	events/2014/Infrasound_Event_12464144
1403725180	2014-06-25T19:39:40	AELUMA event 1403725180	Infrasound	37.92	-74.18	54	EarthScope DS AELUMA	events/2014/Infrasound_Event_12464493
1403750590	2014-06-26T02:43:10	AELUMA event 1403750590	Infrasound	34.02	-79.7	68	EarthScope DS AELUMA	events/2014/Infrasound_Event_12464842
1403785300	2014-06-26T12:21:40	AELUMA event 1403785300	Infrasound	38.38	-74.98	48	EarthScope DS AELUMA	events/2014/Infrasound_Event_12465191
1403790170	2014-06-26T13:42:50	AELUMA event 1403790170	Infrasound	37.63	-74.12	94	EarthScope DS AELUMA	events/2014/Infrasound_Event_12465540
1403809130	2014-06-26T18:58:50	AELUMA event 1403809130	Infrasound	37.92	-74.32	94	EarthScope DS AELUMA	events/2014/Infrasound_Event_12465887
1403813320	2014-06-26T20:08:40	AELUMA event 1403813320	Infrasound	36.78	-74.95	43	EarthScope DS AELUMA	events/2014/Infrasound_Event_12466233
1403827530	2014-06-27T00:05:30	AELUMA event 1403827530	Infrasound	33.97	-79.08	64	EarthScope DS AELUMA	events/2014/Infrasound_Event_12466579
1403828340	2014-06-27T00:19:00	AELUMA event 1403828340	Infrasound	34.1	-78.65	47	EarthScope DS AELUMA	events/2014/Infrasound_Event_12466925
1403831700	2014-06-27T01:15:00	AELUMA event 1403831700	Infrasound	33.58	-78.65	77	EarthScope DS AELUMA	events/2014/Infrasound_Event_12467271
1403839420	2014-06-27T03:23:40	AELUMA event 1403839420	Infrasound	33.47	-78.88	66	EarthScope DS AELUMA	events/2014/Infrasound_Event_12467617
1403876860	2014-06-27T13:47:40	AELUMA event 1403876860	Infrasound	37.68	-73.6	69	EarthScope DS AELUMA	events/2014/Infrasound_Event_12467963
1403887090	2014-06-27T16:38:10	AELUMA event 1403887090	Infrasound	37.3	-74.57	48	EarthScope DS AELUMA	events/2014/Infrasound_Event_12468309
1403888530	2014-06-27T17:02:10	AELUMA event 1403888530	Infrasound	36.78	-74.35	75	EarthScope DS AELUMA	events/2014/Infrasound_Event_12468655
1403892630	2014-06-27T18:10:30	AELUMA event 1403892630	Infrasound	36.78	-75.18	48	EarthScope DS AELUMA	events/2014/Infrasound_Event_12469001
1403912900	2014-06-27T23:48:20	AELUMA event 1403912900	Infrasound	37.2	-76.02	48	EarthScope DS AELUMA	events/2014/Infrasound_Event_12469347
1404022670	2014-06-29T06:17:50	AELUMA event 1404022670	Infrasound	46.63	-68.85	39	EarthScope DS AELUMA	events/2014/Infrasound_Event_12469693
1404108390	2014-06-30T06:06:30	AELUMA event 1404108390	Infrasound	41.3	-69.83	42	EarthScope DS AELUMA	events/2014/Infrasound_Event_12470038
1404163640	2014-06-30T21:27:20	AELUMA event 1404163640	Infrasound	36.63	-75.5	70	EarthScope DS AELUMA	events/2014/Infrasound_Event_12470382
1404164800	2014-06-30T21:46:40	AELUMA event 1404164800	Infrasound	34.87	-75.6	41	EarthScope DS AELUMA	events/2014/Infrasound_Event_12470726
1404224520	2014-07-01T14:22:00	AELUMA event 1404224520	Infrasound	37.17	-75.9	31	EarthScope DS AELUMA	events/2014/Infrasound_Event_12471069
1404227120	2014-07-01T15:05:20	AELUMA event 1404227120	Infrasound	37.82	-74.45	56	EarthScope DS AELUMA	events/2014/Infrasound_Event_12471412
1404234100	2014-07-01T17:01:40	AELUMA event 1404234100	Infrasound	37.48	-74.7	65	EarthScope DS AELUMA	events/2014/Infrasound_Event_12471755
1404257850	2014-07-01T23:37:30	AELUMA event 1404257850	Infrasound	34.43	-77.07	45	EarthScope DS AELUMA	events/2014/Infrasound_Event_12472098
1404260680	2014-07-02T00:24:40	AELUMA event 1404260680	Infrasound	36.5	-75.18	87	EarthScope DS AELUMA	events/2014/Infrasound_Event_12472441
1404307820	2014-07-02T13:30:20	AELUMA event 1404307820	Infrasound	37.45	-74.32	92	EarthScope DS AELUMA	events/2014/Infrasound_Event_12472784
1404314230	2014-07-02T15:17:10	AELUMA event 1404314230	Infrasound	36.35	-75.27	41	EarthScope DS AELUMA	events/2014/Infrasound_Event_12473127
1404316790	2014-07-02T15:59:50	AELUMA event 1404316790	Infrasound	37.35	-74.27	54	EarthScope DS AELUMA	events/2014/Infrasound_Event_12473469
1404372950	2014-07-03T07:35:50	AELUMA event 1404372950	Infrasound	40.2	-73.83	29	EarthScope DS AELUMA	events/2014/Infrasound_Event_12473810
1404376260	2014-07-03T08:31:00	AELUMA event 1404376260	Infrasound	38.97	-72.75	26	EarthScope DS AELUMA	events/2014/Infrasound_Event_12474151
1404395720	2014-07-03T13:55:20	AELUMA event 1404395720	Infrasound	37.87	-74.22	53	EarthScope DS AELUMA	events/2014/Infrasound_Event_12474492
1404629000	2014-07-06T06:43:20	AELUMA event 1404629000	Infrasound	41.92	-68.25	41	EarthScope DS AELUMA	events/2014/Infrasound_Event_12474833
1404863480	2014-07-08T23:51:20	AELUMA event 1404863480	Infrasound	35.97	-74.88	43	EarthScope DS AELUMA	events/2014/Infrasound_Event_12475174
1404913190	2014-07-09T13:39:50	AELUMA event 1404913190	Infrasound	37.73	-73.4	46	EarthScope DS AELUMA	events/2014/Infrasound_Event_12475515
1404999360	2014-07-10T13:36:00	AELUMA event 1404999360	Infrasound	36.58	-74.98	61	EarthScope DS AELUMA	events/2014/Infrasound_Event_12475855
1405001470	2014-07-10T14:11:10	AELUMA event 1405001470	Infrasound	36.0	-74.62	93	EarthScope DS AELUMA	events/2014/Infrasound_Event_12476195
1405005620	2014-07-10T15:20:20	AELUMA event 1405005620	Infrasound	34.58	-77.32	61	EarthScope DS AELUMA	events/2014/Infrasound_Event_12476535
1405008010	2014-07-10T16:00:10	AELUMA event 1405008010	Infrasound	36.58	-74.98	59	EarthScope DS AELUMA	events/2014/Infrasound_Event_12476874
1405089100	2014-07-11T14:31:40	AELUMA event 1405089100	Infrasound	37.62	-74.97	119	EarthScope DS AELUMA	events/2014/Infrasound_Event_12477213
1405089530	2014-07-11T14:38:50	AELUMA event 1405089530	Infrasound	37.97	-74.38	115	EarthScope DS AELUMA	events/2014/Infrasound_Event_12477552
1405092560	2014-07-11T15:29:20	AELUMA event 1405092560	Infrasound	37.68	-74.75	31	EarthScope DS AELUMA	events/2014/Infrasound_Event_12477891
1405093330	2014-07-11T15:42:10	AELUMA event 1405093330	Infrasound	37.48	-74.42	112	EarthScope DS AELUMA	events/2014/Infrasound_Event_12478230
1405094050	2014-07-11T15:54:10	AELUMA event 1405094050	Infrasound	37.5	-74.43	89	EarthScope DS AELUMA	events/2014/Infrasound_Event_12478569
1405096380	2014-07-11T16:33:00	AELUMA event 1405096380	Infrasound	37.48	-75.55	62	EarthScope DS AELUMA	events/2014/Infrasound_Event_12478908
1405097630	2014-07-11T16:53:50	AELUMA event 1405097630	Infrasound	37.53	-75.37	51	EarthScope DS AELUMA	events/2014/Infrasound_Event_12479247
1405173320	2014-07-12T13:55:20	AELUMA event 1405173320	Infrasound	37.87	-73.45	71	EarthScope DS AELUMA	events/2014/Infrasound_Event_12479586
1405174630	2014-07-12T14:17:10	AELUMA event 1405174630	Infrasound	37.45	-73.75	86	EarthScope DS AELUMA	events/2014/Infrasound_Event_12479925
1405175480	2014-07-12T14:31:20	AELUMA event 1405175480	Infrasound	37.1	-74.05	80	EarthScope DS AELUMA	events/2014/Infrasound_Event_12480264
1405179710	2014-07-12T15:41:50	AELUMA event 1405179710	Infrasound	37.2	-73.92	85	EarthScope DS AELUMA	events/2014/Infrasound_Event_12480603
1405181150	2014-07-12T16:05:50	AELUMA event 1405181150	Infrasound	38.1	-74.12	66	EarthScope DS AELUMA	events/2014/Infrasound_Event_12480942
1405349440	2014-07-14T14:50:40	AELUMA event 1405349440	Infrasound	37.88	-74.65	60	EarthScope DS AELUMA	events/2014/Infrasound_Event_12481281
1405350260	2014-07-14T15:04:20	AELUMA event 1405350260	Infrasound	37.97	-74.85	76	EarthScope DS AELUMA	events/2014/Infrasound_Event_12481620
1405353960	2014-07-14T16:06:00	AELUMA event 1405353960	Infrasound	37.68	-74.37	51	EarthScope DS AELUMA	events/2014/Infrasound_Event_12481959
1405390390	2014-07-15T02:13:10	AELUMA event 1405390390	Infrasound	33.8	-79.03	58	EarthScope DS AELUMA	events/2014/Infrasound_Event_12482298
1405406190	2014-07-15T06:36:30	AELUMA event 1405406190	Infrasound	39.45	-73.08	27	EarthScope DS AELUMA	events/2014/Infrasound_Event_12482637
1405429750	2014-07-15T13:09:10	AELUMA event 1405429750	Infrasound	36.77	-75.32	39	EarthScope DS AELUMA	events/2014/Infrasound_Event_12482976
1405430290	2014-07-15T13:18:10	AELUMA event 1405430290	Infrasound	36.53	-73.83	72	EarthScope DS AELUMA	events/2014/Infrasound_Event_12483315
1405436360	2014-07-15T14:59:20	AELUMA event 1405436360	Infrasound	38.1	-73.8	38	EarthScope DS AELUMA	events/2014/Infrasound_Event_12483653
1405445440	2014-07-15T17:30:40	AELUMA event 1405445440	Infrasound	37.4	-74.42	33	EarthScope DS AELUMA	events/2014/Infrasound_Event_12483991
1405539880	2014-07-16T19:44:40	AELUMA event 1405539880	Infrasound	37.97	-74.18	47	EarthScope DS AELUMA	events/2014/Infrasound_Event_12484329
1405553820	2014-07-16T23:37:00	AELUMA event 1405553820	Infrasound	34.75	-78.23	33	EarthScope DS AELUMA	events/2014/Infrasound_Event_12484667
1405575000	2014-07-17T05:30:00	AELUMA event 1405575000	Infrasound	36.15	-75.13	116	EarthScope DS AELUMA	events/2014/Infrasound_Event_12485005
1405603940	2014-07-17T13:32:20	AELUMA event 1405603940	Infrasound	36.73	-75.13	55	EarthScope DS AELUMA	events/2014/Infrasound_Event_12485343
1405605440	2014-07-17T13:57:20	AELUMA event 1405605440	Infrasound	36.82	-74.08	50	EarthScope DS AELUMA	events/2014/Infrasound_Event_12485681
1405608310	2014-07-17T14:45:10	AELUMA event 1405608310	Infrasound	37.55	-73.87	48	EarthScope DS AELUMA	events/2014/Infrasound_Event_12486018
1405609410	2014-07-17T15:03:30	AELUMA event 1405609410	Infrasound	37.2	-74.12	71	EarthScope DS AELUMA	events/2014/Infrasound_Event_12486355
1405645140	2014-07-18T00:59:00	AELUMA event 1405645140	Infrasound	33.68	-79.22	51	EarthScope DS AELUMA	events/2014/Infrasound_Event_12486689
1405649800	2014-07-18T02:16:40	AELUMA event 1405649800	Infrasound	37.02	-77.18	79	EarthScope DS AELUMA	events/2014/Infrasound_Event_12487023
1405685300	2014-07-18T12:08:20	AELUMA event 1405685300	Infrasound	36.4	-74.27	43	EarthScope DS AELUMA	events/2014/Infrasound_Event_12487357
1405713000	2014-07-18T19:50:00	AELUMA event 1405713000	Infrasound	36.05	-75.45	38	EarthScope DS AELUMA	events/2014/Infrasound_Event_12487691
1405718300	2014-07-18T21:18:20	AELUMA event 1405718300	Infrasound	36.58	-75.7	37	EarthScope DS AELUMA	events/2014/Infrasound_Event_12488025
1405950270	2014-07-21T13:44:30	AELUMA event 1405950270	Infrasound	37.58	-74.68	70	EarthScope DS AELUMA	events/2014/Infrasound_Event_12488357
1405974400	2014-07-21T20:26:40	AELUMA event 1405974400	Infrasound	37.6	-75.08	55	EarthScope DS AELUMA	events/2014/Infrasound_Event_12488688
1406039520	2014-07-22T14:32:00	AELUMA event 1406039520	Infrasound	37.15	-73.78	82	EarthScope DS AELUMA	events/2014/Infrasound_Event_12489019
1406041040	2014-07-22T14:57:20	AELUMA event 1406041040	Infrasound	37.97	-74.23	62	EarthScope DS AELUMA	events/2014/Infrasound_Event_12489350
1406049120	2014-07-22T17:12:00	AELUMA event 1406049120	Infrasound	37.52	-74.88	62	EarthScope DS AELUMA	events/2014/Infrasound_Event_12489681
1406050160	2014-07-22T17:29:20	AELUMA event 1406050160	Infrasound	37.63	-73.78	59	EarthScope DS AELUMA	events/2014/Infrasound_Event_12490012
1406057930	2014-07-22T19:38:50	AELUMA event 1406057930	Infrasound	37.4	-73.78	86	EarthScope DS AELUMA	events/2014/Infrasound_Event_12490343
1406066420	2014-07-22T22:00:20	AELUMA event 1406066420	Infrasound	36.85	-75.32	80	EarthScope DS AELUMA	events/2014/Infrasound_Event_12490674
1406076550	2014-07-23T00:49:10	AELUMA event 1406076550	Infrasound	35.87	-75.65	70	EarthScope DS AELUMA	events/2014/Infrasound_Event_12491006
1406122340	2014-07-23T13:32:20	AELUMA event 1406122340	Infrasound	37.53	-74.0	58	EarthScope DS AELUMA	events/2014/Infrasound_Event_12491338
1406128870	2014-07-23T15:21:10	AELUMA event 1406128870	Infrasound	37.78	-74.85	74	EarthScope DS AELUMA	events/2014/Infrasound_Event_12491670
1406131300	2014-07-23T16:01:40	AELUMA event 1406131300	Infrasound	36.63	-75.13	46	EarthScope DS AELUMA	events/2014/Infrasound_Event_12492002
1406156920	2014-07-23T23:08:40	AELUMA event 1406156920	Infrasound	34.97	-75.93	34	EarthScope DS AELUMA	events/2014/Infrasound_Event_12492334
1406159540	2014-07-23T23:52:20	AELUMA event 1406159540	Infrasound	36.68	-74.75	70	EarthScope DS AELUMA	events/2014/Infrasound_Event_12492666
1406161140	2014-07-24T00:19:00	AELUMA event 1406161140	Infrasound	36.6	-73.7	28	EarthScope DS AELUMA	events/2014/Infrasound_Event_12492998
1406170160	2014-07-24T02:49:20	AELUMA event 1406170160	Infrasound	36.4	-74.6	60	EarthScope DS AELUMA	events/2014/Infrasound_Event_12493330
1406228760	2014-07-24T19:06:00	AELUMA event 1406228760	Infrasound	36.77	-74.92	28	EarthScope DS AELUMA	events/2014/Infrasound_Event_12493662
1406240220	2014-07-24T22:17:00	AELUMA event 1406240220	Infrasound	36.73	-75.18	51	EarthScope DS AELUMA	events/2014/Infrasound_Event_12493994
1406265350	2014-07-25T05:15:50	AELUMA event 1406265350	Infrasound	37.05	-73.62	34	EarthScope DS AELUMA	events/2014/Infrasound_Event_12494328
1406293350	2014-07-25T13:02:30	AELUMA event 1406293350	Infrasound	36.73	-74.6	91	EarthScope DS AELUMA	events/2014/Infrasound_Event_12494661
1406297800	2014-07-25T14:16:40	AELUMA event 1406297800	Infrasound	36.35	-75.03	67	EarthScope DS AELUMA	events/2014/Infrasound_Event_12494994
1406316090	2014-07-25T19:21:30	AELUMA event 1406316090	Infrasound	36.5	-74.78	51	EarthScope DS AELUMA	events/2014/Infrasound_Event_12495327
1406324120	2014-07-25T21:35:20	AELUMA event 1406324120	Infrasound	35.87	-75.47	83	EarthScope DS AELUMA	events/2014/Infrasound_Event_12495660
1406435920	2014-07-27T04:38:40	AELUMA event 1406435920	Infrasound	45.53	-66.33	44	EarthScope DS AELUMA	events/2014/Infrasound_Event_12495992
1406591610	2014-07-28T23:53:30	AELUMA event 1406591610	Infrasound	32.48	-79.85	25	EarthScope DS AELUMA	events/2014/Infrasound_Event_12496322
1406641510	2014-07-29T13:45:10	AELUMA event 1406641510	Infrasound	37.47	-73.72	54	EarthScope DS AELUMA	events/2014/Infrasound_Event_12496652
1406645880	2014-07-29T14:58:00	AELUMA event 1406645880	Infrasound	36.48	-74.63	43	EarthScope DS AELUMA	events/2014/Infrasound_Event_12496982
1406651770	2014-07-29T16:36:10	AELUMA event 1406651770	Infrasound	37.48	-73.45	35	EarthScope DS AELUMA	events/2014/Infrasound_Event_12497312
1406657650	2014-07-29T18:14:10	AELUMA event 1406657650	Infrasound	36.82	-74.32	48	EarthScope DS AELUMA	events/2014/Infrasound_Event_12497642
1406662000	2014-07-29T19:26:40	AELUMA event 1406662000	Infrasound	36.67	-74.1	48	EarthScope DS AELUMA	events/2014/Infrasound_Event_12497972
1406675750	2014-07-29T23:15:50	AELUMA event 1406675750	Infrasound	34.9	-75.55	48	EarthScope DS AELUMA	events/2014/Infrasound_Event_12498302
1406676710	2014-07-29T23:31:50	AELUMA event 1406676710	Infrasound	36.17	-75.22	81	EarthScope DS AELUMA	events/2014/Infrasound_Event_12498632
1406679650	2014-07-30T00:20:50	AELUMA event 1406679650	Infrasound	36.17	-75.6	52	EarthScope DS AELUMA	events/2014/Infrasound_Event_12498962
1406726260	2014-07-30T13:17:40	AELUMA event 1406726260	Infrasound	36.63	-74.88	57	EarthScope DS AELUMA	events/2014/Infrasound_Event_12499292
1406730210	2014-07-30T14:23:30	AELUMA event 1406730210	Infrasound	36.15	-75.32	52	EarthScope DS AELUMA	events/2014/Infrasound_Event_12499622
1406733150	2014-07-30T15:12:30	AELUMA event 1406733150	Infrasound	37.73	-74.48	75	EarthScope DS AELUMA	events/2014/Infrasound_Event_12499952
1406744790	2014-07-30T18:26:30	AELUMA event 1406744790	Infrasound	40.1	-73.37	34	EarthScope DS AELUMA	events/2014/Infrasound_Event_12500281
1406746690	2014-07-30T18:58:10	AELUMA event 1406746690	Infrasound	38.87	-74.78	52	EarthScope DS AELUMA	events/2014/Infrasound_Event_12500610
1406768910	2014-07-31T01:08:30	AELUMA event 1406768910	Infrasound	40.45	-71.93	107	EarthScope DS AELUMA	events/2014/Infrasound_Event_12500939
1406814070	2014-07-31T13:41:10	AELUMA event 1406814070	Infrasound	38.02	-74.62	63	EarthScope DS AELUMA	events/2014/Infrasound_Event_12501268
1406899410	2014-08-01T13:23:30	AELUMA event 1406899410	Infrasound	37.32	-73.73	46	EarthScope DS AELUMA	events/2014/Infrasound_Event_12501597
1406904580	2014-08-01T14:49:40	AELUMA event 1406904580	Infrasound	36.53	-74.88	46	EarthScope DS AELUMA	events/2014/Infrasound_Event_12501925
1406919020	2014-08-01T18:50:20	AELUMA event 1406919020	Infrasound	37.53	-73.98	39	EarthScope DS AELUMA	events/2014/Infrasound_Event_12502253
1406952650	2014-08-02T04:10:50	AELUMA event 1406952650	Infrasound	44.68	-65.47	46	EarthScope DS AELUMA	events/2014/Infrasound_Event_12502582
1407162700	2014-08-04T14:31:40	AELUMA event 1407162700	Infrasound	37.78	-74.32	94	EarthScope DS AELUMA	events/2014/Infrasound_Event_12502910
1407165940	2014-08-04T15:25:40	AELUMA event 1407165940	Infrasound	37.35	-74.43	84	EarthScope DS AELUMA	events/2014/Infrasound_Event_12503238
1407166350	2014-08-04T15:32:30	AELUMA event 1407166350	Infrasound	37.63	-74.37	70	EarthScope DS AELUMA	events/2014/Infrasound_Event_12503566
1407199360	2014-08-05T00:42:40	AELUMA event 1407199360	Infrasound	36.63	-75.33	36	EarthScope DS AELUMA	events/2014/Infrasound_Event_12503894
1407227580	2014-08-05T08:33:00	AELUMA event 1407227580	Infrasound	32.98	-79.47	95	EarthScope DS AELUMA	events/2014/Infrasound_Event_12504222
1407243740	2014-08-05T13:02:20	AELUMA event 1407243740	Infrasound	41.02	-76.82	33	EarthScope DS AELUMA	events/2014/Infrasound_Event_12504550
1407246880	2014-08-05T13:54:40	AELUMA event 1407246880	Infrasound	37.77	-74.35	116	EarthScope DS AELUMA	events/2014/Infrasound_Event_12504878
1407263580	2014-08-05T18:33:00	AELUMA event 1407263580	Infrasound	40.4	-72.18	84	EarthScope DS AELUMA	events/2014/Infrasound_Event_12505206
1407268710	2014-08-05T19:58:30	AELUMA event 1407268710	Infrasound	38.45	-75.05	79	EarthScope DS AELUMA	events/2014/Infrasound_Event_12505534
1407271080	2014-08-05T20:38:00	AELUMA event 1407271080	Infrasound	38.2	-74.78	45	EarthScope DS AELUMA	events/2014/Infrasound_Event_12505862
1407272610	2014-08-05T21:03:30	AELUMA event 1407272610	Infrasound	37.78	-75.43	59	EarthScope DS AELUMA	events/2014/Infrasound_Event_12506190
1407274020	2014-08-05T21:27:00	AELUMA event 1407274020	Infrasound	38.12	-74.8	58	EarthScope DS AELUMA	events/2014/Infrasound_Event_12506518
1407332850	2014-08-06T13:47:30	AELUMA event 1407332850	Infrasound	37.53	-74.32	93	EarthScope DS AELUMA	events/2014/Infrasound_Event_12506846
1407336790	2014-08-06T14:53:10	AELUMA event 1407336790	Infrasound	35.92	-75.02	46	EarthScope DS AELUMA	events/2014/Infrasound_Event_12507174
1407343590	2014-08-06T16:46:30	AELUMA event 1407343590	Infrasound	36.68	-74.88	40	EarthScope DS AELUMA	events/2014/Infrasound_Event_12507501
1407349800	2014-08-06T18:30:00	AELUMA event 1407349800	Infrasound	37.72	-74.55	48	EarthScope DS AELUMA	events/2014/Infrasound_Event_12507828
1407414880	2014-08-07T12:34:40	AELUMA event 1407414880	Infrasound	36.5	-74.98	43	EarthScope DS AELUMA	events/2014/Infrasound_Event_12508155
1407418790	2014-08-07T13:39:50	AELUMA event 1407418790	Infrasound	37.97	-74.45	126	EarthScope DS AELUMA	events/2014/Infrasound_Event_12508482
1407420060	2014-08-07T14:01:00	AELUMA event 1407420060	Infrasound	36.58	-75.37	51	EarthScope DS AELUMA	events/2014/Infrasound_Event_12508809
1407422090	2014-08-07T14:34:50	AELUMA event 1407422090	Infrasound	37.3	-74.73	69	EarthScope DS AELUMA	events/2014/Infrasound_Event_12509136
1407438710	2014-08-07T19:11:50	AELUMA event 1407438710	Infrasound	36.4	-74.97	37	EarthScope DS AELUMA	events/2014/Infrasound_Event_12509463
1407500840	2014-08-08T12:27:20	AELUMA event 1407500840	Infrasound	35.68	-74.98	29	EarthScope DS AELUMA	events/2014/Infrasound_Event_12509790
1407501810	2014-08-08T12:43:30	AELUMA event 1407501810	Infrasound	35.58	-74.78	38	EarthScope DS AELUMA	events/2014/Infrasound_Event_12510117
1407502640	2014-08-08T12:57:20	AELUMA event 1407502640	Infrasound	35.73	-75.18	67	EarthScope DS AELUMA	events/2014/Infrasound_Event_12510444
1407505500	2014-08-08T13:45:00	AELUMA event 1407505500	Infrasound	37.35	-74.18	40	EarthScope DS AELUMA	events/2014/Infrasound_Event_12510771
1407511040	2014-08-08T15:17:20	AELUMA event 1407511040	Infrasound	37.27	-73.85	61	EarthScope DS AELUMA	events/2014/Infrasound_Event_12511098
1407522960	2014-08-08T18:36:00	AELUMA event 1407522960	Infrasound	36.97	-77.98	58	EarthScope DS AELUMA	events/2014/Infrasound_Event_12511425
1407591980	2014-08-09T13:46:20	AELUMA event 1407591980	Infrasound	38.12	-73.4	114	EarthScope DS AELUMA	events/2014/Infrasound_Event_12511752
1407596460	2014-08-09T15:01:00	AELUMA event 1407596460	Infrasound	38.87	-73.9	39	EarthScope DS AELUMA	events/2014/Infrasound_Event_12512079
1407600330	2014-08-09T16:05:30	AELUMA event 1407600330	Infrasound	37.55	-73.8	48	EarthScope DS AELUMA	events/2014/Infrasound_Event_12512405
1407601520	2014-08-09T16:25:20	AELUMA event 1407601520	Infrasound	37.6	-74.78	82	EarthScope DS AELUMA	events/2014/Infrasound_Event_12512731
1407602420	2014-08-09T16:40:20	AELUMA event 1407602420	Infrasound	38.12	-73.88	86	EarthScope DS AELUMA	events/2014/Infrasound_Event_12513057
1407765140	2014-08-11T13:52:20	AELUMA event 1407765140	Infrasound	37.92	-74.48	29	EarthScope DS AELUMA	events/2014/Infrasound_Event_12513383
1407770870	2014-08-11T15:27:50	AELUMA event 1407770870	Infrasound	37.68	-74.17	54	EarthScope DS AELUMA	events/2014/Infrasound_Event_12513708
1407773190	2014-08-11T16:06:30	AELUMA event 1407773190	Infrasound	36.53	-73.83	35	EarthScope DS AELUMA	events/2014/Infrasound_Event_12514033
1407795040	2014-08-11T22:10:40	AELUMA event 1407795040	Infrasound	38.05	-74.98	69	EarthScope DS AELUMA	events/2014/Infrasound_Event_12514357
1407849340	2014-08-12T13:15:40	AELUMA event 1407849340	Infrasound	38.1	-73.5	70	EarthScope DS AELUMA	events/2014/Infrasound_Event_12514681
1407851450	2014-08-12T13:50:50	AELUMA event 1407851450	Infrasound	38.07	-74.53	74	EarthScope DS AELUMA	events/2014/Infrasound_Event_12515005
1407942700	2014-08-13T15:11:40	AELUMA event 1407942700	Infrasound	37.97	-74.52	42	EarthScope DS AELUMA	events/2014/Infrasound_Event_12515328
1407978150	2014-08-14T01:02:30	AELUMA event 1407978150	Infrasound	35.1	-75.45	49	EarthScope DS AELUMA	events/2014/Infrasound_Event_12515651
1407980890	2014-08-14T01:48:10	AELUMA event 1407980890	Infrasound	34.73	-75.75	24	EarthScope DS AELUMA	events/2014/Infrasound_Event_12515974
1408058140	2014-08-14T23:15:40	AELUMA event 1408058140	Infrasound	36.68	-75.03	68	EarthScope DS AELUMA	events/2014/Infrasound_Event_12516297
1408063890	2014-08-15T00:51:30	AELUMA event 1408063890	Infrasound	34.53	-74.68	28	EarthScope DS AELUMA	events/2014/Infrasound_Event_12516620
1408111740	2014-08-15T14:09:00	AELUMA event 1408111740	Infrasound	37.58	-74.27	31	EarthScope DS AELUMA	events/2014/Infrasound_Event_12516943
1408117440	2014-08-15T15:44:00	AELUMA event 1408117440	Infrasound	36.63	-74.08	59	EarthScope DS AELUMA	events/2014/Infrasound_Event_12517266
1408128280	2014-08-15T18:44:40	AELUMA event 1408128280	Infrasound	36.63	-74.82	34	EarthScope DS AELUMA	events/2014/Infrasound_Event_12517589
1408138490	2014-08-15T21:34:50	AELUMA event 1408138490	Infrasound	38.02	-75.03	34	EarthScope DS AELUMA	events/2014/Infrasound_Event_12517912
1408197010	2014-08-16T13:50:10	AELUMA event 1408197010	Infrasound	38.97	-74.05	36	EarthScope DS AELUMA	events/2014/Infrasound_Event_12518236
1408283400	2014-08-17T13:50:00	AELUMA event 1408283400	Infrasound	39.22	-73.98	41	EarthScope DS AELUMA	events/2014/Infrasound_Event_12518560
1408372450	2014-08-18T14:34:10	AELUMA event 1408372450	Infrasound	37.92	-73.88	88	EarthScope DS AELUMA	events/2014/Infrasound_Event_12518884
1408375460	2014-08-18T15:24:20	AELUMA event 1408375460	Infrasound	36.48	-75.17	70	EarthScope DS AELUMA	events/2014/Infrasound_Event_12519208
1408376930	2014-08-18T15:48:50	AELUMA event 1408376930	Infrasound	37.4	-73.32	54	EarthScope DS AELUMA	events/2014/Infrasound_Event_12519532
1408379220	2014-08-18T16:27:00	AELUMA event 1408379220	Infrasound	38.2	-74.33	62	EarthScope DS AELUMA	events/2014/Infrasound_Event_12519856
1408380250	2014-08-18T16:44:10	AELUMA event 1408380250	Infrasound	40.35	-71.4	37	EarthScope DS AELUMA	events/2014/Infrasound_Event_12520180
1408402250	2014-08-18T22:50:50	AELUMA event 1408402250	Infrasound	34.68	-77.82	61	EarthScope DS AELUMA	events/2014/Infrasound_Event_12520504
1408438520	2014-08-19T08:55:20	AELUMA event 1408438520	Infrasound	49.03	-69.27	58	EarthScope DS AELUMA	events/2014/Infrasound_Event_12520828
1408454570	2014-08-19T13:22:50	AELUMA event 1408454570	Infrasound	38.72	-72.7	23	EarthScope DS AELUMA	events/2014/Infrasound_Event_12521152
1408458020	2014-08-19T14:20:20	AELUMA event 1408458020	Infrasound	37.73	-75.17	30	EarthScope DS AELUMA	events/2014/Infrasound_Event_12521476
1408460450	2014-08-19T15:00:50	AELUMA event 1408460450	Infrasound	37.88	-73.92	65	EarthScope DS AELUMA	events/2014/Infrasound_Event_12521800
1408461350	2014-08-19T15:15:50	AELUMA event 1408461350	Infrasound	38.17	-74.02	80	EarthScope DS AELUMA	events/2014/Infrasound_Event_12522124
1408463430	2014-08-19T15:50:30	AELUMA event 1408463430	Infrasound	35.45	-76.27	43	EarthScope DS AELUMA	events/2014/Infrasound_Event_12522448
1408469900	2014-08-19T17:38:20	AELUMA event 1408469900	Infrasound	38.4	-75.03	49	EarthScope DS AELUMA	events/2014/Infrasound_Event_12522772
1408476820	2014-08-19T19:33:40	AELUMA event 1408476820	Infrasound	37.92	-74.08	46	EarthScope DS AELUMA	events/2014/Infrasound_Event_12523096
1408477890	2014-08-19T19:51:30	AELUMA event 1408477890	Infrasound	37.58	-73.75	45	EarthScope DS AELUMA	events/2014/Infrasound_Event_12523420
1408479570	2014-08-19T20:19:30	AELUMA event 1408479570	Infrasound	36.53	-75.07	45	EarthScope DS AELUMA	events/2014/Infrasound_Event_12523744
1408487320	2014-08-19T22:28:40	AELUMA event 1408487320	Infrasound	33.63	-79.03	29	EarthScope DS AELUMA	events/2014/Infrasound_Event_12524068
1408490460	2014-08-19T23:21:00	AELUMA event 1408490460	Infrasound	33.92	-76.55	29	EarthScope DS AELUMA	events/2014/Infrasound_Event_12524392
1408492680	2014-08-19T23:58:00	AELUMA event 1408492680	Infrasound	34.02	-76.93	55	EarthScope DS AELUMA	events/2014/Infrasound_Event_12524716
1408494610	2014-08-20T00:30:10	AELUMA event 1408494610	Infrasound	36.15	-75.45	51	EarthScope DS AELUMA	events/2014/Infrasound_Event_12525040
1408499860	2014-08-20T01:57:40	AELUMA event 1408499860	Infrasound	36.53	-74.63	65	EarthScope DS AELUMA	events/2014/Infrasound_Event_12525364
1408540420	2014-08-20T13:13:40	AELUMA event 1408540420	Infrasound	35.97	-75.32	32	EarthScope DS AELUMA	events/2014/Infrasound_Event_12525688
1408542020	2014-08-20T13:40:20	AELUMA event 1408542020	Infrasound	31.5	-80.72	40	EarthScope DS AELUMA	events/2014/Infrasound_Event_12526012
1408542440	2014-08-20T13:47:20	AELUMA event 1408542440	Infrasound	37.45	-74.02	53	EarthScope DS AELUMA	events/2014/Infrasound_Event_12526336
1408543380	2014-08-20T14:03:00	AELUMA event 1408543380	Infrasound	31.1	-80.75	43	EarthScope DS AELUMA	events/2014/Infrasound_Event_12526660
1408547940	2014-08-20T15:19:00	AELUMA event 1408547940	Infrasound	37.58	-74.42	96	EarthScope DS AELUMA	events/2014/Infrasound_Event_12526984
1408577250	2014-08-20T23:27:30	AELUMA event 1408577250	Infrasound	34.82	-75.07	53	EarthScope DS AELUMA	events/2014/Infrasound_Event_12527308
1408626890	2014-08-21T13:14:50	AELUMA event 1408626890	Infrasound	36.73	-75.13	43	EarthScope DS AELUMA	events/2014/Infrasound_Event_12527632
1408628100	2014-08-21T13:35:00	AELUMA event 1408628100	Infrasound	37.48	-74.18	55	EarthScope DS AELUMA	events/2014/Infrasound_Event_12527956
1408629240	2014-08-21T13:54:00	AELUMA event 1408629240	Infrasound	37.15	-75.28	41	EarthScope DS AELUMA	events/2014/Infrasound_Event_12528280
1408631630	2014-08-21T14:33:50	AELUMA event 1408631630	Infrasound	38.02	-74.3	87	EarthScope DS AELUMA	events/2014/Infrasound_Event_12528604
1408643890	2014-08-21T17:58:10	AELUMA event 1408643890	Infrasound	37.82	-75.38	34	EarthScope DS AELUMA	events/2014/Infrasound_Event_12528928
1408648380	2014-08-21T19:13:00	AELUMA event 1408648380	Infrasound	40.02	-70.32	35	EarthScope DS AELUMA	events/2014/Infrasound_Event_12529252
1408664780	2014-08-21T23:46:20	AELUMA event 1408664780	Infrasound	34.77	-76.4	64	EarthScope DS AELUMA	events/2014/Infrasound_Event_12529576
1408714520	2014-08-22T13:35:20	AELUMA event 1408714520	Infrasound	37.43	-74.02	118	EarthScope DS AELUMA	events/2014/Infrasound_Event_12529900
1408718430	2014-08-22T14:40:30	AELUMA event 1408718430	Infrasound	38.05	-74.23	53	EarthScope DS AELUMA	events/2014/Infrasound_Event_12530223
1408719150	2014-08-22T14:52:30	AELUMA event 1408719150	Infrasound	37.93	-74.08	55	EarthScope DS AELUMA	events/2014/Infrasound_Event_12530546
1408719890	2014-08-22T15:04:50	AELUMA event 1408719890	Infrasound	37.68	-73.77	54	EarthScope DS AELUMA	events/2014/Infrasound_Event_12530869
1408723740	2014-08-22T16:09:00	AELUMA event 1408723740	Infrasound	35.72	-74.7	43	EarthScope DS AELUMA	events/2014/Infrasound_Event_12531192
1408973770	2014-08-25T13:36:10	AELUMA event 1408973770	Infrasound	37.3	-74.55	40	EarthScope DS AELUMA	events/2014/Infrasound_Event_12531515
1408974620	2014-08-25T13:50:20	AELUMA event 1408974620	Infrasound	37.3	-74.17	81	EarthScope DS AELUMA	events/2014/Infrasound_Event_12531838
1408977520	2014-08-25T14:38:40	AELUMA event 1408977520	Infrasound	37.6	-74.28	53	EarthScope DS AELUMA	events/2014/Infrasound_Event_12532161
1408995560	2014-08-25T19:39:20	AELUMA event 1408995560	Infrasound	37.87	-74.22	56	EarthScope DS AELUMA	events/2014/Infrasound_Event_12532484
1408996550	2014-08-25T19:55:50	AELUMA event 1408996550	Infrasound	37.63	-74.52	86	EarthScope DS AELUMA	events/2014/Infrasound_Event_12532807
1408998860	2014-08-25T20:34:20	AELUMA event 1408998860	Infrasound	36.2	-74.8	58	EarthScope DS AELUMA	events/2014/Infrasound_Event_12533130
1409059720	2014-08-26T13:28:40	AELUMA event 1409059720	Infrasound	37.5	-73.22	55	EarthScope DS AELUMA	events/2014/Infrasound_Event_12533453
1409059960	2014-08-26T13:32:40	AELUMA event 1409059960	Infrasound	37.0	-73.48	48	EarthScope DS AELUMA	events/2014/Infrasound_Event_12533776
1409063500	2014-08-26T14:31:40	AELUMA event 1409063500	Infrasound	37.63	-73.97	62	EarthScope DS AELUMA	events/2014/Infrasound_Event_12534098
1409067160	2014-08-26T15:32:40	AELUMA event 1409067160	Infrasound	37.58	-73.42	50	EarthScope DS AELUMA	events/2014/Infrasound_Event_12534420
1409084190	2014-08-26T20:16:30	AELUMA event 1409084190	Infrasound	37.2	-74.35	34	EarthScope DS AELUMA	events/2014/Infrasound_Event_12534741
1409087380	2014-08-26T21:09:40	AELUMA event 1409087380	Infrasound	33.25	-80.4	40	EarthScope DS AELUMA	events/2014/Infrasound_Event_12535062
1409100560	2014-08-27T00:49:20	AELUMA event 1409100560	Infrasound	32.2	-80.27	53	EarthScope DS AELUMA	events/2014/Infrasound_Event_12535383
1409105680	2014-08-27T02:14:40	AELUMA event 1409105680	Infrasound	32.02	-79.93	57	EarthScope DS AELUMA	events/2014/Infrasound_Event_12535704
1409144300	2014-08-27T12:58:20	AELUMA event 1409144300	Infrasound	38.2	-79.42	33	EarthScope DS AELUMA	events/2014/Infrasound_Event_12536025
1409167770	2014-08-27T19:29:30	AELUMA event 1409167770	Infrasound	36.5	-74.93	51	EarthScope DS AELUMA	events/2014/Infrasound_Event_12536344
1409179330	2014-08-27T22:42:10	AELUMA event 1409179330	Infrasound	34.78	-77.42	31	EarthScope DS AELUMA	events/2014/Infrasound_Event_12536663
1409181630	2014-08-27T23:20:30	AELUMA event 1409181630	Infrasound	36.73	-74.57	37	EarthScope DS AELUMA	events/2014/Infrasound_Event_12536982
1409183710	2014-08-27T23:55:10	AELUMA event 1409183710	Infrasound	36.07	-74.95	29	EarthScope DS AELUMA	events/2014/Infrasound_Event_12537301
1409193000	2014-08-28T02:30:00	AELUMA event 1409193000	Infrasound	32.3	-80.33	55	EarthScope DS AELUMA	events/2014/Infrasound_Event_12537620
1409193610	2014-08-28T02:40:10	AELUMA event 1409193610	Infrasound	32.3	-80.75	61	EarthScope DS AELUMA	events/2014/Infrasound_Event_12537939
1409216430	2014-08-28T09:00:30	AELUMA event 1409216430	Infrasound	37.87	-75.4	74	EarthScope DS AELUMA	events/2014/Infrasound_Event_12538258
1409247180	2014-08-28T17:33:00	AELUMA event 1409247180	Infrasound	36.58	-75.37	35	EarthScope DS AELUMA	events/2014/Infrasound_Event_12538576
1409247930	2014-08-28T17:45:30	AELUMA event 1409247930	Infrasound	36.78	-74.83	31	EarthScope DS AELUMA	events/2014/Infrasound_Event_12538894
1409323000	2014-08-29T14:36:40	AELUMA event 1409323000	Infrasound	36.67	-74.52	32	EarthScope DS AELUMA	events/2014/Infrasound_Event_12539212
1409664770	2014-09-02T13:32:50	AELUMA event 1409664770	Infrasound	37.68	-74.27	57	EarthScope DS AELUMA	events/2014/Infrasound_Event_12539528
1409697080	2014-09-02T22:31:20	AELUMA event 1409697080	Infrasound	36.2	-74.5	48	EarthScope DS AELUMA	events/2014/Infrasound_Event_12539844
1409706750	2014-09-03T01:12:30	AELUMA event 1409706750	Infrasound	32.33	-80.52	85	EarthScope DS AELUMA	events/2014/Infrasound_Event_12540160
1409707640	2014-09-03T01:27:20	AELUMA event 1409707640	Infrasound	32.0	-80.5	67	EarthScope DS AELUMA	events/2014/Infrasound_Event_12540476
1409751290	2014-09-03T13:34:50	AELUMA event 1409751290	Infrasound	37.78	-74.38	35	EarthScope DS AELUMA	events/2014/Infrasound_Event_12540792
1409756060	2014-09-03T14:54:20	AELUMA event 1409756060	Infrasound	36.15	-75.32	44	EarthScope DS AELUMA	events/2014/Infrasound_Event_12541108
1409756880	2014-09-03T15:08:00	AELUMA event 1409756880	Infrasound	36.32	-74.72	51	EarthScope DS AELUMA	events/2014/Infrasound_Event_12541424
1409758130	2014-09-03T15:28:50	AELUMA event 1409758130	Infrasound	37.93	-75.47	34	EarthScope DS AELUMA	events/2014/Infrasound_Event_12541740
1409759560	2014-09-03T15:52:40	AELUMA event 1409759560	Infrasound	35.73	-75.17	40	EarthScope DS AELUMA	events/2014/Infrasound_Event_12542056
1409762370	2014-09-03T16:39:30	AELUMA event 1409762370	Infrasound	38.35	-74.22	49	EarthScope DS AELUMA	events/2014/Infrasound_Event_12542372
1409768510	2014-09-03T18:21:50	AELUMA event 1409768510	Infrasound	34.63	-75.45	78	EarthScope DS AELUMA	events/2014/Infrasound_Event_12542688
1409777810	2014-09-03T20:56:50	AELUMA event 1409777810	Infrasound	35.35	-76.45	59	EarthScope DS AELUMA	events/2014/Infrasound_Event_12543004
1409792720	2014-09-04T01:05:20	AELUMA event 1409792720	Infrasound	31.52	-80.52	47	EarthScope DS AELUMA	events/2014/Infrasound_Event_12543320
1409793680	2014-09-04T01:21:20	AELUMA event 1409793680	Infrasound	33.8	-79.98	112	EarthScope DS AELUMA	events/2014/Infrasound_Event_12543636
1409794630	2014-09-04T01:37:10	AELUMA event 1409794630	Infrasound	33.35	-79.75	50	EarthScope DS AELUMA	events/2014/Infrasound_Event_12543952
1409837140	2014-09-04T13:25:40	AELUMA event 1409837140	Infrasound	38.07	-74.5	73	EarthScope DS AELUMA	events/2014/Infrasound_Event_12544268
1409838340	2014-09-04T13:45:40	AELUMA event 1409838340	Infrasound	35.83	-74.73	50	EarthScope DS AELUMA	events/2014/Infrasound_Event_12544584
1409839220	2014-09-04T14:00:20	AELUMA event 1409839220	Infrasound	36.15	-75.2	45	EarthScope DS AELUMA	events/2014/Infrasound_Event_12544900
1409843520	2014-09-04T15:12:00	AELUMA event 1409843520	Infrasound	34.13	-76.2	64	EarthScope DS AELUMA	events/2014/Infrasound_Event_12545215
1409850480	2014-09-04T17:08:00	AELUMA event 1409850480	Infrasound	35.92	-75.32	40	EarthScope DS AELUMA	events/2014/Infrasound_Event_12545530
1409857750	2014-09-04T19:09:10	AELUMA event 1409857750	Infrasound	37.92	-74.65	54	EarthScope DS AELUMA	events/2014/Infrasound_Event_12545845
1409863490	2014-09-04T20:44:50	AELUMA event 1409863490	Infrasound	35.07	-80.27	63	EarthScope DS AELUMA	events/2014/Infrasound_Event_12546160
1409863860	2014-09-04T20:51:00	AELUMA event 1409863860	Infrasound	33.53	-80.62	57	EarthScope DS AELUMA	events/2014/Infrasound_Event_12546475
1409878430	2014-09-05T00:53:50	AELUMA event 1409878430	Infrasound	32.35	-80.42	69	EarthScope DS AELUMA	events/2014/Infrasound_Event_12546790
1409879350	2014-09-05T01:09:10	AELUMA event 1409879350	Infrasound	32.0	-80.32	48	EarthScope DS AELUMA	events/2014/Infrasound_Event_12547105
1409882340	2014-09-05T01:59:00	AELUMA event 1409882340	Infrasound	31.98	-80.38	84	EarthScope DS AELUMA	events/2014/Infrasound_Event_12547420
1409925770	2014-09-05T14:02:50	AELUMA event 1409925770	Infrasound	37.02	-74.65	79	EarthScope DS AELUMA	events/2014/Infrasound_Event_12547735
1409927360	2014-09-05T14:29:20	AELUMA event 1409927360	Infrasound	35.2	-74.75	42	EarthScope DS AELUMA	events/2014/Infrasound_Event_12548050
1409928890	2014-09-05T14:54:50	AELUMA event 1409928890	Infrasound	37.68	-74.12	60	EarthScope DS AELUMA	events/2014/Infrasound_Event_12548365
1409931290	2014-09-05T15:34:50	AELUMA event 1409931290	Infrasound	35.7	-74.95	37	EarthScope DS AELUMA	events/2014/Infrasound_Event_12548679
1409943120	2014-09-05T18:52:00	AELUMA event 1409943120	Infrasound	36.73	-75.25	39	EarthScope DS AELUMA	events/2014/Infrasound_Event_12548993
1409949570	2014-09-05T20:39:30	AELUMA event 1409949570	Infrasound	32.9	-80.37	51	EarthScope DS AELUMA	events/2014/Infrasound_Event_12549307
1410011540	2014-09-06T13:52:20	AELUMA event 1410011540	Infrasound	37.3	-74.12	43	EarthScope DS AELUMA	events/2014/Infrasound_Event_12549621
1410012330	2014-09-06T14:05:30	AELUMA event 1410012330	Infrasound	37.83	-74.3	88	EarthScope DS AELUMA	events/2014/Infrasound_Event_12549935
1410021680	2014-09-06T16:41:20	AELUMA event 1410021680	Infrasound	37.3	-75.03	57	EarthScope DS AELUMA	events/2014/Infrasound_Event_12550249
1410066910	2014-09-07T05:15:10	AELUMA event 1410066910	Infrasound	30.72	-80.13	84	EarthScope DS AELUMA	events/2014/Infrasound_Event_12550562
1410271100	2014-09-09T13:58:20	AELUMA event 1410271100	Infrasound	31.82	-80.22	41	EarthScope DS AELUMA	events/2014/Infrasound_Event_12550874
1410301150	2014-09-09T22:19:10	AELUMA event 1410301150	Infrasound	34.43	-76.98	51	EarthScope DS AELUMA	events/2014/Infrasound_Event_12551185
1410314360	2014-09-10T01:59:20	AELUMA event 1410314360	Infrasound	37.87	-74.43	97	EarthScope DS AELUMA	events/2014/Infrasound_Event_12551496
1410356770	2014-09-10T13:46:10	AELUMA event 1410356770	Infrasound	31.58	-80.55	49	EarthScope DS AELUMA	events/2014/Infrasound_Event_12551807
1410362320	2014-09-10T15:18:40	AELUMA event 1410362320	Infrasound	35.78	-74.22	48	EarthScope DS AELUMA	events/2014/Infrasound_Event_12552117
1410363620	2014-09-10T15:40:20	AELUMA event 1410363620	Infrasound	38.15	-75.23	56	EarthScope DS AELUMA	events/2014/Infrasound_Event_12552427
1410370830	2014-09-10T17:40:30	AELUMA event 1410370830	Infrasound	34.57	-75.63	40	EarthScope DS AELUMA	events/2014/Infrasound_Event_12552737
1410378020	2014-09-10T19:40:20	AELUMA event 1410378020	Infrasound	37.73	-74.32	52	EarthScope DS AELUMA	events/2014/Infrasound_Event_12553047
1410378720	2014-09-10T19:52:00	AELUMA event 1410378720	Infrasound	37.5	-74.37	54	EarthScope DS AELUMA	events/2014/Infrasound_Event_12553357
1410394490	2014-09-11T00:14:50	AELUMA event 1410394490	Infrasound	37.53	-73.8	34	EarthScope DS AELUMA	events/2014/Infrasound_Event_12553667
1410397720	2014-09-11T01:08:40	AELUMA event 1410397720	Infrasound	37.5	-74.48	35	EarthScope DS AELUMA	events/2014/Infrasound_Event_12553977
1410398270	2014-09-11T01:17:50	AELUMA event 1410398270	Infrasound	37.78	-73.62	80	EarthScope DS AELUMA	events/2014/Infrasound_Event_12554287
1410472290	2014-09-11T21:51:30	AELUMA event 1410472290	Infrasound	35.02	-76.65	49	EarthScope DS AELUMA	events/2014/Infrasound_Event_12554597
1410480850	2014-09-12T00:14:10	AELUMA event 1410480850	Infrasound	37.73	-74.98	61	EarthScope DS AELUMA	events/2014/Infrasound_Event_12554907
1410481600	2014-09-12T00:26:40	AELUMA event 1410481600	Infrasound	37.4	-74.7	93	EarthScope DS AELUMA	events/2014/Infrasound_Event_12555217
1410483200	2014-09-12T00:53:20	AELUMA event 1410483200	Infrasound	34.83	-76.37	39	EarthScope DS AELUMA	events/2014/Infrasound_Event_12555527
1410484740	2014-09-12T01:19:00	AELUMA event 1410484740	Infrasound	37.75	-74.97	80	EarthScope DS AELUMA	events/2014/Infrasound_Event_12555837
1410531520	2014-09-12T14:18:40	AELUMA event 1410531520	Infrasound	40.4	-70.8	31	EarthScope DS AELUMA	events/2014/Infrasound_Event_12556147
1410536380	2014-09-12T15:39:40	AELUMA event 1410536380	Infrasound	37.58	-74.13	45	EarthScope DS AELUMA	events/2014/Infrasound_Event_12556456
1410539850	2014-09-12T16:37:30	AELUMA event 1410539850	Infrasound	37.78	-74.92	36	EarthScope DS AELUMA	events/2014/Infrasound_Event_12556765
1410540940	2014-09-12T16:55:40	AELUMA event 1410540940	Infrasound	37.45	-74.33	48	EarthScope DS AELUMA	events/2014/Infrasound_Event_12557074
1410546140	2014-09-12T18:22:20	AELUMA event 1410546140	Infrasound	34.63	-80.02	36	EarthScope DS AELUMA	events/2014/Infrasound_Event_12557383
1410555190	2014-09-12T20:53:10	AELUMA event 1410555190	Infrasound	38.05	-74.8	41	EarthScope DS AELUMA	events/2014/Infrasound_Event_12557692
1410613260	2014-09-13T13:01:00	AELUMA event 1410613260	Infrasound	31.4	-80.47	45	EarthScope DS AELUMA	events/2014/Infrasound_Event_12558001
1410614500	2014-09-13T13:21:40	AELUMA event 1410614500	Infrasound	30.93	-80.65	30	EarthScope DS AELUMA	events/2014/Infrasound_Event_12558310
1410620550	2014-09-13T15:02:30	AELUMA event 1410620550	Infrasound	31.73	-80.27	34	EarthScope DS AELUMA	events/2014/Infrasound_Event_12558619
1410749800	2014-09-15T02:56:40	AELUMA event 1410749800	Infrasound	40.63	-77.98	126	EarthScope DS AELUMA	events/2014/Infrasound_Event_12558927
1410792310	2014-09-15T14:45:10	AELUMA event 1410792310	Infrasound	32.62	-79.7	46	EarthScope DS AELUMA	events/2014/Infrasound_Event_12559235
1410813160	2014-09-15T20:32:40	AELUMA event 1410813160	Infrasound	37.97	-74.8	60	EarthScope DS AELUMA	events/2014/Infrasound_Event_12559543
1410814990	2014-09-15T21:03:10	AELUMA event 1410814990	Infrasound	39.33	-74.08	50	EarthScope DS AELUMA	events/2014/Infrasound_Event_12559851
1410816270	2014-09-15T21:24:30	AELUMA event 1410816270	Infrasound	39.63	-73.98	50	EarthScope DS AELUMA	events/2014/Infrasound_Event_12560159
1410817350	2014-09-15T21:42:30	AELUMA event 1410817350	Infrasound	38.62	-74.52	83	EarthScope DS AELUMA	events/2014/Infrasound_Event_12560467
1410825730	2014-09-16T00:02:10	AELUMA event 1410825730	Infrasound	37.58	-75.02	40	EarthScope DS AELUMA	events/2014/Infrasound_Event_12560775
1410827800	2014-09-16T00:36:40	AELUMA event 1410827800	Infrasound	37.78	-74.98	50	EarthScope DS AELUMA	events/2014/Infrasound_Event_12561083
1410830640	2014-09-16T01:24:00	AELUMA event 1410830640	Infrasound	37.23	-73.43	45	EarthScope DS AELUMA	events/2014/Infrasound_Event_12561391
1410876650	2014-09-16T14:10:50	AELUMA event 1410876650	Infrasound	32.0	-80.45	44	EarthScope DS AELUMA	events/2014/Infrasound_Event_12561699
1410901200	2014-09-16T21:00:00	AELUMA event 1410901200	Infrasound	33.15	-83.55	72	EarthScope DS AELUMA	events/2014/Infrasound_Event_12562007
1410901290	2014-09-16T21:01:30	AELUMA event 1410901290	Infrasound	37.27	-73.27	66	EarthScope DS AELUMA	events/2014/Infrasound_Event_12562315
1410914100	2014-09-17T00:35:00	AELUMA event 1410914100	Infrasound	38.2	-73.22	35	EarthScope DS AELUMA	events/2014/Infrasound_Event_12562623
1410916710	2014-09-17T01:18:30	AELUMA event 1410916710	Infrasound	37.87	-74.8	81	EarthScope DS AELUMA	events/2014/Infrasound_Event_12562931
1410979880	2014-09-17T18:51:20	AELUMA event 1410979880	Infrasound	36.02	-76.75	61	EarthScope DS AELUMA	events/2014/Infrasound_Event_12563238
1410988680	2014-09-17T21:18:00	AELUMA event 1410988680	Infrasound	34.65	-78.03	50	EarthScope DS AELUMA	events/2014/Infrasound_Event_12563545
1410991280	2014-09-17T22:01:20	AELUMA event 1410991280	Infrasound	32.2	-82.67	58	EarthScope DS AELUMA	events/2014/Infrasound_Event_12563852
1410992270	2014-09-17T22:17:50	AELUMA event 1410992270	Infrasound	34.18	-81.47	110	EarthScope DS AELUMA	events/2014/Infrasound_Event_12564159
1410992520	2014-09-17T22:22:00	AELUMA event 1410992520	Infrasound	33.03	-82.25	78	EarthScope DS AELUMA	events/2014/Infrasound_Event_12564466
1411001030	2014-09-18T00:43:50	AELUMA event 1411001030	Infrasound	35.58	-75.23	148	EarthScope DS AELUMA	events/2014/Infrasound_Event_12564773
1411002390	2014-09-18T01:06:30	AELUMA event 1411002390	Infrasound	35.38	-75.53	64	EarthScope DS AELUMA	events/2014/Infrasound_Event_12565080
1411003160	2014-09-18T01:19:20	AELUMA event 1411003160	Infrasound	37.4	-75.02	100	EarthScope DS AELUMA	events/2014/Infrasound_Event_12565387
1411005070	2014-09-18T01:51:10	AELUMA event 1411005070	Infrasound	37.45	-74.88	142	EarthScope DS AELUMA	events/2014/Infrasound_Event_12565694
1411005710	2014-09-18T02:01:50	AELUMA event 1411005710	Infrasound	38.22	-74.0	68	EarthScope DS AELUMA	events/2014/Infrasound_Event_12566001
1411056030	2014-09-18T16:00:30	AELUMA event 1411056030	Infrasound	34.53	-75.12	36	EarthScope DS AELUMA	events/2014/Infrasound_Event_12566308
1411068120	2014-09-18T19:22:00	AELUMA event 1411068120	Infrasound	37.68	-73.98	53	EarthScope DS AELUMA	events/2014/Infrasound_Event_12566615
1411073980	2014-09-18T20:59:40	AELUMA event 1411073980	Infrasound	37.63	-74.65	76	EarthScope DS AELUMA	events/2014/Infrasound_Event_12566922
1411085990	2014-09-19T00:19:50	AELUMA event 1411085990	Infrasound	37.73	-74.27	156	EarthScope DS AELUMA	events/2014/Infrasound_Event_12567229
1411086780	2014-09-19T00:33:00	AELUMA event 1411086780	Infrasound	37.73	-74.23	102	EarthScope DS AELUMA	events/2014/Infrasound_Event_12567536
1411087610	2014-09-19T00:46:50	AELUMA event 1411087610	Infrasound	37.9	-74.12	136	EarthScope DS AELUMA	events/2014/Infrasound_Event_12567843
1411089600	2014-09-19T01:20:00	AELUMA event 1411089600	Infrasound	37.72	-74.22	184	EarthScope DS AELUMA	events/2014/Infrasound_Event_12568150
1411090140	2014-09-19T01:29:00	AELUMA event 1411090140	Infrasound	37.15	-73.78	63	EarthScope DS AELUMA	events/2014/Infrasound_Event_12568457
1411091540	2014-09-19T01:52:20	AELUMA event 1411091540	Infrasound	37.97	-76.83	33	EarthScope DS AELUMA	events/2014/Infrasound_Event_12568764
1411279250	2014-09-21T06:00:50	AELUMA event 1411279250	Infrasound	33.13	-77.45	78	EarthScope DS AELUMA	events/2014/Infrasound_Event_12569069
1411279990	2014-09-21T06:13:10	AELUMA event 1411279990	Infrasound	31.8	-80.17	62	EarthScope DS AELUMA	events/2014/Infrasound_Event_12569374
1411431220	2014-09-23T00:13:40	AELUMA event 1411431220	Infrasound	37.7	-73.52	65	EarthScope DS AELUMA	events/2014/Infrasound_Event_12569679
1411435930	2014-09-23T01:32:10	AELUMA event 1411435930	Infrasound	37.68	-74.27	82	EarthScope DS AELUMA	events/2014/Infrasound_Event_12569984
1411482540	2014-09-23T14:29:00	AELUMA event 1411482540	Infrasound	34.1	-79.12	56	EarthScope DS AELUMA	events/2014/Infrasound_Event_12570289
1411495060	2014-09-23T17:57:40	AELUMA event 1411495060	Infrasound	35.12	-79.18	29	EarthScope DS AELUMA	events/2014/Infrasound_Event_12570594
1411518500	2014-09-24T00:28:20	AELUMA event 1411518500	Infrasound	37.72	-74.18	37	EarthScope DS AELUMA	events/2014/Infrasound_Event_12570899
1411536620	2014-09-24T05:30:20	AELUMA event 1411536620	Infrasound	33.07	-81.18	43	EarthScope DS AELUMA	events/2014/Infrasound_Event_12571204
1411569230	2014-09-24T14:33:50	AELUMA event 1411569230	Infrasound	39.63	-74.17	38	EarthScope DS AELUMA	events/2014/Infrasound_Event_12571509
1411759330	2014-09-26T19:22:10	AELUMA event 1411759330	Infrasound	38.17	-74.8	27	EarthScope DS AELUMA	events/2014/Infrasound_Event_12571814
1411764660	2014-09-26T20:51:00	AELUMA event 1411764660	Infrasound	38.83	-74.98	50	EarthScope DS AELUMA	events/2014/Infrasound_Event_12572119
1411771170	2014-09-26T22:39:30	AELUMA event 1411771170	Infrasound	37.5	-82.75	37	EarthScope DS AELUMA	events/2014/Infrasound_Event_12572424
1412085570	2014-09-30T13:59:30	AELUMA event 1412085570	Infrasound	36.35	-74.93	63	EarthScope DS AELUMA	events/2014/Infrasound_Event_12572727
1412170380	2014-10-01T13:33:00	AELUMA event 1412170380	Infrasound	36.65	-74.47	47	EarthScope DS AELUMA	events/2014/Infrasound_Event_12573030
1412172350	2014-10-01T14:05:50	AELUMA event 1412172350	Infrasound	32.62	-80.0	69	EarthScope DS AELUMA	events/2014/Infrasound_Event_12573333
1412173370	2014-10-01T14:22:50	AELUMA event 1412173370	Infrasound	32.02	-80.47	53	EarthScope DS AELUMA	events/2014/Infrasound_Event_12573636
1412186270	2014-10-01T17:57:50	AELUMA event 1412186270	Infrasound	31.1	-79.93	40	EarthScope DS AELUMA	events/2014/Infrasound_Event_12573939
1412195460	2014-10-01T20:31:00	AELUMA event 1412195460	Infrasound	35.55	-78.33	54	EarthScope DS AELUMA	events/2014/Infrasound_Event_12574242
1412199160	2014-10-01T21:32:40	AELUMA event 1412199160	Infrasound	36.02	-74.77	50	EarthScope DS AELUMA	events/2014/Infrasound_Event_12574545
1412252920	2014-10-02T12:28:40	AELUMA event 1412252920	Infrasound	36.05	-75.05	57	EarthScope DS AELUMA	events/2014/Infrasound_Event_12574848
1412254660	2014-10-02T12:57:40	AELUMA event 1412254660	Infrasound	36.53	-74.03	71	EarthScope DS AELUMA	events/2014/Infrasound_Event_12575151
1412256480	2014-10-02T13:28:00	AELUMA event 1412256480	Infrasound	37.92	-75.03	26	EarthScope DS AELUMA	events/2014/Infrasound_Event_12575454
1412258490	2014-10-02T14:01:30	AELUMA event 1412258490	Infrasound	37.87	-74.57	49	EarthScope DS AELUMA	events/2014/Infrasound_Event_12575757
1412259570	2014-10-02T14:19:30	AELUMA event 1412259570	Infrasound	31.42	-80.13	46	EarthScope DS AELUMA	events/2014/Infrasound_Event_12576060
1412277760	2014-10-02T19:22:40	AELUMA event 1412277760	Infrasound	37.22	-74.07	46	EarthScope DS AELUMA	events/2014/Infrasound_Event_12576362
1412303880	2014-10-03T02:38:00	AELUMA event 1412303880	Infrasound	41.3	-75.13	40	EarthScope DS AELUMA	events/2014/Infrasound_Event_12576665
1412687760	2014-10-07T13:16:00	AELUMA event 1412687760	Infrasound	31.38	-80.03	33	EarthScope DS AELUMA	events/2014/Infrasound_Event_12576967
1412722620	2014-10-07T22:57:00	AELUMA event 1412722620	Infrasound	34.02	-84.65	30	EarthScope DS AELUMA	events/2014/Infrasound_Event_12577269
1412813300	2014-10-09T00:08:20	AELUMA event 1412813300	Infrasound	35.22	-84.42	58	EarthScope DS AELUMA	events/2014/Infrasound_Event_12577571
1412815770	2014-10-09T00:49:30	AELUMA event 1412815770	Infrasound	32.9	-80.68	55	EarthScope DS AELUMA	events/2014/Infrasound_Event_12577873
1412816220	2014-10-09T00:57:00	AELUMA event 1412816220	Infrasound	31.83	-82.68	112	EarthScope DS AELUMA	events/2014/Infrasound_Event_12578175
1412817420	2014-10-09T01:17:00	AELUMA event 1412817420	Infrasound	32.32	-82.53	113	EarthScope DS AELUMA	events/2014/Infrasound_Event_12578477
1412861040	2014-10-09T13:24:00	AELUMA event 1412861040	Infrasound	32.28	-79.98	54	EarthScope DS AELUMA	events/2014/Infrasound_Event_12578779
1412862120	2014-10-09T13:42:00	AELUMA event 1412862120	Infrasound	32.1	-79.45	29	EarthScope DS AELUMA	events/2014/Infrasound_Event_12579081
1412869320	2014-10-09T15:42:00	AELUMA event 1412869320	Infrasound	31.6	-82.53	51	EarthScope DS AELUMA	events/2014/Infrasound_Event_12579383
1412893740	2014-10-09T22:29:00	AELUMA event 1412893740	Infrasound	32.47	-81.33	65	EarthScope DS AELUMA	events/2014/Infrasound_Event_12579685
1412903120	2014-10-10T01:05:20	AELUMA event 1412903120	Infrasound	34.53	-77.83	62	EarthScope DS AELUMA	events/2014/Infrasound_Event_12579987
1412904920	2014-10-10T01:35:20	AELUMA event 1412904920	Infrasound	32.02	-82.8	59	EarthScope DS AELUMA	events/2014/Infrasound_Event_12580289
1412905790	2014-10-10T01:49:50	AELUMA event 1412905790	Infrasound	34.15	-81.7	77	EarthScope DS AELUMA	events/2014/Infrasound_Event_12580591
1413239800	2014-10-13T22:36:40	AELUMA event 1413239800	Infrasound	38.15	-81.22	35	EarthScope DS AELUMA	events/2014/Infrasound_Event_12580891
1413423290	2014-10-16T01:34:50	AELUMA event 1413423290	Infrasound	32.3	-81.28	49	EarthScope DS AELUMA	events/2014/Infrasound_Event_12581191
1413493850	2014-10-16T21:10:50	AELUMA event 1413493850	Infrasound	34.12	-82.47	49	EarthScope DS AELUMA	events/2014/Infrasound_Event_12581491
1413508260	2014-10-17T01:11:00	AELUMA event 1413508260	Infrasound	31.55	-82.15	80	EarthScope DS AELUMA	events/2014/Infrasound_Event_12581791
1413515080	2014-10-17T03:04:40	AELUMA event 1413515080	Infrasound	38.22	-72.93	40	EarthScope DS AELUMA	events/2014/Infrasound_Event_12582091
1413602250	2014-10-18T03:17:30	AELUMA event 1413602250	Infrasound	38.58	-73.03	51	EarthScope DS AELUMA	events/2014/Infrasound_Event_12582389
1413646420	2014-10-18T15:33:40	AELUMA event 1413646420	Infrasound	37.52	-74.55	25	EarthScope DS AELUMA	events/2014/Infrasound_Event_12582687
1413650180	2014-10-18T16:36:20	AELUMA event 1413650180	Infrasound	38.95	-74.37	29	EarthScope DS AELUMA	events/2014/Infrasound_Event_12582985
1413843820	2014-10-20T22:23:40	AELUMA event 1413843820	Infrasound	33.97	-84.62	40	EarthScope DS AELUMA	events/2014/Infrasound_Event_12583282
1413851940	2014-10-21T00:39:00	AELUMA event 1413851940	Infrasound	34.13	-77.83	40	EarthScope DS AELUMA	events/2014/Infrasound_Event_12583579
1413853980	2014-10-21T01:13:00	AELUMA event 1413853980	Infrasound	39.08	-74.33	33	EarthScope DS AELUMA	events/2014/Infrasound_Event_12583876
1413900610	2014-10-21T14:10:10	AELUMA event 1413900610	Infrasound	33.68	-82.02	70	EarthScope DS AELUMA	events/2014/Infrasound_Event_12584173
1413901940	2014-10-21T14:32:20	AELUMA event 1413901940	Infrasound	32.48	-81.4	60	EarthScope DS AELUMA	events/2014/Infrasound_Event_12584470
1413924110	2014-10-21T20:41:50	AELUMA event 1413924110	Infrasound	38.78	-73.9	37	EarthScope DS AELUMA	events/2014/Infrasound_Event_12584767
1413929620	2014-10-21T22:13:40	AELUMA event 1413929620	Infrasound	33.92	-83.98	30	EarthScope DS AELUMA	events/2014/Infrasound_Event_12585064
1413938850	2014-10-22T00:47:30	AELUMA event 1413938850	Infrasound	32.4	-83.52	33	EarthScope DS AELUMA	events/2014/Infrasound_Event_12585361
1413942690	2014-10-22T01:51:30	AELUMA event 1413942690	Infrasound	32.45	-83.57	27	EarthScope DS AELUMA	events/2014/Infrasound_Event_12585658
1414103550	2014-10-23T22:32:30	AELUMA event 1414103550	Infrasound	38.1	-84.83	55	EarthScope DS AELUMA	events/2014/Infrasound_Event_12585955
1414111960	2014-10-24T00:52:40	AELUMA event 1414111960	Infrasound	32.77	-83.45	49	EarthScope DS AELUMA	events/2014/Infrasound_Event_12586252
1414115560	2014-10-24T01:52:40	AELUMA event 1414115560	Infrasound	32.55	-83.57	40	EarthScope DS AELUMA	events/2014/Infrasound_Event_12586549
1414158150	2014-10-24T13:42:30	AELUMA event 1414158150	Infrasound	31.57	-82.38	56	EarthScope DS AELUMA	events/2014/Infrasound_Event_12586846
1414159650	2014-10-24T14:07:30	AELUMA event 1414159650	Infrasound	31.95	-82.28	59	EarthScope DS AELUMA	events/2014/Infrasound_Event_12587143
1414168000	2014-10-24T16:26:40	AELUMA event 1414168000	Infrasound	32.73	-83.72	33	EarthScope DS AELUMA	events/2014/Infrasound_Event_12587440
1414181110	2014-10-24T20:05:10	AELUMA event 1414181110	Infrasound	33.63	-83.22	30	EarthScope DS AELUMA	events/2014/Infrasound_Event_12587737
1414187410	2014-10-24T21:50:10	AELUMA event 1414187410	Infrasound	38.05	-84.8	108	EarthScope DS AELUMA	events/2014/Infrasound_Event_12588034
1414198880	2014-10-25T01:01:20	AELUMA event 1414198880	Infrasound	32.77	-83.45	47	EarthScope DS AELUMA	events/2014/Infrasound_Event_12588331
1414200420	2014-10-25T01:27:00	AELUMA event 1414200420	Infrasound	33.57	-83.9	95	EarthScope DS AELUMA	events/2014/Infrasound_Event_12588628
1414417440	2014-10-27T13:44:00	AELUMA event 1414417440	Infrasound	33.12	-81.93	44	EarthScope DS AELUMA	events/2014/Infrasound_Event_12588924
1414418560	2014-10-27T14:02:40	AELUMA event 1414418560	Infrasound	31.48	-82.6	40	EarthScope DS AELUMA	events/2014/Infrasound_Event_12589220
1414423320	2014-10-27T15:22:00	AELUMA event 1414423320	Infrasound	31.32	-82.58	54	EarthScope DS AELUMA	events/2014/Infrasound_Event_12589515
1414436970	2014-10-27T19:09:30	AELUMA event 1414436970	Infrasound	31.8	-82.15	66	EarthScope DS AELUMA	events/2014/Infrasound_Event_12589810
1414442820	2014-10-27T20:47:00	AELUMA event 1414442820	Infrasound	32.18	-81.65	147	EarthScope DS AELUMA	events/2014/Infrasound_Event_12590105
1414443570	2014-10-27T20:59:30	AELUMA event 1414443570	Infrasound	32.63	-82.28	70	EarthScope DS AELUMA	events/2014/Infrasound_Event_12590400
1414445190	2014-10-27T21:26:30	AELUMA event 1414445190	Infrasound	34.78	-84.42	29	EarthScope DS AELUMA	events/2014/Infrasound_Event_12590695
1414445280	2014-10-27T21:28:00	AELUMA event 1414445280	Infrasound	36.22	-79.42	71	EarthScope DS AELUMA	events/2014/Infrasound_Event_12590990
1414458350	2014-10-28T01:05:50	AELUMA event 1414458350	Infrasound	38.18	-73.38	79	EarthScope DS AELUMA	events/2014/Infrasound_Event_12591285
1414504890	2014-10-28T14:01:30	AELUMA event 1414504890	Infrasound	40.4	-72.95	35	EarthScope DS AELUMA	events/2014/Infrasound_Event_12591580
1414509060	2014-10-28T15:11:00	AELUMA event 1414509060	Infrasound	31.27	-82.52	46	EarthScope DS AELUMA	events/2014/Infrasound_Event_12591875
1414534170	2014-10-28T22:09:30	AELUMA event 1414534170	Infrasound	34.88	-84.57	54	EarthScope DS AELUMA	events/2014/Infrasound_Event_12592170
1414535160	2014-10-28T22:22:00	Antares liftoff & explosion, Wallops, Virginia	Rocket launch	37.85	-75.47	107	EarthScope DS TAIRED	events/2014/Infrasound_Event_12678066
1414535160	2014-10-28T22:26:00	AELUMA event 1414535160	Infrasound	38.38	-74.85	40	EarthScope DS AELUMA	events/2014/Infrasound_Event_12592465
1414605330	2014-10-29T17:55:30	AELUMA event 1414605330	Infrasound	39.52	-73.7	33	EarthScope DS AELUMA	events/2014/Infrasound_Event_12592760
1414619340	2014-10-29T21:49:00	AELUMA event 1414619340	Infrasound	32.13	-81.48	70	EarthScope DS AELUMA	events/2014/Infrasound_Event_12593055
1414619790	2014-10-29T21:56:30	AELUMA event 1414619790	Infrasound	32.48	-82.78	38	EarthScope DS AELUMA	events/2014/Infrasound_Event_12593350
1414627460	2014-10-30T00:04:20	AELUMA event 1414627460	Infrasound	38.15	-73.18	44	EarthScope DS AELUMA	events/2014/Infrasound_Event_12593645
1414678330	2014-10-30T14:12:10	AELUMA event 1414678330	Infrasound	32.8	-79.37	57	EarthScope DS AELUMA	events/2014/Infrasound_Event_12593940
1414679380	2014-10-30T14:29:40	AELUMA event 1414679380	Infrasound	32.83	-79.63	70	EarthScope DS AELUMA	events/2014/Infrasound_Event_12594235
1414684020	2014-10-30T15:47:00	AELUMA event 1414684020	Infrasound	32.4	-82.18	53	EarthScope DS AELUMA	events/2014/Infrasound_Event_12594529
1414700550	2014-10-30T20:22:30	AELUMA event 1414700550	Infrasound	33.38	-81.52	100	EarthScope DS AELUMA	events/2014/Infrasound_Event_12594823
1414706330	2014-10-30T21:58:50	AELUMA event 1414706330	Infrasound	37.22	-81.98	49	EarthScope DS AELUMA	events/2014/Infrasound_Event_12595117
1414708480	2014-10-30T22:34:40	AELUMA event 1414708480	Infrasound	33.43	-82.67	65	EarthScope DS AELUMA	events/2014/Infrasound_Event_12595411
1414713340	2014-10-30T23:55:40	AELUMA event 1414713340	Infrasound	37.73	-73.65	60	EarthScope DS AELUMA	events/2014/Infrasound_Event_12595705
1414713780	2014-10-31T00:03:00	AELUMA event 1414713780	Infrasound	39.45	-73.05	34	EarthScope DS AELUMA	events/2014/Infrasound_Event_12595999
1414714080	2014-10-31T00:08:00	AELUMA event 1414714080	Infrasound	37.68	-73.65	47	EarthScope DS AELUMA	events/2014/Infrasound_Event_12596293
1414725900	2014-10-31T03:25:00	AELUMA event 1414725900	Infrasound	36.83	-73.9	34	EarthScope DS AELUMA	events/2014/Infrasound_Event_12596587
1414765020	2014-10-31T14:17:00	AELUMA event 1414765020	Infrasound	32.37	-79.37	38	EarthScope DS AELUMA	events/2014/Infrasound_Event_12596881
1414765800	2014-10-31T14:30:00	AELUMA event 1414765800	Infrasound	38.27	-74.37	62	EarthScope DS AELUMA	events/2014/Infrasound_Event_12597175
1414786200	2014-10-31T20:10:00	AELUMA event 1414786200	Infrasound	31.28	-82.48	38	EarthScope DS AELUMA	events/2014/Infrasound_Event_12597467
1414793220	2014-10-31T22:07:00	AELUMA event 1414793220	Infrasound	32.03	-79.6	45	EarthScope DS AELUMA	events/2014/Infrasound_Event_12597759
1415025660	2014-11-03T14:41:00	AELUMA event 1415025660	Infrasound	31.32	-82.0	47	EarthScope DS AELUMA	events/2014/Infrasound_Event_12598051
1415050650	2014-11-03T21:37:30	AELUMA event 1415050650	Infrasound	32.05	-81.45	86	EarthScope DS AELUMA	events/2014/Infrasound_Event_12598343
1415155860	2014-11-05T02:51:00	AELUMA event 1415155860	Infrasound	32.07	-79.65	37	EarthScope DS AELUMA	events/2014/Infrasound_Event_12598635
1415200260	2014-11-05T15:11:00	AELUMA event 1415200260	Infrasound	33.8	-77.22	26	EarthScope DS AELUMA	events/2014/Infrasound_Event_12598927
1415205150	2014-11-05T16:32:30	AELUMA event 1415205150	Infrasound	33.43	-81.8	39	EarthScope DS AELUMA	events/2014/Infrasound_Event_12599218
1415219980	2014-11-05T20:39:40	AELUMA event 1415219980	Infrasound	37.78	-74.23	48	EarthScope DS AELUMA	events/2014/Infrasound_Event_12599509
1415222780	2014-11-05T21:26:20	AELUMA event 1415222780	Infrasound	31.9	-81.8	71	EarthScope DS AELUMA	events/2014/Infrasound_Event_12599800
1415225580	2014-11-05T22:13:00	AELUMA event 1415225580	Infrasound	32.27	-82.72	140	EarthScope DS AELUMA	events/2014/Infrasound_Event_12600091
1415228040	2014-11-05T22:54:00	AELUMA event 1415228040	Infrasound	32.65	-82.53	104	EarthScope DS AELUMA	events/2014/Infrasound_Event_12600382
1415256540	2014-11-06T06:49:00	AELUMA event 1415256540	Infrasound	38.97	-77.27	33	EarthScope DS AELUMA	events/2014/Infrasound_Event_12600673
1415257830	2014-11-06T07:10:30	AELUMA event 1415257830	Infrasound	38.97	-77.55	44	EarthScope DS AELUMA	events/2014/Infrasound_Event_12600964
1415284780	2014-11-06T14:39:40	AELUMA event 1415284780	Infrasound	39.55	-71.9	44	EarthScope DS AELUMA	events/2014/Infrasound_Event_12601255
1415286040	2014-11-06T15:00:40	AELUMA event 1415286040	Infrasound	40.12	-72.55	42	EarthScope DS AELUMA	events/2014/Infrasound_Event_12601546
1415307260	2014-11-06T20:54:20	AELUMA event 1415307260	Infrasound	40.15	-72.12	37	EarthScope DS AELUMA	events/2014/Infrasound_Event_12601836
1415397300	2014-11-07T21:55:00	AELUMA event 1415397300	Infrasound	31.52	-79.78	26	EarthScope DS AELUMA	events/2014/Infrasound_Event_12602126
1415400320	2014-11-07T22:45:20	AELUMA event 1415400320	Infrasound	34.68	-84.75	56	EarthScope DS AELUMA	events/2014/Infrasound_Event_12602416
1415403830	2014-11-07T23:43:50	AELUMA event 1415403830	Infrasound	32.23	-79.9	53	EarthScope DS AELUMA	events/2014/Infrasound_Event_12602706
1415480430	2014-11-08T21:00:30	AELUMA event 1415480430	Infrasound	32.3	-79.47	32	EarthScope DS AELUMA	events/2014/Infrasound_Event_12602995
1415657510	2014-11-10T22:11:50	AELUMA event 1415657510	Infrasound	38.17	-80.37	37	EarthScope DS AELUMA	events/2014/Infrasound_Event_12603284
1415743650	2014-11-11T22:07:30	AELUMA event 1415743650	Infrasound	37.35	-82.03	34	EarthScope DS AELUMA	events/2014/Infrasound_Event_12603573
1415819810	2014-11-12T19:16:50	AELUMA event 1415819810	Infrasound	31.53	-82.67	38	EarthScope DS AELUMA	events/2014/Infrasound_Event_12603862
1415826520	2014-11-12T21:08:40	AELUMA event 1415826520	Infrasound	31.37	-82.23	52	EarthScope DS AELUMA	events/2014/Infrasound_Event_12604151
1415845500	2014-11-13T02:25:00	AELUMA event 1415845500	Infrasound	32.43	-83.52	41	EarthScope DS AELUMA	events/2014/Infrasound_Event_12604440
1415912940	2014-11-13T21:09:00	AELUMA event 1415912940	Infrasound	31.63	-79.6	43	EarthScope DS AELUMA	events/2014/Infrasound_Event_12604729
1415913780	2014-11-13T21:23:00	AELUMA event 1415913780	Infrasound	31.53	-79.75	35	EarthScope DS AELUMA	events/2014/Infrasound_Event_12605018
1416000820	2014-11-14T21:33:40	AELUMA event 1416000820	Infrasound	32.0	-81.52	64	EarthScope DS AELUMA	events/2014/Infrasound_Event_12605307
1416013230	2014-11-15T01:00:30	AELUMA event 1416013230	Infrasound	31.95	-79.42	96	EarthScope DS AELUMA	events/2014/Infrasound_Event_12605596
1416014070	2014-11-15T01:14:30	AELUMA event 1416014070	Infrasound	32.15	-79.08	39	EarthScope DS AELUMA	events/2014/Infrasound_Event_12605885
1416014570	2014-11-15T01:22:50	AELUMA event 1416014570	Infrasound	32.48	-83.52	86	EarthScope DS AELUMA	events/2014/Infrasound_Event_12606174
1416015490	2014-11-15T01:38:10	AELUMA event 1416015490	Infrasound	32.63	-83.33	49	EarthScope DS AELUMA	events/2014/Infrasound_Event_12606463
1416089430	2014-11-15T22:10:30	AELUMA event 1416089430	Infrasound	38.2	-81.83	45	EarthScope DS AELUMA	events/2014/Infrasound_Event_12606752
1416339900	2014-11-18T11:45:00	Explosion, water waste company, Santa Paulae CA	Explosion	34.33	-119.1	2	EarthScope DS TAIRED	events/2014/Infrasound_Event_12678355
1416406970	2014-11-19T14:22:50	AELUMA event 1416406970	Infrasound	31.25	-80.37	34	EarthScope DS AELUMA	events/2014/Infrasound_Event_12607040
1416433030	2014-11-19T21:37:10	AELUMA event 1416433030	Infrasound	35.43	-84.62	30	EarthScope DS AELUMA	events/2014/Infrasound_Event_12607327
1416435280	2014-11-19T22:14:40	AELUMA event 1416435280	Infrasound	31.8	-82.67	53	EarthScope DS AELUMA	events/2014/Infrasound_Event_12607614
1416527700	2014-11-20T23:55:00	AELUMA event 1416527700	Infrasound	33.8	-77.85	38	EarthScope DS AELUMA	events/2014/Infrasound_Event_12607901
1416609280	2014-11-21T22:34:40	AELUMA event 1416609280	Infrasound	34.58	-84.42	29	EarthScope DS AELUMA	events/2014/Infrasound_Event_12608188
1416723970	2014-11-23T06:26:10	AELUMA event 1416723970	Infrasound	33.73	-83.12	34	EarthScope DS AELUMA	events/2014/Infrasound_Event_12608474
1416944040	2014-11-25T19:34:00	AELUMA event 1416944040	Infrasound	34.78	-82.7	27	EarthScope DS AELUMA	events/2014/Infrasound_Event_12608760
1416945570	2014-11-25T19:59:30	AELUMA event 1416945570	Infrasound	33.53	-82.23	40	EarthScope DS AELUMA	events/2014/Infrasound_Event_12609046
1416999530	2014-11-26T10:58:50	AELUMA event 1416999530	Infrasound	40.58	-78.48	30	EarthScope DS AELUMA	events/2014/Infrasound_Event_12609332
1417441030	2014-12-01T13:37:10	AELUMA event 1417441030	Infrasound	38.12	-73.6	37	EarthScope DS AELUMA	events/2014/Infrasound_Event_12609615
1417473880	2014-12-01T22:44:40	AELUMA event 1417473880	Infrasound	34.05	-84.65	28	EarthScope DS AELUMA	events/2014/Infrasound_Event_12609898
1417478920	2014-12-02T00:08:40	AELUMA event 1417478920	Infrasound	31.23	-82.47	56	EarthScope DS AELUMA	events/2014/Infrasound_Event_12610181
1417563510	2014-12-02T23:38:30	AELUMA event 1417563510	Infrasound	31.92	-81.37	31	EarthScope DS AELUMA	events/2014/Infrasound_Event_12610464
1417625880	2014-12-03T16:58:00	AELUMA event 1417625880	Infrasound	40.05	-72.23	25	EarthScope DS AELUMA	events/2014/Infrasound_Event_12610747
1417648400	2014-12-03T23:13:20	AELUMA event 1417648400	Infrasound	30.92	-79.83	33	EarthScope DS AELUMA	events/2014/Infrasound_Event_12611030
1417650500	2014-12-03T23:48:20	AELUMA event 1417650500	Infrasound	31.67	-82.33	66	EarthScope DS AELUMA	events/2014/Infrasound_Event_12611313
1417659000	2014-12-04T02:10:00	AELUMA event 1417659000	Infrasound	34.68	-84.75	26	EarthScope DS AELUMA	events/2014/Infrasound_Event_12611596
1417726620	2014-12-04T20:57:00	AELUMA event 1417726620	Infrasound	37.98	-72.88	44	EarthScope DS AELUMA	events/2014/Infrasound_Event_12611876
1417726990	2014-12-04T21:03:10	AELUMA event 1417726990	Infrasound	32.9	-79.6	87	EarthScope DS AELUMA	events/2014/Infrasound_Event_12612156
1417727580	2014-12-04T21:13:00	AELUMA event 1417727580	Infrasound	31.93	-81.95	129	EarthScope DS AELUMA	events/2014/Infrasound_Event_12612436
1417729160	2014-12-04T21:39:20	AELUMA event 1417729160	Infrasound	33.3	-80.48	62	EarthScope DS AELUMA	events/2014/Infrasound_Event_12612716
1417731780	2014-12-04T22:23:00	AELUMA event 1417731780	Infrasound	36.92	-82.27	48	EarthScope DS AELUMA	events/2014/Infrasound_Event_12612996
1417736940	2014-12-04T23:49:00	AELUMA event 1417736940	Infrasound	32.78	-81.15	104	EarthScope DS AELUMA	events/2014/Infrasound_Event_12613276
1417782380	2014-12-05T12:26:20	AELUMA event 1417782380	Infrasound	31.73	-79.35	126	EarthScope DS AELUMA	events/2014/Infrasound_Event_12613556
1417800030	2014-12-05T17:20:30	AELUMA event 1417800030	Infrasound	34.3	-76.32	23	EarthScope DS AELUMA	events/2014/Infrasound_Event_12613836
1417800950	2014-12-05T17:35:50	AELUMA event 1417800950	Infrasound	31.77	-79.65	74	EarthScope DS AELUMA	events/2014/Infrasound_Event_12614116
1417809810	2014-12-05T20:03:30	AELUMA event 1417809810	Infrasound	33.07	-83.57	55	EarthScope DS AELUMA	events/2014/Infrasound_Event_12614396
1417876980	2014-12-06T14:43:00	AELUMA event 1417876980	Infrasound	39.53	-72.93	67	EarthScope DS AELUMA	events/2014/Infrasound_Event_12614676
1417884060	2014-12-06T16:41:00	AELUMA event 1417884060	Infrasound	39.92	-73.5	52	EarthScope DS AELUMA	events/2014/Infrasound_Event_12614956
1417895140	2014-12-06T19:45:40	AELUMA event 1417895140	Infrasound	40.58	-70.22	37	EarthScope DS AELUMA	events/2014/Infrasound_Event_12615236
1417988000	2014-12-07T21:33:20	AELUMA event 1417988000	Infrasound	32.82	-79.88	47	EarthScope DS AELUMA	events/2014/Infrasound_Event_12615516
1418137110	2014-12-09T14:58:30	AELUMA event 1418137110	Infrasound	31.4	-82.57	48	EarthScope DS AELUMA	events/2014/Infrasound_Event_12615795
1418141880	2014-12-09T16:18:00	AELUMA event 1418141880	Infrasound	35.37	-75.78	37	EarthScope DS AELUMA	events/2014/Infrasound_Event_12616074
1418175500	2014-12-10T01:38:20	AELUMA event 1418175500	Infrasound	32.28	-83.57	35	EarthScope DS AELUMA	events/2014/Infrasound_Event_12616353
1418178970	2014-12-10T02:36:10	AELUMA event 1418178970	Infrasound	32.53	-83.8	36	EarthScope DS AELUMA	events/2014/Infrasound_Event_12616632
1418179280	2014-12-10T02:41:20	AELUMA event 1418179280	Infrasound	32.35	-83.62	30	EarthScope DS AELUMA	events/2014/Infrasound_Event_12616911
1418261210	2014-12-11T01:26:50	AELUMA event 1418261210	Infrasound	32.3	-83.62	28	EarthScope DS AELUMA	events/2014/Infrasound_Event_12617189
1418264560	2014-12-11T02:22:40	AELUMA event 1418264560	Infrasound	32.53	-83.17	37	EarthScope DS AELUMA	events/2014/Infrasound_Event_12617467
1418331190	2014-12-11T20:53:10	AELUMA event 1418331190	Infrasound	39.48	-73.52	33	EarthScope DS AELUMA	events/2014/Infrasound_Event_12617744
1418332320	2014-12-11T21:12:00	AELUMA event 1418332320	Infrasound	31.2	-82.33	49	EarthScope DS AELUMA	events/2014/Infrasound_Event_12618021
1418338880	2014-12-11T23:01:20	AELUMA event 1418338880	Infrasound	38.12	-73.7	37	EarthScope DS AELUMA	events/2014/Infrasound_Event_12618298
1418342700	2014-12-12T00:05:00	AELUMA event 1418342700	Infrasound	37.37	-73.58	51	EarthScope DS AELUMA	events/2014/Infrasound_Event_12618575
1418351340	2014-12-12T02:29:00	AELUMA event 1418351340	Infrasound	32.27	-83.47	34	EarthScope DS AELUMA	events/2014/Infrasound_Event_12618852
1418351980	2014-12-12T02:39:40	AELUMA event 1418351980	Infrasound	32.68	-83.75	40	EarthScope DS AELUMA	events/2014/Infrasound_Event_12619129
1418451710	2014-12-13T06:21:50	AELUMA event 1418451710	Infrasound	35.1	-84.75	29	EarthScope DS AELUMA	events/2014/Infrasound_Event_12619405
1418507280	2014-12-13T21:48:00	AELUMA event 1418507280	Infrasound	33.97	-84.62	31	EarthScope DS AELUMA	events/2014/Infrasound_Event_12619681
1418655430	2014-12-15T14:57:10	AELUMA event 1418655430	Infrasound	32.0	-81.98	70	EarthScope DS AELUMA	events/2014/Infrasound_Event_12619955
1418660090	2014-12-15T16:14:50	AELUMA event 1418660090	Infrasound	38.38	-73.8	44	EarthScope DS AELUMA	events/2014/Infrasound_Event_12620228
1418669700	2014-12-15T18:55:00	AELUMA event 1418669700	Infrasound	31.6	-82.48	88	EarthScope DS AELUMA	events/2014/Infrasound_Event_12620501
1418672780	2014-12-15T19:46:20	AELUMA event 1418672780	Infrasound	31.33	-81.83	45	EarthScope DS AELUMA	events/2014/Infrasound_Event_12620774
1418674140	2014-12-15T20:09:00	AELUMA event 1418674140	Infrasound	32.62	-83.02	42	EarthScope DS AELUMA	events/2014/Infrasound_Event_12621047
1418679350	2014-12-15T21:35:50	AELUMA event 1418679350	Infrasound	35.57	-74.0	62	EarthScope DS AELUMA	events/2014/Infrasound_Event_12621320
1418679930	2014-12-15T21:45:30	AELUMA event 1418679930	Infrasound	37.82	-73.92	65	EarthScope DS AELUMA	events/2014/Infrasound_Event_12621593
1418685160	2014-12-15T23:12:40	AELUMA event 1418685160	Infrasound	37.53	-73.25	32	EarthScope DS AELUMA	events/2014/Infrasound_Event_12621866
1418738600	2014-12-16T14:03:20	AELUMA event 1418738600	Infrasound	39.25	-73.13	42	EarthScope DS AELUMA	events/2014/Infrasound_Event_12622139
1418745630	2014-12-16T16:00:30	AELUMA event 1418745630	Infrasound	39.72	-73.32	43	EarthScope DS AELUMA	events/2014/Infrasound_Event_12622411
1418755440	2014-12-16T18:44:00	AELUMA event 1418755440	Infrasound	39.42	-73.57	34	EarthScope DS AELUMA	events/2014/Infrasound_Event_12622683
1418836480	2014-12-17T17:14:40	AELUMA event 1418836480	Infrasound	39.1	-73.9	36	EarthScope DS AELUMA	events/2014/Infrasound_Event_12622954
1418846600	2014-12-17T20:03:20	AELUMA event 1418846600	Infrasound	32.1	-81.35	74	EarthScope DS AELUMA	events/2014/Infrasound_Event_12623225
1418850830	2014-12-17T21:13:50	AELUMA event 1418850830	Infrasound	32.58	-82.18	50	EarthScope DS AELUMA	events/2014/Infrasound_Event_12623496
1418853620	2014-12-17T22:00:20	AELUMA event 1418853620	Infrasound	32.15	-81.5	49	EarthScope DS AELUMA	events/2014/Infrasound_Event_12623767
1418914460	2014-12-18T14:54:20	AELUMA event 1418914460	Infrasound	31.13	-82.28	38	EarthScope DS AELUMA	events/2014/Infrasound_Event_12624038
1418926510	2014-12-18T18:15:10	AELUMA event 1418926510	Infrasound	32.25	-83.47	35	EarthScope DS AELUMA	events/2014/Infrasound_Event_12624308
1418933090	2014-12-18T20:04:50	AELUMA event 1418933090	Infrasound	32.43	-83.03	37	EarthScope DS AELUMA	events/2014/Infrasound_Event_12624578
1418934260	2014-12-18T20:24:20	AELUMA event 1418934260	Infrasound	31.85	-81.75	48	EarthScope DS AELUMA	events/2014/Infrasound_Event_12624848
1418935300	2014-12-18T20:41:40	AELUMA event 1418935300	Infrasound	31.43	-82.32	30	EarthScope DS AELUMA	events/2014/Infrasound_Event_12625118
1418938470	2014-12-18T21:34:30	AELUMA event 1418938470	Infrasound	34.92	-81.83	27	EarthScope DS AELUMA	events/2014/Infrasound_Event_12625388
1418943290	2014-12-18T22:54:50	AELUMA event 1418943290	Infrasound	32.2	-82.65	45	EarthScope DS AELUMA	events/2014/Infrasound_Event_12625658
1419010790	2014-12-19T17:39:50	AELUMA event 1419010790	Infrasound	31.2	-82.42	30	EarthScope DS AELUMA	events/2014/Infrasound_Event_12625928
1419012530	2014-12-19T18:08:50	AELUMA event 1419012530	Infrasound	31.15	-82.28	30	EarthScope DS AELUMA	events/2014/Infrasound_Event_12626198
1419109130	2014-12-20T20:58:50	AELUMA event 1419109130	Infrasound	37.98	-81.83	43	EarthScope DS AELUMA	events/2014/Infrasound_Event_12626466
1419629290	2014-12-26T21:28:10	AELUMA event 1419629290	Infrasound	37.12	-82.32	40	EarthScope DS AELUMA	events/2014/Infrasound_Event_12626731
1420494100	2015-01-05T21:41:40	AELUMA event 1420494100	Infrasound	33.45	-82.55	27	EarthScope DS AELUMA	events/2015/Infrasound_Event_12626995
1420557220	2015-01-06T15:13:40	AELUMA event 1420557220	Infrasound	35.6	-74.22	46	EarthScope DS AELUMA	events/2015/Infrasound_Event_12627259
1420559980	2015-01-06T15:59:40	AELUMA event 1420559980	Infrasound	39.15	-73.35	44	EarthScope DS AELUMA	events/2015/Infrasound_Event_12627523
1420561440	2015-01-06T16:24:00	AELUMA event 1420561440	Infrasound	37.93	-73.03	56	EarthScope DS AELUMA	events/2015/Infrasound_Event_12627787
1420563050	2015-01-06T16:50:50	AELUMA event 1420563050	Infrasound	37.97	-72.93	63	EarthScope DS AELUMA	events/2015/Infrasound_Event_12628051
1420574420	2015-01-06T20:00:20	AELUMA event 1420574420	Infrasound	39.58	-71.58	58	EarthScope DS AELUMA	events/2015/Infrasound_Event_12628315
1420580970	2015-01-06T21:49:30	AELUMA event 1420580970	Infrasound	34.87	-74.65	39	EarthScope DS AELUMA	events/2015/Infrasound_Event_12628579
1420758140	2015-01-08T23:02:20	AELUMA event 1420758140	Infrasound	32.3	-82.85	34	EarthScope DS AELUMA	events/2015/Infrasound_Event_12628843
1420884130	2015-01-10T10:02:10	AELUMA event 1420884130	Infrasound	31.68	-78.45	57	EarthScope DS AELUMA	events/2015/Infrasound_Event_12629107
1421186140	2015-01-13T21:55:40	AELUMA event 1421186140	Infrasound	37.82	-74.12	32	EarthScope DS AELUMA	events/2015/Infrasound_Event_12629371
1421191830	2015-01-13T23:30:30	AELUMA event 1421191830	Infrasound	39.63	-73.8	44	EarthScope DS AELUMA	events/2015/Infrasound_Event_12629635
1421269780	2015-01-14T21:09:40	AELUMA event 1421269780	Infrasound	32.73	-81.28	50	EarthScope DS AELUMA	events/2015/Infrasound_Event_12629899
1421273610	2015-01-14T22:13:30	AELUMA event 1421273610	Infrasound	32.58	-81.47	78	EarthScope DS AELUMA	events/2015/Infrasound_Event_12630163
1421283520	2015-01-15T00:58:40	AELUMA event 1421283520	Infrasound	36.0	-77.57	67	EarthScope DS AELUMA	events/2015/Infrasound_Event_12630427
1421333400	2015-01-15T14:50:00	AELUMA event 1421333400	Infrasound	31.98	-81.33	65	EarthScope DS AELUMA	events/2015/Infrasound_Event_12630691
1421334710	2015-01-15T15:11:50	AELUMA event 1421334710	Infrasound	39.1	-74.17	30	EarthScope DS AELUMA	events/2015/Infrasound_Event_12630955
1421334810	2015-01-15T15:13:30	AELUMA event 1421334810	Infrasound	32.3	-81.95	55	EarthScope DS AELUMA	events/2015/Infrasound_Event_12631219
1421357760	2015-01-15T21:36:00	AELUMA event 1421357760	Infrasound	39.68	-73.73	63	EarthScope DS AELUMA	events/2015/Infrasound_Event_12631483
1421763020	2015-01-20T14:10:20	AELUMA event 1421763020	Infrasound	33.82	-77.93	41	EarthScope DS AELUMA	events/2015/Infrasound_Event_12631745
1421764960	2015-01-20T14:42:40	AELUMA event 1421764960	Infrasound	36.05	-74.55	31	EarthScope DS AELUMA	events/2015/Infrasound_Event_12632006
1421767310	2015-01-20T15:21:50	AELUMA event 1421767310	Infrasound	34.63	-76.85	43	EarthScope DS AELUMA	events/2015/Infrasound_Event_12632267
1421785900	2015-01-20T20:31:40	AELUMA event 1421785900	Infrasound	34.3	-79.27	27	EarthScope DS AELUMA	events/2015/Infrasound_Event_12632528
1421791410	2015-01-20T22:03:30	AELUMA event 1421791410	Infrasound	34.3	-79.35	36	EarthScope DS AELUMA	events/2015/Infrasound_Event_12632789
1421792020	2015-01-20T22:13:40	AELUMA event 1421792020	Infrasound	35.02	-79.78	61	EarthScope DS AELUMA	events/2015/Infrasound_Event_12633050
1421795080	2015-01-20T23:04:40	AELUMA event 1421795080	Infrasound	43.48	-79.03	25	EarthScope DS AELUMA	events/2015/Infrasound_Event_12633311
1421798350	2015-01-20T23:59:10	AELUMA event 1421798350	Infrasound	34.07	-78.8	70	EarthScope DS AELUMA	events/2015/Infrasound_Event_12633572
1421798680	2015-01-21T00:04:40	AELUMA event 1421798680	Infrasound	36.78	-77.27	41	EarthScope DS AELUMA	events/2015/Infrasound_Event_12633833
1421804470	2015-01-21T01:41:10	AELUMA event 1421804470	Infrasound	34.08	-78.23	75	EarthScope DS AELUMA	events/2015/Infrasound_Event_12634094
1421855180	2015-01-21T15:46:20	AELUMA event 1421855180	Infrasound	39.1	-73.55	46	EarthScope DS AELUMA	events/2015/Infrasound_Event_12634354
1421874230	2015-01-21T21:03:50	AELUMA event 1421874230	Infrasound	36.53	-74.98	74	EarthScope DS AELUMA	events/2015/Infrasound_Event_12634614
1421890960	2015-01-22T01:42:40	AELUMA event 1421890960	Infrasound	32.87	-79.5	125	EarthScope DS AELUMA	events/2015/Infrasound_Event_12634874
1421891360	2015-01-22T01:49:20	AELUMA event 1421891360	Infrasound	32.65	-79.12	61	EarthScope DS AELUMA	events/2015/Infrasound_Event_12635134
1421892400	2015-01-22T02:06:40	AELUMA event 1421892400	Infrasound	33.08	-79.32	126	EarthScope DS AELUMA	events/2015/Infrasound_Event_12635394
1421893260	2015-01-22T02:21:00	AELUMA event 1421893260	Infrasound	33.03	-79.13	119	EarthScope DS AELUMA	events/2015/Infrasound_Event_12635654
1421938550	2015-01-22T14:55:50	AELUMA event 1421938550	Infrasound	35.23	-75.88	67	EarthScope DS AELUMA	events/2015/Infrasound_Event_12635914
1421950790	2015-01-22T18:19:50	AELUMA event 1421950790	Infrasound	40.02	-73.17	48	EarthScope DS AELUMA	events/2015/Infrasound_Event_12636173
1421954340	2015-01-22T19:19:00	AELUMA event 1421954340	Infrasound	40.5	-73.2	43	EarthScope DS AELUMA	events/2015/Infrasound_Event_12636432
1421956720	2015-01-22T19:58:40	AELUMA event 1421956720	Infrasound	40.13	-73.42	46	EarthScope DS AELUMA	events/2015/Infrasound_Event_12636691
1421959310	2015-01-22T20:41:50	AELUMA event 1421959310	Infrasound	43.92	-76.15	33	EarthScope DS AELUMA	events/2015/Infrasound_Event_12636950
1421960850	2015-01-22T21:07:30	AELUMA event 1421960850	Infrasound	32.15	-78.98	72	EarthScope DS AELUMA	events/2015/Infrasound_Event_12637209
1422494250	2015-01-29T01:17:30	AELUMA event 1422494250	Infrasound	32.95	-81.85	46	EarthScope DS AELUMA	events/2015/Infrasound_Event_12637464
1422495160	2015-01-29T01:32:40	AELUMA event 1422495160	Infrasound	32.48	-79.08	29	EarthScope DS AELUMA	events/2015/Infrasound_Event_12637719
1422499260	2015-01-29T02:41:00	AELUMA event 1422499260	Infrasound	33.0	-79.32	37	EarthScope DS AELUMA	events/2015/Infrasound_Event_12637974
1422544640	2015-01-29T15:17:20	AELUMA event 1422544640	Infrasound	40.15	-72.08	33	EarthScope DS AELUMA	events/2015/Infrasound_Event_12638228
1422992290	2015-02-03T19:38:10	AELUMA event 1422992290	Infrasound	39.15	-74.05	41	EarthScope DS AELUMA	events/2015/Infrasound_Event_12638479
1422994330	2015-02-03T20:12:10	AELUMA event 1422994330	Infrasound	39.53	-73.95	52	EarthScope DS AELUMA	events/2015/Infrasound_Event_12638730
1422999060	2015-02-03T21:31:00	AELUMA event 1422999060	Infrasound	38.92	-73.28	31	EarthScope DS AELUMA	events/2015/Infrasound_Event_12638981
1423000680	2015-02-03T21:58:00	AELUMA event 1423000680	Infrasound	35.32	-78.38	57	EarthScope DS AELUMA	events/2015/Infrasound_Event_12639232
1423002590	2015-02-03T22:29:50	AELUMA event 1423002590	Infrasound	33.83	-82.52	59	EarthScope DS AELUMA	events/2015/Infrasound_Event_12639483
1423008270	2015-02-04T00:04:30	AELUMA event 1423008270	Infrasound	40.3	-72.85	30	EarthScope DS AELUMA	events/2015/Infrasound_Event_12639734
1423010550	2015-02-04T00:42:30	AELUMA event 1423010550	Infrasound	32.77	-80.8	37	EarthScope DS AELUMA	events/2015/Infrasound_Event_12639985
1423015740	2015-02-04T02:09:00	AELUMA event 1423015740	Infrasound	34.5	-80.12	64	EarthScope DS AELUMA	events/2015/Infrasound_Event_12640236
1423088940	2015-02-04T22:29:00	AELUMA event 1423088940	Infrasound	37.68	-81.17	38	EarthScope DS AELUMA	events/2015/Infrasound_Event_12640487
1423243290	2015-02-06T17:21:30	AELUMA event 1423243290	Infrasound	39.72	-73.23	36	EarthScope DS AELUMA	events/2015/Infrasound_Event_12640736
1423257860	2015-02-06T21:24:20	AELUMA event 1423257860	Infrasound	39.92	-73.18	40	EarthScope DS AELUMA	events/2015/Infrasound_Event_12640985
1423262000	2015-02-06T22:33:20	AELUMA event 1423262000	Infrasound	38.38	-73.85	45	EarthScope DS AELUMA	events/2015/Infrasound_Event_12641234
1423340950	2015-02-07T20:29:10	AELUMA event 1423340950	Infrasound	48.55	-70.27	30	EarthScope DS AELUMA	events/2015/Infrasound_Event_12641482
1423670650	2015-02-11T16:04:10	AELUMA event 1423670650	Infrasound	39.25	-75.7	37	EarthScope DS AELUMA	events/2015/Infrasound_Event_12641729
1423681350	2015-02-11T19:02:30	AELUMA event 1423681350	Infrasound	38.87	-74.18	35	EarthScope DS AELUMA	events/2015/Infrasound_Event_12641976
1423681810	2015-02-11T19:10:10	AELUMA event 1423681810	Infrasound	33.97	-78.6	46	EarthScope DS AELUMA	events/2015/Infrasound_Event_12642223
1423682600	2015-02-11T19:23:20	AELUMA event 1423682600	Infrasound	39.25	-74.07	46	EarthScope DS AELUMA	events/2015/Infrasound_Event_12642470
1423685930	2015-02-11T20:18:50	AELUMA event 1423685930	Infrasound	38.3	-74.52	38	EarthScope DS AELUMA	events/2015/Infrasound_Event_12642717
1423686990	2015-02-11T20:36:30	AELUMA event 1423686990	Infrasound	39.25	-74.12	53	EarthScope DS AELUMA	events/2015/Infrasound_Event_12642964
1423688500	2015-02-11T21:01:40	AELUMA event 1423688500	Infrasound	38.75	-74.8	62	EarthScope DS AELUMA	events/2015/Infrasound_Event_12643211
1423697440	2015-02-11T23:30:40	AELUMA event 1423697440	Infrasound	32.43	-79.23	52	EarthScope DS AELUMA	events/2015/Infrasound_Event_12643458
1423702620	2015-02-12T00:57:00	AELUMA event 1423702620	Infrasound	33.17	-80.3	38	EarthScope DS AELUMA	events/2015/Infrasound_Event_12643705
1423866520	2015-02-13T22:28:40	AELUMA event 1423866520	Infrasound	33.43	-82.62	65	EarthScope DS AELUMA	events/2015/Infrasound_Event_12643950
1424166600	2015-02-17T09:50:00	AELUMA event 1424166600	Infrasound	40.78	-79.27	41	EarthScope DS AELUMA	events/2015/Infrasound_Event_12644193
1424205260	2015-02-17T20:34:20	AELUMA event 1424205260	Infrasound	43.78	-73.93	30	EarthScope DS AELUMA	events/2015/Infrasound_Event_12644436
1424272740	2015-02-18T15:19:00	AELUMA event 1424272740	Infrasound	36.58	-76.82	46	EarthScope DS AELUMA	events/2015/Infrasound_Event_12644679
1072	2015-02-24T15:32:00	Stafford Township gas explosion, NJ USA	Explosion	39.69	-74.27	22	EarthScope DS TAIRED	events/2015/Infrasound_Event_12678596
1424812860	2015-02-24T21:21:00	AELUMA event 1424812860	Infrasound	39.77	-73.62	38	EarthScope DS AELUMA	events/2015/Infrasound_Event_12644919
1424896500	2015-02-25T20:35:00	AELUMA event 1424896500	Infrasound	41.92	-80.7	34	EarthScope DS AELUMA	events/2015/Infrasound_Event_12645159
1424998060	2015-02-27T00:47:40	AELUMA event 1424998060	Infrasound	39.3	-82.65	42	EarthScope DS AELUMA	events/2015/Infrasound_Event_12645399
1425271060	2015-03-02T04:37:40	AELUMA event 1425271060	Infrasound	35.47	-77.5	67	EarthScope DS AELUMA	events/2015/Infrasound_Event_12645637
1425272650	2015-03-02T05:04:10	AELUMA event 1425272650	Infrasound	39.23	-73.83	43	EarthScope DS AELUMA	events/2015/Infrasound_Event_12645875
1425938450	2015-03-09T22:00:50	AELUMA event 1425938450	Infrasound	37.05	-77.85	42	EarthScope DS AELUMA	events/2015/Infrasound_Event_12646110
1425949540	2015-03-10T01:05:40	AELUMA event 1425949540	Infrasound	37.48	-74.55	30	EarthScope DS AELUMA	events/2015/Infrasound_Event_12646345
1425950600	2015-03-10T01:23:20	AELUMA event 1425950600	Infrasound	39.83	-72.55	45	EarthScope DS AELUMA	events/2015/Infrasound_Event_12646580
1425996870	2015-03-10T14:14:30	AELUMA event 1425996870	Infrasound	38.38	-73.93	34	EarthScope DS AELUMA	events/2015/Infrasound_Event_12646815
1426217760	2015-03-13T03:36:00	AELUMA event 1426217760	Infrasound	36.25	-77.1	57	EarthScope DS AELUMA	events/2015/Infrasound_Event_12647050
1426245750	2015-03-13T11:22:30	AELUMA event 1426245750	Infrasound	47.15	-75.88	25	EarthScope DS AELUMA	events/2015/Infrasound_Event_12647285
1426247030	2015-03-13T11:43:50	AELUMA event 1426247030	Infrasound	47.2	-75.83	28	EarthScope DS AELUMA	events/2015/Infrasound_Event_12647520
1426278800	2015-03-13T20:33:20	AELUMA event 1426278800	Infrasound	39.48	-73.22	33	EarthScope DS AELUMA	events/2015/Infrasound_Event_12647755
1426279690	2015-03-13T20:48:10	AELUMA event 1426279690	Infrasound	39.1	-73.9	34	EarthScope DS AELUMA	events/2015/Infrasound_Event_12647990
1426284950	2015-03-13T22:15:50	AELUMA event 1426284950	Infrasound	39.93	-72.73	23	EarthScope DS AELUMA	events/2015/Infrasound_Event_12648225
1426537300	2015-03-16T20:21:40	AELUMA event 1426537300	Infrasound	40.15	-74.08	42	EarthScope DS AELUMA	events/2015/Infrasound_Event_12648460
1426538230	2015-03-16T20:37:10	AELUMA event 1426538230	Infrasound	39.78	-73.75	61	EarthScope DS AELUMA	events/2015/Infrasound_Event_12648695
1426543420	2015-03-16T22:03:40	AELUMA event 1426543420	Infrasound	39.97	-73.35	52	EarthScope DS AELUMA	events/2015/Infrasound_Event_12648930
1426552540	2015-03-17T00:35:40	AELUMA event 1426552540	Infrasound	39.75	-72.45	29	EarthScope DS AELUMA	events/2015/Infrasound_Event_12649165
1426956440	2015-03-21T16:47:20	AELUMA event 1426956440	Infrasound	39.23	-73.85	32	EarthScope DS AELUMA	events/2015/Infrasound_Event_12649400
1426962410	2015-03-21T18:26:50	AELUMA event 1426962410	Infrasound	39.68	-73.2	31	EarthScope DS AELUMA	events/2015/Infrasound_Event_12649634
1427255080	2015-03-25T03:44:40	AELUMA event 1427255080	Infrasound	37.15	-75.92	43	EarthScope DS AELUMA	events/2015/Infrasound_Event_12649868
1427290060	2015-03-25T13:27:40	AELUMA event 1427290060	Infrasound	37.65	-74.55	32	EarthScope DS AELUMA	events/2015/Infrasound_Event_12650102
1427290680	2015-03-25T13:38:00	AELUMA event 1427290680	Infrasound	39.53	-73.6	47	EarthScope DS AELUMA	events/2015/Infrasound_Event_12650336
1427293030	2015-03-25T14:17:10	AELUMA event 1427293030	Infrasound	39.87	-73.35	43	EarthScope DS AELUMA	events/2015/Infrasound_Event_12650570
1427293820	2015-03-25T14:30:20	AELUMA event 1427293820	Infrasound	39.3	-73.22	36	EarthScope DS AELUMA	events/2015/Infrasound_Event_12650804
1427295810	2015-03-25T15:03:30	AELUMA event 1427295810	Infrasound	39.1	-73.67	43	EarthScope DS AELUMA	events/2015/Infrasound_Event_12651038
1428358860	2015-04-06T22:21:00	AELUMA event 1428358860	Infrasound	39.28	-74.23	51	EarthScope DS AELUMA	events/2015/Infrasound_Event_12651266
1428368100	2015-04-07T00:55:00	AELUMA event 1428368100	Infrasound	39.77	-73.58	36	EarthScope DS AELUMA	events/2015/Infrasound_Event_12651494
1428454450	2015-04-08T00:54:10	AELUMA event 1428454450	Infrasound	39.92	-73.8	32	EarthScope DS AELUMA	events/2015/Infrasound_Event_12651721
1429762080	2015-04-22T21:08:00	Calbuco volcano, Chile, first eruption	Volcano	-41.33	-72.62	1	EarthScope DS TAIRED	events/2015/Infrasound_Event_12678612
1429762080	2015-04-23T04:00:00	Calbuco volcano, Chile, second eruption	Volcano	-41.33	-72.62	3	EarthScope DS TAIRED	events/2015/Infrasound_Event_12678628
1430912450	2015-05-06T11:40:50	AELUMA event 1430912450	Infrasound	39.37	-72.88	25	EarthScope DS AELUMA	events/2015/Infrasound_Event_12651926
1432170850	2015-05-21T01:14:10	AELUMA event 1432170850	Infrasound	37.87	-74.93	27	EarthScope DS AELUMA	events/2015/Infrasound_Event_12652117
